customer_id,customer_ltv,total_successful_payments,total_failed_payments,average_payment_amount,preferred_payment_method
C00001,44721.72987952053,17,0,4604.723683658152,Card
C00002,15391.144338439599,6,9,2571.0427803019147,UPI
C00003,39620.7717195925,4,3,3812.3639074440553,UPI
C00004,75604.84965564933,24,2,4536.780380601076,UPI
C00005,10842.570353093286,7,4,2871.633682715567,Card
C00006,29902.28713125832,4,2,1249.6372821881475,UPI
C00007,95485.39529082079,16,0,8669.471536304585,UPI
C00008,71998.13519507869,9,2,3281.0937897292893,UPI
C00009,22562.813986041536,11,4,804.3562241462762,Card
C00010,20371.707697265185,6,3,752.6145002741073,Card
C00011,10161.275577243572,9,4,2918.850189938785,UPI
C00012,87291.37424369378,9,2,4951.79915107856,UPI
C00013,51209.459415915335,11,0,5233.336675816058,Card
C00014,31283.090891706528,8,4,2746.316265372584,UPI
C00015,58870.47132602355,15,1,5184.401299950028,UPI
C00016,32466.05259609255,7,2,1762.4568370887805,Card
C00017,7971.11907766762,1,3,2790.0368018202034,UPI
C00018,16750.484016470284,6,1,1915.8501712371806,UPI
C00019,13652.55031706682,5,2,2190.5602814718486,UPI
C00020,78226.37649584212,20,0,21071.371438033544,UPI
C00021,14619.386442697421,6,2,3553.0755806995076,UPI
C00022,35241.74621538119,4,2,3666.0984826081044,UPI
C00023,33028.46648147174,8,3,2130.4283995434166,Card
C00024,144628.82458010345,15,3,19382.77780799249,Card
C00025,180011.54180288067,14,1,21925.98694054148,UPI
C00026,11280.795635296368,10,1,3035.413924954805,Card
C00027,27274.124595038258,8,4,1953.7113701982064,UPI
C00028,64124.524343939054,9,1,5999.02880818657,NetBanking
C00029,9892.711475971655,2,4,2481.7300158608377,NetBanking
C00030,46064.495654429535,13,1,5449.32096586236,UPI
C00031,30038.0593441967,7,2,2650.345046475772,NetBanking
C00032,39792.826977933044,5,3,2058.07988436956,NetBanking
C00033,79818.35856340083,13,1,5150.059803662722,UPI
C00034,46682.84835424667,15,0,1116.9047586210127,UPI
C00035,81944.52681267171,20,1,3180.9862660818,UPI
C00036,244240.51572182417,14,3,12444.373571190821,NetBanking
C00037,29246.68065171418,9,1,1462.7502202325231,UPI
C00038,45554.998651184455,17,2,4605.485535793247,UPI
C00039,10329.352929794972,7,1,1954.395645896673,UPI
C00040,14645.72592453207,11,2,2338.1731456358343,UPI
C00041,33443.57812088315,10,3,1699.381180627899,NetBanking
C00042,38324.13296984118,5,4,981.1125654356331,UPI
C00043,17894.117144246477,4,8,1329.5782882521748,UPI
C00044,13410.990440667141,6,3,2881.2618735036867,NetBanking
C00045,6765.04913273701,5,4,1756.8168469483512,UPI
C00046,88230.62573856804,16,1,4398.981210250567,UPI
C00047,109135.80664548649,14,3,18906.689178011846,UPI
C00048,36304.82802431771,4,4,3644.7631883657245,Card
C00049,51343.91586253961,15,0,5790.494357079307,Card
C00050,71125.5867473832,22,0,1023.8149390802256,UPI
C00051,24099.998606688067,5,2,2875.7013501648166,Card
C00052,86384.14944589775,15,1,2596.2514901583686,UPI
C00053,32469.519951166225,9,0,3140.567613320531,Card
C00054,38772.086556299226,11,2,1319.9411433092228,Card
C00055,238694.02553385997,16,3,11392.55855728049,UPI
C00056,39624.353685727394,11,4,966.1406187945088,NetBanking
C00057,8743.939334586023,2,4,1978.2153217089215,Card
C00058,13900.39831102996,4,2,2724.332212687974,UPI
C00059,34671.252812875915,10,1,2513.165362350037,Card
C00060,35999.75739534016,5,3,3962.0418420777933,UPI
C00061,11094.264288861716,5,1,3535.528332080204,UPI
C00062,57044.355090447774,23,2,4073.321965430807,Card
C00063,16923.803900456758,6,1,1176.5552837638943,NetBanking
C00064,29695.3936750919,10,3,2027.3944038499635,Card
C00065,19526.152013650877,5,3,1526.6990492021796,UPI
C00066,13438.67783981664,2,3,729.8931680105807,UPI
C00067,37912.721903854326,11,1,2108.137502221978,UPI
C00068,30765.220432859158,9,1,2948.6649168597137,UPI
C00069,5541.139310399331,4,8,1454.4300014230098,NetBanking
C00070,19619.726506288105,11,1,2986.0234635534207,Card
C00071,47026.39254143013,24,0,1317.8553347681684,UPI
C00072,233811.56569706034,17,1,23466.89904517325,Card
C00073,7772.606754500101,2,9,2702.1794459763146,NetBanking
C00074,4204.908027423608,5,7,1812.9575409288436,UPI
C00075,11690.139001562286,3,2,3290.95235637517,Card
C00076,17312.79715504282,2,4,1000.1307854996605,UPI
C00077,13128.000647397534,10,2,1916.391406040556,UPI
C00078,18649.77669889658,4,3,3635.5883492719076,Card
C00079,68102.19629825137,22,1,4794.643302502965,Card
C00080,34073.29379363575,11,3,1129.5690321628886,Card
C00081,20060.416582760354,5,3,2002.5754745491445,UPI
C00082,155610.85754304228,20,3,13143.162920703497,Card
C00083,17907.065250973108,3,2,3499.1558791691973,UPI
C00084,221910.5807975389,19,0,25542.516457548805,UPI
C00085,14225.602155262844,4,5,1867.5204853268028,Card
C00086,12648.025927451488,5,4,2022.7810566979415,UPI
C00087,248651.56423284867,12,2,28663.202286828495,Card
C00088,52506.546896883374,16,0,1563.4772123368248,UPI
C00089,89249.77137790606,9,1,3177.802943966569,UPI
C00090,31870.926690956774,13,1,2966.012207234594,UPI
C00091,34290.06934018781,8,3,2193.624722399059,Card
C00092,36906.03285484294,11,4,1719.6504435155646,UPI
C00093,46870.27514084676,8,0,1277.6142714334967,Card
C00094,17109.98283501483,7,4,1663.4448023461973,Card
C00095,25747.446594054116,4,3,2959.1077440257563,UPI
C00096,25283.39574486453,10,1,2113.688069087588,UPI
C00097,32901.624384614464,12,2,4444.227101363787,UPI
C00098,63577.45505179669,17,2,4152.568220384327,UPI
C00099,35937.77118480395,13,2,5481.829021593907,NetBanking
C00100,27270.35235908757,21,1,2012.3240566929258,Card
C00101,8746.996448254627,2,3,2063.941353450597,Card
C00102,38669.36759221465,5,4,1062.7053131111736,UPI
C00103,16011.027036818594,6,8,2006.8900756684004,Card
C00104,78368.96114968444,22,1,5673.988853987207,UPI
C00105,29117.183882364487,10,1,3869.2019395234556,UPI
C00106,66704.59980260805,12,0,2441.5654151129365,Card
C00107,4841.640326488943,1,7,1342.86284549399,Card
C00108,80212.8362723453,24,1,1201.5516286659208,Card
C00109,57959.4250092849,22,2,1110.0656652240045,UPI
C00110,21886.924283524735,6,4,2570.059168738347,UPI
C00111,10184.600213178352,6,7,1831.798262343106,Card
C00112,20779.88803746382,8,3,1461.015455783538,Card
C00113,29567.78354841733,7,3,1684.8008685073319,UPI
C00114,41317.70735372851,18,1,4408.689173396183,UPI
C00115,23740.850091349123,10,4,1803.2499720570136,UPI
C00116,20086.94282566177,10,2,2803.420971667847,Card
C00117,18571.617385107213,5,4,1628.927451353502,Card
C00118,21049.762966835755,4,3,2245.856656183513,UPI
C00119,17524.762292178617,5,3,757.1858179762705,Card
C00120,17062.492222008274,6,2,1106.5254073889973,UPI
C00121,56686.49500276858,24,1,3316.299595397514,NetBanking
C00122,18240.07704255553,8,1,1940.442022479451,Card
C00123,19690.91965016012,4,9,2156.308543175868,UPI
C00124,36756.89969893393,11,1,2264.010254960742,UPI
C00125,11365.238891253217,5,3,681.1204023472615,Card
C00126,11378.857310877816,6,2,3677.6131641764136,Card
C00127,34641.505563897284,3,4,1799.832800186535,Card
C00128,30478.797661913777,19,0,1009.8965409460388,Card
C00129,8718.391815291414,1,3,1278.6485669718058,Card
C00130,16792.190967763214,6,7,846.1608509740786,UPI
C00131,48492.19439712775,18,2,2072.423729679619,Card
C00132,33448.36855285628,11,3,3498.616400650287,UPI
C00133,122314.34645988393,21,2,27976.068597991965,UPI
C00134,16485.52780724001,11,1,3237.7674776281515,Card
C00135,35925.8420460941,10,1,3155.017185302152,Card
C00136,26264.504863390037,7,1,2365.4591424913824,Card
C00137,87403.24589725069,23,1,2068.701875940107,UPI
C00138,30040.712242768754,8,2,3242.7029519310254,NetBanking
C00139,40332.76399258482,9,1,4058.9070554447944,UPI
C00140,32664.558732321708,6,3,3794.523819451702,UPI
C00141,13055.147105013724,6,5,1002.7511609541114,UPI
C00142,23165.85860774935,8,4,1935.7014803780692,UPI
C00143,53135.253793816584,15,2,1660.3711264505457,Card
C00144,84819.48190224984,21,1,1734.6169421295351,UPI
C00145,28043.721391209547,8,0,3060.015133000973,Card
C00146,33646.7532663825,14,0,2188.7928835837183,UPI
C00147,74883.76488201009,14,0,8978.131250370876,Card
C00148,45215.17595713441,22,2,2977.1066265796253,Card
C00149,38612.5115993911,5,1,705.1674385791639,Card
C00150,31267.625122777165,23,2,1846.8344406439514,Card
C00151,38968.68458606254,20,2,1859.2159253823916,UPI
C00152,26922.789728580294,11,1,5836.473156842861,NetBanking
C00153,9748.658714770258,1,4,1787.224887561756,UPI
C00154,21760.604386848558,4,3,2984.677363197344,UPI
C00155,18250.923481125195,3,6,965.7922861147101,UPI
C00156,29463.686362492863,23,0,4535.945330778894,UPI
C00157,228947.08094983638,10,0,14108.019639688002,Card
C00158,34421.41112860729,7,4,3321.39558969321,Card
C00159,3223.348700912361,4,6,1102.6017401010427,Card
C00160,29449.111323774945,14,1,5358.011329585887,Card
C00161,24794.977147887777,10,3,3355.50257562735,UPI
C00162,39065.74707363496,15,2,3761.4084215103408,UPI
C00163,28523.336383888363,22,0,2895.2840632248362,UPI
C00164,9578.743803586953,8,3,3177.5173415676677,Card
C00165,70021.5628118729,13,1,5664.593395662716,UPI
C00166,48458.22748767113,19,0,2450.844630217355,Card
C00167,36106.25531302414,10,2,3624.8220618550636,NetBanking
C00168,8705.369697580752,6,3,2685.386075169704,UPI
C00169,60842.253909437604,20,2,1714.875890744242,UPI
C00170,27540.529643909776,4,4,1224.1355699506266,Card
C00171,34948.80447415037,19,1,3926.37822717433,NetBanking
C00172,5788.895657258152,5,5,1861.038941566936,UPI
C00173,28156.0308584411,10,2,1806.4716389623738,UPI
C00174,15894.964256959265,10,4,2884.3091347008467,UPI
C00175,14988.545220424254,7,3,3058.3751155207065,Card
C00176,49440.77348514559,10,0,2421.2758922473004,Card
C00177,85492.77796781654,14,0,5637.1293191565655,Card
C00178,24444.095732046397,11,4,2645.3606240048866,UPI
C00179,208658.64203750162,12,3,18383.96668451789,NetBanking
C00180,72298.6325528487,8,1,4912.582086151394,UPI
C00181,153640.39883836603,16,1,24820.200178052586,NetBanking
C00182,52486.663452206674,23,1,3572.6403171076095,UPI
C00183,27837.72598045297,4,3,1124.5240932971315,UPI
C00184,92425.13479294132,10,2,18505.459297501162,Card
C00185,19103.54892620571,1,8,588.3102885288345,NetBanking
C00186,49635.99435411388,12,2,5852.812738571065,UPI
C00187,36950.199323640016,3,2,1730.1788260168214,Card
C00188,53096.754729410444,15,2,5477.363593967066,UPI
C00189,185887.13087889313,13,1,23963.53261370837,Card
C00190,37122.16168153548,23,1,1364.2556185438439,UPI
C00191,5396.656435165193,5,8,2147.3521233292136,UPI
C00192,88491.6821362914,17,0,5418.001890685782,Card
C00193,10691.165210165884,5,2,3419.268855616836,Card
C00194,67854.21799075473,21,1,4039.463875186959,UPI
C00195,25882.996565141704,3,3,984.8475028891553,UPI
C00196,23719.65193793393,8,3,2491.635758882193,UPI
C00197,31325.862119476806,8,2,3623.885062556548,UPI
C00198,20378.566388214826,3,1,2394.8162761478584,Card
C00199,35670.66426956281,11,1,1134.2664180766196,UPI
C00200,3173.3107878944174,4,9,1947.4846006248133,NetBanking
C00201,25443.940398617797,8,4,3937.223522190322,UPI
C00202,12441.563865285225,1,3,1578.2463877941414,NetBanking
C00203,34904.51841079453,10,1,1999.8526488123189,Card
C00204,236375.62102544287,21,0,28393.054793637144,NetBanking
C00205,76635.73685937317,10,2,2601.6417142160667,Card
C00206,10514.85588413685,3,3,3662.9554032628607,UPI
C00207,13052.56879664784,5,7,2806.90741609857,UPI
C00208,53015.4709825525,10,1,2588.430032139519,UPI
C00209,13402.782917298722,8,4,2596.5700786063717,Card
C00210,28124.369714581393,15,2,1360.1186557107021,UPI
C00211,8393.658283217435,2,9,2388.915408989733,UPI
C00212,31891.749341817296,6,1,2283.0225920024,UPI
C00213,39450.80941615881,6,2,2050.0384454523273,UPI
C00214,35993.496193961095,9,3,2671.14221986266,UPI
C00215,14855.032675535665,11,2,1505.8083169822069,UPI
C00216,11350.729762101488,6,2,3972.7980623995645,UPI
C00217,33921.207977880396,6,4,3491.967189479421,Card
C00218,20053.66493394349,6,3,1335.3435810066383,UPI
C00219,63248.19828185595,14,0,5653.006317783937,Card
C00220,3784.9206018640643,6,4,2975.0860505553687,UPI
C00221,76331.94955922943,21,2,4056.9001431525385,UPI
C00222,79728.74017567752,16,1,4890.404982925322,UPI
C00223,75708.64672783265,17,2,3107.396784494213,Card
C00224,222772.76479973664,14,3,15951.218806703986,Card
C00225,9675.59645156852,6,3,3420.8088561775944,Card
C00226,17517.781531521337,1,8,972.6436684136537,Card
C00227,11097.705138584734,4,1,2060.7172208641023,Card
C00228,24790.90590886683,6,3,1853.8516162521048,UPI
C00229,82252.17271702623,17,0,5741.586171648178,UPI
C00230,36557.37018108486,3,1,3258.9826314089855,Card
C00231,125247.51062420048,15,3,15164.569633769475,UPI
C00232,87151.06531678906,23,2,1524.0177856696992,Card
C00233,36606.81285554318,10,0,3847.0991670283124,UPI
C00234,31049.744140889172,3,1,2103.5948297437626,NetBanking
C00235,13124.320481457275,6,6,1603.7535964499368,Card
C00236,74182.67957577738,17,0,3005.745021771979,Card
C00237,10375.541063767294,7,3,2809.8537843879567,Card
C00238,80820.20544010599,9,0,5943.470595983814,UPI
C00239,98725.45660922758,12,0,23418.01335679071,UPI
C00240,25086.020539840993,16,2,4271.285046558789,Card
C00241,59960.1279159373,9,1,1069.061833850631,NetBanking
C00242,13926.851717067904,8,2,702.1763027046081,Card
C00243,32426.279911388454,5,1,2532.175010709594,Card
C00244,43548.27248912865,19,2,1304.1658714314299,Card
C00245,54623.83505129217,9,1,3344.901924705407,Card
C00246,29200.095669245246,4,3,1480.711694505736,UPI
C00247,82152.64365483721,9,0,3651.7543646890417,UPI
C00248,61074.79038664974,15,0,5575.113010870894,Card
C00249,100001.19856595606,8,0,11917.893054016391,UPI
C00250,85086.84046099774,15,0,12686.427836309504,UPI
C00251,57432.141308373364,18,0,4866.802894707063,NetBanking
C00252,10957.923017017067,3,9,2670.7039148207077,UPI
C00253,42380.42317213895,22,0,4054.8640760666344,Card
C00254,86731.16364610594,24,2,5729.8255861869475,UPI
C00255,26364.64890489259,6,4,957.8691027322704,Card
C00256,4242.498570683622,3,4,1259.2323212506647,Card
C00257,62254.64391123405,11,1,4771.918487640398,Card
C00258,9692.169298631612,4,1,1127.5599780925488,UPI
C00259,31262.527455565843,10,1,4014.7744100922796,Card
C00260,26012.1418064689,5,4,1866.1741519187754,Card
C00261,36179.522945873636,4,1,3888.8306472473146,UPI
C00262,25345.448358770584,12,1,5518.414540475927,Card
C00263,33612.113800239174,10,3,3155.3214137342065,Card
C00264,133009.91253717622,9,2,25317.97868862292,UPI
C00265,64332.86499495785,23,1,1553.1676787456304,NetBanking
C00266,15360.747176294173,3,9,2411.747551967017,UPI
C00267,57869.160660055735,21,2,1773.121445178735,UPI
C00268,35528.47963369879,8,1,2952.2032656982897,Card
C00269,34090.96778256654,11,2,2487.033142331109,UPI
C00270,22819.03733924,7,3,3273.0428222650353,Card
C00271,244105.85910216597,12,3,28893.070273167228,Card
C00272,34551.890297935985,8,4,2455.9367921980975,NetBanking
C00273,88417.83455481377,10,2,1869.7491539008395,UPI
C00274,43529.92550660686,21,2,1196.165976142042,Card
C00275,39021.42545248258,5,1,2932.373754221016,NetBanking
C00276,32349.24988140536,6,4,3172.565994719357,Card
C00277,37338.25792401662,6,4,2408.424662158947,UPI
C00278,68655.67749579935,9,2,3896.318750828958,UPI
C00279,31672.176792692666,22,2,3510.0992179720943,UPI
C00280,71529.87071964325,9,0,2539.951692101091,UPI
C00281,43109.54978321631,12,2,5954.331200232098,UPI
C00282,18549.079146921795,10,4,1506.6603282131716,UPI
C00283,22358.131001729293,6,2,1726.8443612014155,UPI
C00284,9604.128670094013,6,1,2664.646575466366,UPI
C00285,8773.990553786536,4,6,2318.6421563669146,UPI
C00286,74537.75235930184,15,0,3217.8867211520355,Card
C00287,52757.790539060996,19,0,3521.4912103751467,UPI
C00288,103280.92174044374,15,3,13279.08798298235,UPI
C00289,7639.977510662579,5,6,889.7292508893513,Card
C00290,16586.79004806205,11,2,2123.437176672447,Card
C00291,32298.812628901127,6,3,3290.4538052768153,UPI
C00292,37605.833115123736,3,3,2123.6355405004733,UPI
C00293,74932.92635040653,8,1,5810.212102995776,UPI
C00294,24744.41526053166,7,4,2154.1493181989736,UPI
C00295,64606.23198231919,22,0,3053.7523738115733,NetBanking
C00296,11909.934967872938,6,8,2671.5115254593175,NetBanking
C00297,36909.43643344743,6,1,1386.713179569907,UPI
C00298,69911.00053195299,19,2,5086.718646780079,UPI
C00299,8351.197568275193,1,6,2766.860514182043,Card
C00300,94549.79179504336,13,2,8979.88443981119,Card
C00301,87546.65639033577,18,1,5193.876890844776,Card
C00302,63030.438424121116,12,1,4810.200603566297,Card
C00303,60543.097638887935,21,1,4859.723249580566,Card
C00304,85065.30042031378,10,2,2592.8046010848548,UPI
C00305,35171.02507404256,9,1,3887.1216707405683,NetBanking
C00306,42391.083700851974,8,0,1606.5640025489233,Card
C00307,81504.4599699827,18,0,4873.1397251027265,NetBanking
C00308,38105.72432838737,4,3,1576.80537935011,UPI
C00309,36502.76067840951,17,0,5014.860492678688,UPI
C00310,9875.468827953597,4,3,2586.120086015376,UPI
C00311,72572.5936644195,10,1,3644.6877283220983,NetBanking
C00312,40809.69873481378,16,1,1722.271160131325,UPI
C00313,27219.130391889084,8,4,1493.4948997907368,Card
C00314,82261.92062261795,19,2,5939.690478562739,Card
C00315,39181.33687567417,24,2,1284.034011476783,Card
C00316,83595.45464131238,19,0,4575.5383309501685,UPI
C00317,32761.388253331104,21,1,4784.4616208928965,UPI
C00318,71623.99667191491,16,1,3533.6940099647472,NetBanking
C00319,65563.11772396963,20,0,4351.552486317234,UPI
C00320,88280.4276674797,13,1,2985.696113940502,UPI
C00321,25884.18372297799,9,1,3082.4614108110645,Card
C00322,68756.20787532022,23,1,4090.900159569751,UPI
C00323,11399.240483396045,5,8,1156.7136736130963,UPI
C00324,20235.16922389565,6,3,1971.3598736024833,UPI
C00325,18784.38475203241,6,2,3814.5936320091887,UPI
C00326,17506.932695200852,5,1,3351.4394188363085,Card
C00327,86387.91795593617,18,1,2131.85145880552,UPI
C00328,14426.562492165278,6,8,654.5786072484045,UPI
C00329,12901.78680994659,3,8,619.561386984989,UPI
C00330,12452.312039601224,10,2,1263.748704429107,UPI
C00331,147448.23352104257,17,1,21394.493912517413,Card
C00332,201412.99620245473,13,0,13973.758227990995,UPI
C00333,5706.1061617389005,3,4,1292.215958367517,UPI
C00334,5161.8999971244275,6,5,1156.2331945975977,UPI
C00335,11993.34030791055,6,3,1351.6188379182963,Card
C00336,17347.421755329055,3,5,1171.019346255086,Card
C00337,23835.644612829266,9,1,2945.423745143601,UPI
C00338,37528.427653885214,3,3,1854.713881355746,NetBanking
C00339,49809.336923274415,11,0,3378.999525359244,UPI
C00340,35358.70447898465,19,0,5126.097394398116,Card
C00341,15176.958574683296,10,4,1320.4312925511344,Card
C00342,46328.390597845995,11,1,4216.587114896389,Card
C00343,25857.945706618084,20,2,1233.2878651835413,UPI
C00344,18843.933368707905,5,1,3430.645833194709,Card
C00345,63302.690988614006,10,2,3420.8097699359787,UPI
C00346,87390.24178739934,8,2,1729.31713747725,UPI
C00347,19772.32800563332,5,8,2048.4498738195475,Card
C00348,10986.509598284065,3,2,2305.745713935271,Card
C00349,87648.70294706692,13,2,1154.6182123372453,UPI
C00350,15367.349486534775,10,1,1796.5552849570386,UPI
C00351,5645.650568778567,3,8,1572.225928981896,NetBanking
C00352,10162.288202337098,4,2,2003.1116400690821,UPI
C00353,35042.227217376654,19,1,3366.865635155962,Card
C00354,39376.497179505495,12,2,5995.697742840036,UPI
C00355,191108.98068787658,19,0,23670.494543620276,UPI
C00356,53350.4771964052,9,2,4918.642278289844,Card
C00357,15403.951448839116,3,6,1590.5776352985104,Card
C00358,6027.330730611835,3,9,1856.4235482000418,UPI
C00359,41432.138617154145,22,0,5846.389553279361,UPI
C00360,39833.6194517992,5,2,3591.72975076371,Card
C00361,39054.97834391949,10,3,2319.035782119444,UPI
C00362,3447.382509013723,4,3,1024.2540767933274,NetBanking
C00363,83579.21835084166,16,0,4783.86416861026,UPI
C00364,24129.259982866657,8,4,2495.5166634334264,UPI
C00365,248791.70829782868,21,1,20268.462301365056,UPI
C00366,32622.38306452074,5,1,2521.1191735388584,UPI
C00367,10992.98235682043,8,2,2188.4032180308623,UPI
C00368,39428.46856101103,3,2,3191.648291954857,UPI
C00369,30361.841946305693,16,2,4155.615210318136,NetBanking
C00370,81362.81634533097,11,2,4992.6475311471095,Card
C00371,37428.22712512897,6,1,2090.7764781994,Card
C00372,41017.88792756524,9,2,2291.303443360935,Card
C00373,8865.636019079531,4,4,942.9342929785986,UPI
C00374,44248.29016975547,8,1,5918.388985792335,UPI
C00375,34399.362756048744,21,0,4976.676046162349,Card
C00376,34209.50329051756,6,4,2007.711227731851,Card
C00377,34500.45433712611,8,2,1732.5613101673944,UPI
C00378,44602.8423721487,18,2,2069.4570282604136,UPI
C00379,52604.21072513481,19,2,4878.904416674528,Card
C00380,18637.049941068693,1,4,786.1333426898268,Card
C00381,227135.1140444567,18,0,23353.59702456675,Card
C00382,24649.923493898976,11,1,1227.9631299889295,UPI
C00383,20049.131924942685,3,3,2357.7932887352845,Card
C00384,26451.954550392413,9,2,2723.5907664239503,NetBanking
C00385,64343.98723727428,16,2,3072.013488514173,UPI
C00386,31882.070457561604,17,1,2730.1783299498907,UPI
C00387,61060.41362141296,13,2,2214.251025551679,NetBanking
C00388,32561.116385576574,12,0,5190.261897060645,UPI
C00389,57602.876983022055,13,1,5994.194666431642,UPI
C00390,23897.139629985606,10,1,3604.146129567333,Card
C00391,28963.8297591798,15,0,5939.098637259471,NetBanking
C00392,32491.363915675567,5,2,3112.222892482443,UPI
C00393,10464.757920731976,9,1,1524.5628564978856,Card
C00394,66651.97382603213,17,0,2117.8916091115734,NetBanking
C00395,14556.283342752917,9,2,1888.932290536595,UPI
C00396,57647.07749192254,10,0,5819.219478900005,Card
C00397,39406.669472063484,7,3,3623.9882697255634,UPI
C00398,34485.49029181001,18,2,5275.028107751642,UPI
C00399,60254.086427722876,15,2,5590.397041259331,UPI
C00400,109470.22063517416,11,0,28445.634047742657,NetBanking
C00401,5404.678317770646,5,7,1307.151810171023,UPI
C00402,24752.81163426651,9,4,2246.772911587437,Card
C00403,60202.45524413831,22,2,1110.6929748848183,UPI
C00404,33411.66366710789,4,1,3296.657846373678,Card
C00405,16061.555787791807,7,1,2142.5949495535506,UPI
C00406,36891.31933275218,4,1,2556.616388915503,Card
C00407,21349.0079379006,9,4,2237.3101948709127,NetBanking
C00408,74604.18201212466,10,2,3539.831474700832,UPI
C00409,31140.94227515926,8,1,3254.1060176004708,UPI
C00410,29669.7479873897,3,2,1310.1409290314327,UPI
C00411,51174.28541590815,9,2,1708.342731521771,UPI
C00412,29424.893550938315,4,4,1805.9918449656448,UPI
C00413,73895.96978944623,11,0,3525.0009456062116,Card
C00414,12064.045589857533,3,7,734.9603569355069,UPI
C00415,83709.71026503183,22,1,5620.261867891367,UPI
C00416,13845.520968464985,9,2,2122.7022652491805,UPI
C00417,25953.488372379397,3,3,3443.901085528187,UPI
C00418,10257.060845504564,2,7,1709.8149811243243,NetBanking
C00419,23102.551522925118,3,3,1012.0365310718776,UPI
C00420,59727.46516626967,8,1,3627.427625521325,Card
C00421,30750.2047924292,7,1,2728.9278746725395,Card
C00422,48675.58681333993,11,2,1615.559084719126,Card
C00423,59552.07520025898,13,1,4516.590670500445,NetBanking
C00424,189876.0624541094,21,2,14981.801731408514,Card
C00425,52745.189835953526,21,1,5380.180077909529,NetBanking
C00426,37358.434325580034,8,1,2723.7767629430728,Card
C00427,32938.51087125804,5,3,3918.9018012294177,Card
C00428,29143.963615925044,10,4,2036.7423425585018,UPI
C00429,77485.99068371294,14,1,1320.2925789244898,UPI
C00430,7565.680670762603,2,7,1951.9366945294414,NetBanking
C00431,8255.124437707876,4,6,551.6600080235119,UPI
C00432,20147.181159741038,3,4,3263.3633172182263,UPI
C00433,5686.388217171011,3,3,507.7566396156789,NetBanking
C00434,8325.079973675556,9,2,1289.2624640595136,UPI
C00435,15038.63926981846,4,9,1384.141877441994,Card
C00436,33714.14697875601,5,1,2007.1992009952496,Card
C00437,31983.97376393379,11,4,3027.1877344758054,Card
C00438,196011.11934696356,15,0,14208.235638392161,UPI
C00439,46696.29650736427,10,1,5654.235297309542,Card
C00440,57644.126367428835,19,0,2208.009860370127,Card
C00441,14156.55475358676,8,2,2300.578429738262,NetBanking
C00442,15855.65123032097,4,8,1454.1963623186389,UPI
C00443,44390.34298556793,14,0,5051.25178068043,UPI
C00444,61980.49974150929,21,0,5692.99912353027,NetBanking
C00445,13346.849319723255,5,4,3353.2987491338586,Card
C00446,21327.894973029564,11,3,1364.3306053022213,UPI
C00447,75927.2560281179,21,0,3425.3146565653506,UPI
C00448,56573.31496765444,21,0,4877.251531291799,UPI
C00449,12213.692657707372,6,4,934.1345498604646,UPI
C00450,83756.62774373949,8,0,3895.6989957013125,Card
C00451,33730.666253168514,9,3,795.9365932578005,NetBanking
C00452,16789.809059762956,1,3,2844.0146491241667,Card
C00453,126130.23307015501,14,3,23553.614100700157,Card
C00454,32502.250973771268,6,1,1116.4244956847233,UPI
C00455,13746.222103912834,10,1,2448.440460848081,Card
C00456,11812.889074600962,1,3,2120.414918724994,Card
C00457,3028.370454284263,5,4,2777.357716686978,NetBanking
C00458,76479.08648239772,16,1,5519.593191481188,UPI
C00459,9329.5012504475,10,3,1946.9272114821451,Card
C00460,17656.224535755333,2,8,2109.558261229296,NetBanking
C00461,9913.083540704063,3,9,845.0596481601301,UPI
C00462,12835.153572598483,8,2,807.7714587967641,UPI
C00463,10832.131436092986,9,2,3866.2600324452824,UPI
C00464,80378.99235731785,9,2,2629.963687033948,UPI
C00465,208571.50252755187,18,3,26568.030638913762,UPI
C00466,28181.115522837834,15,2,1734.8366135870854,Card
C00467,195970.13948978792,21,2,22982.030229640834,UPI
C00468,18890.016224444007,6,8,1663.230831466142,UPI
C00469,52208.45482482027,16,2,5081.353834155945,Card
C00470,34720.84737885893,7,1,1523.3517929035843,Card
C00471,37872.768960982066,18,0,5261.714124977947,UPI
C00472,14380.174125599659,3,2,1443.456050443419,UPI
C00473,62905.953942705084,24,0,2144.552916255468,UPI
C00474,51472.9677312677,14,2,4136.127193270515,UPI
C00475,210711.29421726125,17,0,24369.248426964514,UPI
C00476,12964.65998261157,4,1,2774.367725487791,UPI
C00477,37107.099797250135,15,1,2412.8822968860372,UPI
C00478,20995.77991942035,7,4,3219.247082192958,Card
C00479,34851.87390379871,22,1,1459.9587402862298,Card
C00480,24250.905301149847,9,2,720.1319498058663,UPI
C00481,32682.80986086945,5,1,2951.8096008091698,Card
C00482,8051.047883485495,5,1,2929.7857994204383,UPI
C00483,23972.52816230784,11,1,1529.934356229725,Card
C00484,52011.65976723022,11,2,5251.74627042711,UPI
C00485,26693.22299900009,7,2,1555.613553263394,UPI
C00486,13665.190293814343,3,7,2656.952333727745,Card
C00487,32338.38524254641,7,1,2044.6173331563516,Card
C00488,79488.27677623759,11,0,3928.961446437823,UPI
C00489,71438.33436495397,24,2,2251.435989740724,UPI
C00490,14457.996886867244,1,9,1040.683190409378,Card
C00491,61328.81421539393,8,1,4986.9046353841095,UPI
C00492,20829.292960325045,10,2,868.6772850708171,UPI
C00493,45305.862927497335,24,1,3607.1980405804143,UPI
C00494,34040.42166565684,23,1,2841.467695566108,Card
C00495,38501.73430901414,3,2,2011.868762424751,NetBanking
C00496,10835.408776256198,3,2,2816.858718073607,UPI
C00497,51490.12455738308,12,1,3872.4186898710172,Card
C00498,8725.890257866093,4,3,2979.470879964495,Card
C00499,13870.999937175726,4,5,2960.7259116328373,Card
C00500,23414.498416152936,8,2,922.0986664004945,Card
C00501,73622.55388048093,24,0,2826.0501063939664,UPI
C00502,6560.132639036392,1,8,1580.5214786937108,Card
C00503,36740.59030696341,5,1,3216.2837759716554,UPI
C00504,117921.07316577603,9,1,23162.315600963597,UPI
C00505,64240.126624530545,13,1,1190.9142651099587,NetBanking
C00506,49697.85203349924,10,2,1411.0611856863939,UPI
C00507,34104.36172809667,22,1,1360.5700812300872,UPI
C00508,78998.48391970035,11,1,22252.619941249282,Card
C00509,26514.306024485908,8,3,2186.954045449371,UPI
C00510,22343.188266547477,4,4,2155.9765381612983,Card
C00511,39744.74345669466,11,3,2366.3594785318983,UPI
C00512,39841.83411606483,9,1,2424.9372016666966,UPI
C00513,67550.1491662653,21,0,3212.6938998226315,UPI
C00514,73490.72855438734,17,0,3516.516883175921,Card
C00515,38216.01205953999,11,4,2850.4426385128963,UPI
C00516,63739.519025078414,8,2,3015.3764241412164,UPI
C00517,14972.960097924353,9,4,1755.0363243646311,UPI
C00518,26659.000015710015,10,3,2969.4046771265266,Card
C00519,70602.84723982884,19,2,1100.8688700572602,UPI
C00520,32259.645038584455,4,1,3996.0560419518556,UPI
C00521,50645.311628577096,8,0,5404.115140766327,UPI
C00522,32644.32455762178,7,1,786.3417547879343,UPI
C00523,29307.018249742483,6,4,1800.8204894161076,UPI
C00524,78527.93550255091,14,0,5182.843319217415,UPI
C00525,192928.02904441222,14,2,28882.673946907362,Card
C00526,88593.42427573155,13,0,2648.5282133870483,Card
C00527,10335.862829410082,5,3,2071.8623579227656,Card
C00528,10453.976242331677,4,3,3942.4082484351634,UPI
C00529,14670.232363211184,1,7,589.0983974284068,UPI
C00530,17150.947299175394,5,2,854.2415677949862,Card
C00531,19707.692843876106,6,3,3483.5539999345947,UPI
C00532,10441.48575592897,11,1,813.5017397815549,Card
C00533,9008.683930521287,7,3,1321.284604722507,UPI
C00534,4060.5605692484764,2,8,1041.0008102517438,UPI
C00535,14987.131759896802,5,1,1272.0301965988754,UPI
C00536,17007.799330079208,4,3,1769.1486967044973,UPI
C00537,42653.770992500475,22,0,5457.822476822935,Card
C00538,75365.75685869888,11,1,4346.998309736602,Card
C00539,40470.13813779883,11,1,3835.7712479945653,UPI
C00540,33184.452867590546,21,1,5018.729394570004,Card
C00541,27607.949627321912,20,2,2410.830219390128,UPI
C00542,13459.745611009721,4,3,2244.892918991607,Card
C00543,33466.85466002319,8,4,3451.5239153754424,UPI
C00544,34689.69436432148,11,2,2815.4153228284354,NetBanking
C00545,41783.89727682965,8,1,3492.335593390987,UPI
C00546,12691.490055158734,3,3,1197.9208979985406,Card
C00547,68751.9839541925,20,2,2651.4995985201913,UPI
C00548,44951.73490495866,23,1,5444.155349271071,UPI
C00549,41637.676727902974,16,2,1990.6155792656336,UPI
C00550,19855.956777597003,3,3,878.7004283427725,Card
C00551,60069.7179617091,15,2,5003.674726076505,UPI
C00552,6489.260550252371,1,8,2614.148814922352,UPI
C00553,14810.587254249767,10,2,805.4688144528552,UPI
C00554,78806.8774581026,19,2,3374.912633829806,UPI
C00555,38888.919826219084,18,2,1097.148990481704,NetBanking
C00556,25665.328738536682,15,1,5271.8820794082485,UPI
C00557,38475.8473417636,14,2,2183.2602222437054,UPI
C00558,8058.9055676666,4,3,2516.691534961508,UPI
C00559,18938.466533151557,7,3,1644.6384653492491,Card
C00560,28118.100172724236,7,3,1211.9608316242156,UPI
C00561,72294.16791726643,13,0,1982.491850043153,UPI
C00562,22206.177603745826,8,4,3362.6117324630677,UPI
C00563,8331.15354262753,8,4,1090.9009163224496,Card
C00564,56142.44017301645,9,1,3480.785301580081,UPI
C00565,47545.59214315146,20,1,1512.7069771040037,UPI
C00566,23291.564583125415,7,4,2442.099095529929,Card
C00567,46529.66547994615,20,0,3802.990327743583,Card
C00568,27401.404391750086,4,3,3824.7759403444666,UPI
C00569,59355.68900902069,15,0,4821.5121740448285,UPI
C00570,36065.872460488405,4,2,2685.2216168861996,NetBanking
C00571,28381.328998224304,10,1,3115.4165278414384,UPI
C00572,26183.342648695005,3,2,2584.0585035560853,UPI
C00573,64510.299533619465,16,0,3726.5394568654506,UPI
C00574,7744.316584468608,5,5,1438.7044567109078,UPI
C00575,32135.130420427813,20,0,5432.147339985316,UPI
C00576,13024.329472653131,6,4,2172.988911691128,UPI
C00577,31145.24071580283,4,2,847.8870262089979,Card
C00578,46257.52877658924,20,2,5186.126511132625,Card
C00579,43226.95242175002,16,2,4227.867454993108,Card
C00580,11313.490340336364,6,2,1907.736602615922,UPI
C00581,16188.518040461606,2,5,1951.3204346478365,UPI
C00582,49809.28987519929,15,1,5863.3315184639705,Card
C00583,77992.52230460168,18,2,5593.404506191203,UPI
C00584,57565.67263416227,18,0,4486.141187468076,UPI
C00585,21792.141314996843,6,3,3860.046277385196,UPI
C00586,30367.623562639335,8,1,753.8035832932064,UPI
C00587,5987.09675857997,5,8,2383.2069479347665,Card
C00588,58816.28721116642,19,1,5724.717798071623,UPI
C00589,13671.52742869925,5,1,3829.860468997789,UPI
C00590,6093.0394167485165,6,8,1570.226489397143,UPI
C00591,26044.631185793023,3,1,2695.3337866972306,Card
C00592,5202.2289742632365,6,7,1646.3257098490833,NetBanking
C00593,27554.20156003724,6,1,2288.6626674400577,UPI
C00594,75875.53401002241,9,0,4984.829306553629,UPI
C00595,85511.4766784077,13,0,4863.859523900239,NetBanking
C00596,79819.34312600341,9,1,1128.4042260652946,UPI
C00597,59064.338772040144,13,1,4749.2436070151725,Card
C00598,30604.989051446893,13,1,1873.6051753288953,NetBanking
C00599,33944.91939076235,19,1,2296.0973043969043,Card
C00600,164581.58964766987,14,2,24776.001176951322,UPI
C00601,9599.837162012325,10,3,904.7596920324797,Card
C00602,74016.50825126765,11,1,2753.4880253982515,Card
C00603,11761.371166419007,4,4,2480.4026397200805,Card
C00604,20849.738047997245,8,1,3453.931905164884,Card
C00605,20521.173366295712,3,2,3290.3888228545725,UPI
C00606,55037.61325876344,16,2,1149.1690446439015,Card
C00607,10050.76894162575,9,2,2868.6349352074867,NetBanking
C00608,23495.685072223212,3,1,1318.9733698588389,Card
C00609,57563.98548256949,16,1,2076.4123713773597,UPI
C00610,27253.39376494239,19,2,5361.211854478332,UPI
C00611,82933.43882109436,11,0,4888.932693788745,UPI
C00612,161364.83061360405,12,3,28249.610337346472,UPI
C00613,21563.386563413897,7,2,3570.1947768553014,UPI
C00614,80768.21429284802,16,1,1027.3941098801977,NetBanking
C00615,39581.699901743894,23,2,5193.164473542133,Card
C00616,23755.869746011158,7,2,3198.9676845462177,Card
C00617,37937.77324096182,11,4,3553.3986734901214,UPI
C00618,72038.12106161904,17,1,4445.534717889481,UPI
C00619,88225.27134418752,19,0,1442.4656420235583,NetBanking
C00620,24659.22942019154,6,1,1461.2220501129632,NetBanking
C00621,39336.57353348577,11,1,2123.3644589477035,Card
C00622,129840.49721555188,12,1,22648.39520804578,Card
C00623,6961.643196377428,4,3,982.3382328222956,UPI
C00624,71321.52263491627,19,2,1850.515224496206,Card
C00625,9375.441347184878,5,4,1374.4172689989005,UPI
C00626,15320.696085467556,3,1,2741.2614288468844,Card
C00627,63640.27261751855,18,0,2676.4830770687486,Card
C00628,79618.56312024832,17,1,1032.3050373064343,UPI
C00629,34355.21250164062,5,4,2943.461105250796,Card
C00630,242894.31263770774,20,0,14392.005259019155,UPI
C00631,12818.810898868542,2,9,2697.3462683941643,UPI
C00632,17511.810758124397,2,9,1806.5042766260194,UPI
C00633,79929.93727880329,10,1,8456.931681806655,UPI
C00634,242418.84791446966,18,1,16072.347941055148,NetBanking
C00635,69554.26958034489,12,1,4764.231876045764,Card
C00636,45620.441199632915,24,1,1840.0243274263912,UPI
C00637,39363.138550080694,6,2,1370.5947780773045,UPI
C00638,50981.868460374084,15,2,4289.553181040461,Card
C00639,6550.653960862589,3,5,1537.9135663026561,UPI
C00640,84412.767825742,9,2,1484.3540195132084,UPI
C00641,52512.48173174867,11,1,4914.3484759730545,NetBanking
C00642,21313.608779262264,3,4,2669.1233183186177,Card
C00643,36901.45846881029,3,4,3055.818364980372,UPI
C00644,16961.390278264982,9,4,3776.3296871795756,UPI
C00645,34760.36263084921,5,3,1143.9440775146838,UPI
C00646,38824.76378780491,3,1,1309.4297541559527,Card
C00647,6222.798907381473,4,8,532.3154922135483,NetBanking
C00648,27912.57956235699,5,2,1859.1703426651488,UPI
C00649,31295.998440941046,5,4,2167.5559000563403,UPI
C00650,6899.167426734557,3,7,2675.3259380190893,Card
C00651,57059.13479400937,10,0,1213.2048944351127,Card
C00652,18321.31988598666,7,1,2527.8065146521753,UPI
C00653,27389.7295824998,4,2,1875.8329565799327,UPI
C00654,66725.80468810606,23,2,1160.9890415978216,UPI
C00655,27087.031371177607,5,3,2412.6697287467487,UPI
C00656,42103.70466479648,24,0,1527.9427713478851,UPI
C00657,55769.04636912613,21,2,4109.986834729533,Card
C00658,34170.971169053795,15,1,5833.302787475182,UPI
C00659,25043.26495400248,11,2,1151.0095043363497,Card
C00660,63625.065888636025,16,1,4862.003138413148,UPI
C00661,24005.89025508538,10,2,2232.9679287156914,Card
C00662,79713.75224914865,18,2,3236.064958925373,UPI
C00663,76939.97374047828,22,2,4733.986890000309,UPI
C00664,64598.04894625609,20,2,3531.8022003120223,NetBanking
C00665,31732.35942264233,5,4,1012.2666247764269,UPI
C00666,45160.96641600586,19,0,2174.145549920727,UPI
C00667,30490.397391044608,5,2,1572.4734624350592,Card
C00668,54060.24399717582,20,1,3338.401540643018,UPI
C00669,82295.27037604783,8,2,4317.281560163432,Card
C00670,25464.831243036693,10,2,1302.342386581189,Card
C00671,4848.015815412897,2,5,926.2501380767483,Card
C00672,77686.22447356994,20,0,5955.846944847647,Card
C00673,75003.09609878494,10,2,2213.4470500188177,Card
C00674,31521.60962051229,3,4,3218.762222421052,UPI
C00675,12831.83895264467,8,4,2611.276231812425,UPI
C00676,13918.668346928542,4,3,3622.594242006386,UPI
C00677,33245.13778678335,7,2,3392.6764460377008,Card
C00678,17290.47099701049,4,9,2471.339678033053,UPI
C00679,54581.74129594371,19,1,3157.274459865011,UPI
C00680,35186.82535219035,8,3,3462.3157059660275,UPI
C00681,46270.856267572,21,1,4754.722372030892,UPI
C00682,51166.7904349366,24,1,1995.0872082726014,UPI
C00683,88385.45828656679,19,2,3627.008402795023,UPI
C00684,8980.747164599186,2,8,2007.087172564391,UPI
C00685,32988.65323946692,8,3,1764.5098477734118,UPI
C00686,10862.24987430216,11,3,3955.4188062740313,NetBanking
C00687,57262.31765285964,16,2,2756.148266669252,Card
C00688,68132.19422305218,14,1,3627.0352617445474,UPI
C00689,67836.02877083726,12,0,2560.089638200051,UPI
C00690,25465.991629743334,7,3,829.0835204147427,NetBanking
C00691,13545.482782965526,5,2,2930.847781030868,UPI
C00692,33850.02874683289,6,3,1220.1943041395052,UPI
C00693,15013.491127961926,7,2,2997.4831229362303,UPI
C00694,10234.218564264998,4,6,2457.551462125617,Card
C00695,12575.329667834449,11,2,2953.7618344351577,UPI
C00696,13412.566618822042,3,6,2493.4237736803575,Card
C00697,61131.37983307878,18,0,1514.2163724289417,Card
C00698,88602.7434092912,23,0,2880.131628730399,NetBanking
C00699,27940.678805093477,8,1,3297.0783940608453,UPI
C00700,40932.667913269746,19,2,2224.9092132111373,UPI
C00701,16313.721336627548,4,4,3111.600403837655,UPI
C00702,48707.65855423224,11,1,2261.8296545439807,Card
C00703,30346.96337140489,4,1,2323.7106929247657,UPI
C00704,4886.6788825451695,2,6,1571.0998690093406,Card
C00705,77874.09161495962,21,2,5491.484966191827,UPI
C00706,58987.55665218692,24,2,5121.126923401098,UPI
C00707,22940.21190962455,8,4,893.2362330964459,NetBanking
C00708,75061.89271099836,24,0,5797.199992503222,UPI
C00709,71663.27680613741,13,2,5935.311750907666,UPI
C00710,8726.532345205203,9,2,1357.4998072516285,UPI
C00711,29052.85973833693,8,1,2394.116684563075,Card
C00712,35998.02186508565,5,1,1446.3246841056152,UPI
C00713,10699.877437066254,3,8,792.8085126770391,UPI
C00714,40097.72829627353,17,1,1181.3036468875296,UPI
C00715,31821.19664340379,11,2,3659.6489078049967,UPI
C00716,12903.782175814595,8,4,3084.6213849819624,UPI
C00717,32519.21785324542,24,0,5964.914387190577,UPI
C00718,8023.258237409848,11,1,3362.32895374331,UPI
C00719,65272.568176912646,11,2,3190.334432780628,UPI
C00720,11486.018658253552,1,4,2782.2924322204517,NetBanking
C00721,30595.66888692265,24,0,1008.9644079904944,UPI
C00722,26899.068245729028,3,3,3693.0603267732695,UPI
C00723,22389.2203339115,4,4,1630.2110772916672,UPI
C00724,26240.51383268236,11,0,3954.1340428238955,NetBanking
C00725,16877.017072418486,2,7,547.0336049399408,UPI
C00726,108466.6054995453,9,1,28699.646564721646,Card
C00727,24539.65385379513,3,4,3320.1876535448723,Card
C00728,38405.966658857964,10,1,2022.4670145105763,UPI
C00729,23050.250477906295,11,4,2594.7750796230075,UPI
C00730,85009.64310609412,8,0,2884.4698226217665,UPI
C00731,30793.687225473623,4,3,1170.7538292404256,UPI
C00732,41341.83720398312,8,1,4854.42183652052,NetBanking
C00733,18593.16183690817,2,9,556.0621123315414,UPI
C00734,60893.28031105599,12,0,5136.152896583462,UPI
C00735,36044.85083825014,10,1,4832.64457342942,Card
C00736,66627.83188392888,23,2,2742.3875458384646,UPI
C00737,10337.778031607622,6,9,2229.4027448235547,Card
C00738,34766.219751277866,5,3,3134.992080318299,UPI
C00739,70974.15300709938,23,0,4240.641072164845,UPI
C00740,81821.37932773324,16,0,3685.537648711031,UPI
C00741,42900.004630607604,19,0,3405.703766006378,Card
C00742,24572.272118613822,11,1,2135.1604857919,UPI
C00743,9144.503116540911,7,2,960.9085578603969,Card
C00744,38161.13800775433,6,1,1440.6224714774892,UPI
C00745,42070.80661260983,15,0,3172.9310457808638,UPI
C00746,55433.06676892469,22,2,1264.973463977975,Card
C00747,88292.4871078625,8,2,2730.8089587536047,UPI
C00748,36305.25591061146,7,3,3821.482996016019,UPI
C00749,88683.75656158838,21,2,5205.280152184926,UPI
C00750,37590.13082557426,9,4,3372.103112228214,UPI
C00751,53938.68127788065,24,1,1622.5896976695872,UPI
C00752,46440.0088604403,11,1,3045.888608644341,UPI
C00753,234565.45862365025,19,1,18720.80318812363,Card
C00754,19743.417983034036,6,1,951.7520710513256,UPI
C00755,16879.056744845504,4,5,1710.9660041275688,UPI
C00756,3510.137856031466,3,5,2020.899343897044,UPI
C00757,21012.55555874936,10,4,1409.4210743746116,Card
C00758,33428.30869501774,13,0,3841.0798608468594,UPI
C00759,55626.03393122736,12,2,5184.321823782653,UPI
C00760,20293.317782713668,10,2,3906.251675515143,UPI
C00761,171951.25982363778,11,3,26705.17231791275,UPI
C00762,88728.57742782818,14,2,4439.4140366906395,NetBanking
C00763,21771.78109390567,3,2,3979.534626614717,UPI
C00764,5218.136009518617,1,3,1130.3123156943186,Card
C00765,24544.291633712375,11,2,2842.524774841319,Card
C00766,65408.641322708245,9,2,1256.7285027081628,UPI
C00767,37190.22413781974,9,2,3643.608262735824,Card
C00768,10576.085505242962,5,3,2459.219036379918,UPI
C00769,19207.886703125958,5,1,991.297405688606,UPI
C00770,73455.5048755711,19,2,4329.588509293474,UPI
C00771,81271.50583172956,20,1,4330.585847501816,UPI
C00772,20438.3460660802,8,1,729.4472256516411,UPI
C00773,63301.6222370854,17,0,4942.193206368147,Card
C00774,15321.755796468871,8,2,1184.6538952827523,Card
C00775,27285.18630754045,10,4,3930.676927211764,UPI
C00776,160551.71997357171,10,1,29615.121124903646,Card
C00777,13133.942925216104,9,1,2262.326344964238,UPI
C00778,27968.41179862355,16,2,5024.570944996408,UPI
C00779,195566.3776633608,19,3,19647.187383202756,UPI
C00780,86694.36689145998,15,0,3129.7701804634207,UPI
C00781,23980.81017157137,5,2,1485.566487273331,Card
C00782,72632.139597033,11,1,4792.856425815264,UPI
C00783,55712.97902845962,20,0,2847.530441258472,UPI
C00784,34628.7294953334,3,3,3825.5673082366393,NetBanking
C00785,26540.33602502988,9,2,1652.7693561122833,Card
C00786,10400.5405773993,11,1,712.7397661975338,NetBanking
C00787,27173.718653266667,3,2,3479.113315119556,UPI
C00788,22064.976977679442,11,2,1549.1946593285047,Card
C00789,39180.69074830748,11,3,3990.192215796091,Card
C00790,36896.44842447078,8,2,1793.448771828362,UPI
C00791,59505.68348107637,21,2,5274.905381473043,UPI
C00792,82085.75837351593,18,2,2558.841963509729,UPI
C00793,22210.34185524529,8,1,2298.0774274539476,UPI
C00794,38199.870094715356,11,3,3779.2311515297165,Card
C00795,51650.455884724724,24,0,4909.18673627962,Card
C00796,32781.50389142533,8,1,2938.4558138450557,UPI
C00797,60302.602669921325,18,1,5429.927191287159,UPI
C00798,34829.73706499547,20,2,2177.745244748584,NetBanking
C00799,17940.684143552284,5,6,2750.9427293665162,Card
C00800,46909.77209018362,8,1,5547.455812863693,UPI
C00801,35385.8474403069,8,2,2930.6854406129487,Card
C00802,9589.88144314549,9,4,1245.1500042928874,UPI
C00803,55676.05022774714,17,2,1175.5082820523874,NetBanking
C00804,21122.794978262427,11,1,2519.1077816226775,NetBanking
C00805,79795.80268229253,14,0,5600.350271880224,UPI
C00806,36053.30364396523,8,0,1737.4892951967508,Card
C00807,25702.766923385643,7,4,3011.7761547137793,UPI
C00808,82503.0530374823,10,1,15445.149852926208,UPI
C00809,18056.345968077887,5,5,859.4549167222128,UPI
C00810,39487.28605629217,7,2,1876.2879873257464,Card
C00811,119162.84042259416,21,2,14833.378987573964,UPI
C00812,28023.733540186186,8,3,995.9431959551005,Card
C00813,58362.663025029804,13,2,4291.8863865260655,UPI
C00814,85499.79727490597,14,2,2628.6234588825164,UPI
C00815,63099.24505355394,18,0,1893.2211053908557,UPI
C00816,21615.005849201236,4,2,3687.76171533279,UPI
C00817,10352.416403387093,5,2,1342.06599668354,NetBanking
C00818,14649.117796220171,1,6,978.5436030686055,Card
C00819,20359.324758120238,8,1,3830.4235529863204,NetBanking
C00820,89100.25718146906,18,1,3755.710895756249,Card
C00821,62882.412654700085,17,0,5883.422705258125,NetBanking
C00822,39815.78712824171,6,1,1332.6775512666113,Card
C00823,36755.818375606985,10,4,3352.8822075636626,UPI
C00824,14655.196235860889,2,6,2600.5747013845603,UPI
C00825,5802.469802842893,1,9,671.661988866904,UPI
C00826,192160.56854339008,11,2,17914.345212459695,UPI
C00827,121084.75419159318,21,1,15007.228333299823,NetBanking
C00828,49205.377992564216,22,0,3373.5162430104738,UPI
C00829,10369.61751693071,5,6,969.5208228535297,UPI
C00830,34830.309964409265,11,4,1631.595603080063,Card
C00831,59923.93969624289,18,1,2819.9058371547535,Card
C00832,33497.33861061144,10,4,2289.455880812525,UPI
C00833,84283.32883030106,15,1,2637.4972381198854,Card
C00834,35289.98547425562,6,3,3903.113118399571,UPI
C00835,6054.248853554489,5,4,1670.8996711943696,UPI
C00836,36293.72455446054,3,1,1995.9267649436972,UPI
C00837,58362.57752342874,22,0,2857.4094039713355,NetBanking
C00838,27897.90385834061,5,1,1843.6189050618,UPI
C00839,6416.718316244984,6,3,1193.5904979751685,NetBanking
C00840,58489.706394958856,8,2,3534.5362287453495,UPI
C00841,24826.874585044687,11,1,844.5302582058314,UPI
C00842,149740.36025158997,21,3,19431.010913113987,Card
C00843,81574.71802421787,21,1,3094.958517534855,UPI
C00844,39459.267969521534,6,3,1519.9684287215591,NetBanking
C00845,14559.496512037182,10,1,2368.1678289220217,NetBanking
C00846,33792.65522795796,7,3,1896.8434850686235,UPI
C00847,13958.446795051319,3,8,984.5455470123946,UPI
C00848,12892.060378440437,10,2,1257.2394701117173,Card
C00849,16465.624907910205,6,4,3144.904561137974,UPI
C00850,23709.82469757209,9,3,1323.3605636586494,NetBanking
C00851,85103.73116583907,22,0,5508.218477573915,Card
C00852,223791.2637681584,17,2,19270.992513471472,UPI
C00853,12291.238498908353,4,2,2748.6046982278795,UPI
C00854,46003.87796969597,23,0,4961.501542353193,Card
C00855,79335.30509379978,9,1,2459.32286201651,NetBanking
C00856,12046.614520875708,7,3,1826.3789255453123,NetBanking
C00857,149516.7587130083,8,1,9554.788730885217,UPI
C00858,62760.044015707404,21,1,5506.4426483935285,Card
C00859,142822.69733236346,10,1,12461.299041733397,UPI
C00860,6444.531769885469,1,5,1321.3078074320263,Card
C00861,14649.52227290033,5,1,2031.9482283096208,NetBanking
C00862,132464.41629415425,21,3,21102.97848753215,Card
C00863,27835.010995392502,8,1,2438.488646702652,UPI
C00864,52525.72952013665,12,2,3088.0248828884173,Card
C00865,34372.88670426753,16,2,4099.477526791185,UPI
C00866,163606.70045266292,13,0,9361.033852672903,UPI
C00867,23636.96792894193,10,4,1292.0833293783683,UPI
C00868,52777.1479528863,16,1,2414.7509286441145,UPI
C00869,40779.63331522899,18,2,4822.706708398271,UPI
C00870,63426.522540613114,22,2,5677.565037871258,Card
C00871,202664.1508383508,12,2,9437.308359086262,NetBanking
C00872,19454.992144447835,4,4,2214.6225299237576,Card
C00873,73370.98776336425,23,2,5466.860697637726,UPI
C00874,17329.92812320155,3,2,2345.1922122829624,UPI
C00875,72295.89677716442,15,0,1948.7746159831706,UPI
C00876,26171.485399610177,8,1,1724.1537574605886,UPI
C00877,88064.72739706471,24,2,4344.539764604087,Card
C00878,105120.67812833961,13,1,17033.165167376457,Card
C00879,39820.45550677166,11,0,4301.203791457006,Card
C00880,34173.73125999562,19,2,5543.029153789883,UPI
C00881,37770.088328630736,22,2,1119.7900922150607,Card
C00882,7610.220724736886,4,5,2210.1080082781855,Card
C00883,51141.532606571265,15,0,2026.3993326325365,UPI
C00884,29151.31907932238,12,1,5343.421760824924,UPI
C00885,14689.810137715695,1,5,2692.7664746625646,Card
C00886,142520.90966823767,8,1,14970.419306181802,UPI
C00887,10944.93792198904,5,8,2203.882000435735,Card
C00888,14062.420516558777,11,4,2691.6856075944324,NetBanking
C00889,28580.653054507235,4,2,927.9402314299087,UPI
C00890,75389.95046764155,9,2,3685.825326030144,UPI
C00891,37937.945320812774,3,3,1978.5452149274572,NetBanking
C00892,52780.04417958511,20,2,1218.7770287244828,NetBanking
C00893,87752.54164253367,18,0,5654.32277425501,UPI
C00894,7230.140467110247,3,4,2247.7923404480402,UPI
C00895,87544.88675342547,17,2,2105.65756198854,UPI
C00896,30634.741008139616,8,3,3392.053836738844,UPI
C00897,12259.231374427629,11,1,3736.341041251218,Card
C00898,11974.68515274296,1,8,531.5074037051927,Card
C00899,38991.507693680396,3,2,799.3882528885991,Card
C00900,32685.980868312527,7,4,3569.976735304894,UPI
C00901,21588.96054387288,8,3,1923.9405284624897,Card
C00902,35388.09202442781,4,3,2703.316624597446,UPI
C00903,29301.99718354877,9,3,2341.4884646130186,Card
C00904,23765.259602444494,4,2,1580.7123093569962,UPI
C00905,9492.240146298565,6,3,761.6004455783477,Card
C00906,81495.81435689186,20,1,3056.9511234014076,UPI
C00907,71334.14886885292,20,1,4925.378087747457,UPI
C00908,9596.01277448591,8,2,1116.9290647874575,Card
C00909,16539.98190189368,6,1,1169.464468068587,Card
C00910,62286.55966719727,21,1,5814.733545421339,Card
C00911,22084.60345143499,8,4,3288.876421027488,UPI
C00912,27865.02968515763,8,1,2177.511649418149,Card
C00913,10023.776927007013,10,3,2166.2436893407025,Card
C00914,13557.446705496212,9,4,3838.8391070205635,UPI
C00915,13082.872539427117,2,4,1891.038997812183,UPI
C00916,12480.182549729572,8,1,3533.408841343059,UPI
C00917,23920.779885695905,5,4,2400.8827626183343,UPI
C00918,58449.595362990294,19,2,4402.712765267068,Card
C00919,13307.288649778975,3,2,3064.7634854736475,Card
C00920,21867.52126166763,3,4,2909.9379294354735,NetBanking
C00921,25851.43246151035,4,4,1957.1070617013547,UPI
C00922,22667.73579044197,11,1,3061.1241012524606,UPI
C00923,76633.86274463401,18,2,1336.6840302666308,NetBanking
C00924,56990.16467510761,20,2,2319.7691260384554,UPI
C00925,84642.44852332931,21,0,4513.793746535828,Card
C00926,36951.343918504055,9,3,1050.5760838089461,UPI
C00927,34608.018575398484,11,1,3116.488108855647,NetBanking
C00928,65365.46278317321,21,0,2901.3387806560504,UPI
C00929,59192.23695071181,19,1,5556.4689630580015,NetBanking
C00930,12763.120649906847,5,3,1581.1204866487353,Card
C00931,4666.0743621037545,1,7,2969.294846171059,UPI
C00932,26333.77518873583,17,1,3360.1969393474833,Card
C00933,114465.15140369645,13,2,24527.173473379185,UPI
C00934,37714.625310675,8,1,3761.0558597699624,NetBanking
C00935,25776.68672833786,3,3,2164.6697026925262,Card
C00936,31925.498632092582,19,1,3209.624896256171,UPI
C00937,175198.44113552305,8,1,13574.35023843941,UPI
C00938,31852.788020232296,11,1,1643.3912795862898,UPI
C00939,215329.12476926262,9,2,16982.368722333584,Card
C00940,5734.470657423806,2,6,2365.919323624923,UPI
C00941,18969.692719576688,3,3,3799.326371601981,UPI
C00942,57524.30632018199,18,2,5983.676860646352,UPI
C00943,26500.36705557409,15,1,4386.661271346549,Card
C00944,27079.852271640666,9,2,3451.8428278271545,UPI
C00945,242238.0079676914,8,2,14724.835337900036,UPI
C00946,88123.5862724391,9,1,4095.739579328406,UPI
C00947,31411.094441150075,7,1,1889.071343102512,UPI
C00948,3729.4495152101426,6,5,822.034660330047,UPI
C00949,33917.042743720885,13,0,2825.547798767708,Card
C00950,59559.603195890886,22,1,2155.211291845394,UPI
C00951,3360.761251396145,6,5,1399.2021624583822,UPI
C00952,64265.67200542846,20,1,5828.930202154742,UPI
C00953,26550.09993381153,18,1,1915.1851962998048,UPI
C00954,38632.759096501075,6,1,2426.1523292944266,Card
C00955,61058.85963770954,11,2,3396.1737488384138,UPI
C00956,35656.408662078975,9,0,5224.356792425913,UPI
C00957,63098.49014811248,22,0,4121.374668767924,UPI
C00958,9933.949734480477,4,3,898.0490134104566,UPI
C00959,54541.85967684019,8,2,3649.5707798112994,UPI
C00960,67978.43896886878,10,2,1204.673031777357,UPI
C00961,31535.301969599986,11,3,1771.9560782331152,NetBanking
C00962,39549.139585394005,11,2,3272.1566311225265,Card
C00963,50761.70586346202,21,2,4883.455463600644,UPI
C00964,20096.392396139247,9,4,3934.075470943992,Card
C00965,22403.735459607495,6,1,2438.2420146210316,UPI
C00966,67955.31353433689,12,1,5502.178821220858,Card
C00967,61320.79214542816,9,2,1279.4611609167619,Card
C00968,8425.539111406099,5,2,1849.2179978764593,Card
C00969,26843.977831058593,12,2,4852.689557155416,Card
C00970,146357.3620928425,16,0,27150.715411276316,Card
C00971,42115.250464445104,8,1,5572.740064087837,UPI
C00972,11916.5079350604,7,4,2835.883682748848,UPI
C00973,32072.961436918864,20,0,5617.868523106125,UPI
C00974,72830.0621140148,13,2,3218.4400619345965,Card
C00975,76044.18529564203,10,2,2078.8794087450224,UPI
C00976,17156.137964523114,7,3,3495.868833784543,UPI
C00977,38842.560694089116,6,4,2762.029051713894,Card
C00978,70988.54242175304,14,0,2447.9017041698066,Card
C00979,89635.95982280558,11,2,4238.478247474151,Card
C00980,39509.12145374896,10,1,3447.223671360149,UPI
C00981,230526.63014673124,21,3,18230.981895058954,UPI
C00982,60950.73538863346,15,2,1671.0758949726264,UPI
C00983,51355.86792957162,22,2,3424.9854425171975,Card
C00984,19884.781283940865,6,2,1425.749522953873,Card
C00985,36844.95736740691,6,1,3489.4840073092723,Card
C00986,38844.217200261744,7,3,2291.052536306538,UPI
C00987,27268.599725778087,16,0,2551.969055053434,NetBanking
C00988,5613.074211096683,2,9,1777.376689025191,UPI
C00989,51821.22035448298,15,2,4819.055963149483,UPI
C00990,81640.97217099488,13,0,1411.4134230759441,UPI
C00991,40199.17587221631,12,0,4291.515227632801,UPI
C00992,6306.869909265895,4,4,1658.5934544646736,Card
C00993,6768.332294918142,1,4,1790.250545560646,Card
C00994,45048.83619989545,13,2,5812.335490831849,Card
C00995,10323.9494983683,6,9,1646.846248081587,Card
C00996,33512.29315767028,8,3,2300.404055910394,NetBanking
C00997,15658.203670140483,9,4,2957.401793482747,Card
C00998,33219.26112802507,12,2,1228.2132020369165,UPI
C00999,77550.67572933716,9,3,22578.600110543295,UPI
C01000,68613.56351266979,14,0,1657.678789904071,UPI
C01001,11236.744128940165,1,3,1543.89650430683,UPI
C01002,59545.45567734056,14,2,3289.1078770074896,Card
C01003,37792.70459900332,12,0,1999.8018128337255,UPI
C01004,78673.34055170533,8,1,4936.733441691643,Card
C01005,8932.555848928987,4,3,733.7524216306564,Card
C01006,8630.850569400909,7,4,2165.619923881061,UPI
C01007,10888.897842545888,4,2,1157.966448050058,NetBanking
C01008,4965.978952339398,4,9,1945.6673191390003,Card
C01009,58008.82496054776,13,2,4270.717439557835,Card
C01010,164685.00949022087,11,1,24193.917151299203,UPI
C01011,26751.423401742963,8,3,894.4328940356681,NetBanking
C01012,38695.31450943413,5,1,3235.4882075223313,UPI
C01013,18792.274789551295,9,2,3860.185725230454,UPI
C01014,5268.269820040963,3,7,1923.7679841453003,UPI
C01015,9256.71640607739,2,9,1964.4612140890456,UPI
C01016,12252.998526881085,7,3,2616.8088642822154,UPI
C01017,12138.241264262659,6,9,2001.900268990429,Card
C01018,5541.571650456888,2,3,1541.8191903096474,UPI
C01019,66401.06892326467,21,2,4213.016757679521,Card
C01020,56158.84417622155,23,0,2343.999098811678,UPI
C01021,31719.238657608683,4,3,1885.5314084315648,UPI
C01022,34630.553374028575,10,3,1528.9575676349557,Card
C01023,11954.301015785617,4,3,3023.965559867566,UPI
C01024,33538.4710630273,11,1,1484.6362953565445,Card
C01025,86126.25173532723,8,0,4746.812937015802,UPI
C01026,13758.215208778896,3,2,3401.6602505048872,Card
C01027,76835.78550490167,10,1,1829.0483899267215,Card
C01028,13968.191047466544,5,1,1853.6899638328803,UPI
C01029,28069.96177676743,8,4,1152.9148372146306,UPI
C01030,118356.497950529,11,0,17216.391298166644,UPI
C01031,202446.8833900965,17,0,28907.925023448774,UPI
C01032,14287.815158896141,7,2,1196.9854775210654,Card
C01033,62658.1796534048,14,1,3058.2165546580277,Card
C01034,29979.932091494513,9,2,3400.3790823329127,UPI
C01035,15840.145646062083,1,6,521.9000299214464,UPI
C01036,145551.33512689878,17,0,13623.370550237829,Card
C01037,39840.448436741426,6,1,1273.6996192331987,UPI
C01038,54485.95821517482,10,1,2754.8607899040358,UPI
C01039,89380.21563660438,20,0,2579.8713354827432,Card
C01040,66473.1173149627,8,0,3677.16274398086,UPI
C01041,34761.601551959146,4,3,3714.3360139859697,Card
C01042,9024.8023459029,6,3,3989.849116401318,Card
C01043,34933.386615295465,22,0,3803.72251656917,UPI
C01044,46644.435989821824,15,2,5916.863735990991,NetBanking
C01045,49819.63804358586,15,2,4967.331714587537,UPI
C01046,56669.77607828651,10,1,4825.032540048404,UPI
C01047,49995.84481445199,14,1,1178.3747195888714,UPI
C01048,9213.509121826004,9,3,1703.8641447858115,UPI
C01049,17777.862982893923,4,3,3129.2236903840353,UPI
C01050,9108.19886424726,5,6,690.66134061141,Card
C01051,3622.1396559135724,2,7,772.6587784175911,NetBanking
C01052,78860.64431722584,9,2,3021.369052120551,UPI
C01053,28089.60883385117,11,3,706.4745601886707,Card
C01054,73429.2747028805,23,0,5708.480492220186,UPI
C01055,231292.6640576533,10,2,28583.92238163995,Card
C01056,169984.74782147963,18,3,15061.571683539238,Card
C01057,164522.17870725621,20,2,16297.775246242849,Card
C01058,9070.410072559986,1,5,1798.7279336074225,Card
C01059,32960.84179400082,4,4,1860.6581914533579,UPI
C01060,58241.96135009149,21,1,2948.140763048147,NetBanking
C01061,82269.98209685681,9,1,2301.8913288667477,UPI
C01062,26925.071547287647,22,0,3669.0707286396155,UPI
C01063,32005.09312073824,3,2,2270.4668216693526,UPI
C01064,68908.79033799487,19,1,2433.2131170336806,NetBanking
C01065,14773.147710875359,6,8,1439.3854704487976,UPI
C01066,23537.005025323324,10,1,1008.6362595654145,UPI
C01067,13528.948500950872,4,7,729.0630789513825,UPI
C01068,9183.517460939072,9,3,1556.1456099358352,Card
C01069,24416.745893079118,11,4,2242.7733968329476,Card
C01070,87228.54497290976,21,2,3350.382357744159,UPI
C01071,15235.827030426699,3,2,876.1505483048848,Card
C01072,28778.77510119849,8,4,787.2531337904506,Card
C01073,65959.7214893561,16,0,1932.5938402052209,Card
C01074,23352.069841948745,11,2,2474.126685607128,Card
C01075,26365.97577396662,6,2,3854.9260671998686,Card
C01076,32485.4616095838,18,1,1927.4440735495882,NetBanking
C01077,16920.246456311106,3,1,3079.8313384818052,UPI
C01078,38734.190280135925,24,1,2969.7671482559945,UPI
C01079,49383.83579899391,23,1,4140.511173369034,UPI
C01080,33151.03755437092,9,1,2807.372867717305,UPI
C01081,36281.575703075345,9,4,1117.5336093953451,UPI
C01082,84104.15931815883,19,0,5362.777525272339,Card
C01083,44549.983685508196,10,2,3843.6534277545793,UPI
C01084,79299.4706724312,14,2,3101.9633711583615,NetBanking
C01085,76042.76320460743,22,1,5103.455576323596,UPI
C01086,32236.663784397668,23,1,1556.5634944993135,UPI
C01087,25777.541880866418,4,1,2230.510154578882,UPI
C01088,43902.255643456505,24,2,1032.9158039306872,Card
C01089,18783.598861383933,7,2,2410.6661798293317,UPI
C01090,9776.561668256232,11,1,1806.0313914512863,Card
C01091,74758.75613734059,19,2,4256.012963426752,UPI
C01092,65353.527062139445,17,0,5359.960259336942,UPI
C01093,60511.15210597033,19,2,5662.885845302421,UPI
C01094,21206.55953351532,4,1,1879.8220252884103,Card
C01095,11308.596972474486,4,4,3716.4165039297995,Card
C01096,12622.739905073953,8,2,1016.250911948418,UPI
C01097,16352.555467495553,1,5,530.1605003652191,NetBanking
C01098,38420.32808223938,4,1,1436.3652731724046,UPI
C01099,61073.57889252135,19,2,4838.685948056962,UPI
C01100,33676.04780567953,6,1,894.7101595430706,NetBanking
C01101,15222.863262944973,3,2,1823.2252941804086,Card
C01102,18937.132627627674,4,1,1640.6861769998118,Card
C01103,38474.73269932473,10,1,5124.240391384958,Card
C01104,21946.963870199485,9,4,1031.898082899194,UPI
C01105,31916.828869266563,18,2,3694.163132125075,UPI
C01106,34988.01559692347,6,4,2777.3501994545763,UPI
C01107,86419.20305207293,14,1,4756.922474224264,Card
C01108,8997.700362791189,5,3,3799.8516872007367,UPI
C01109,215169.236800677,19,3,25708.289298683358,UPI
C01110,39901.51057880924,3,2,3965.976110680519,UPI
C01111,200273.37617958325,11,2,27784.46323013314,UPI
C01112,31543.950503113323,3,4,2389.6980695376396,UPI
C01113,38551.859899556715,12,2,2672.749436899191,UPI
C01114,32402.706198268548,6,1,2236.0780315622505,UPI
C01115,80896.48057770092,12,1,4330.399727299694,Card
C01116,21552.01261351843,5,1,1709.3662678913645,UPI
C01117,39514.382952177984,16,0,5556.48214589144,UPI
C01118,27217.592236545974,6,3,3954.9864299167148,UPI
C01119,25689.641079118053,14,1,5303.259895589521,UPI
C01120,37336.977750760896,10,0,1859.8225690417748,UPI
C01121,8781.470224638837,8,3,3447.077557733114,UPI
C01122,4646.0536986059105,4,7,1126.0888138777764,Card
C01123,18138.572408576336,4,6,1024.099094786282,UPI
C01124,86694.75118683897,8,1,4587.13677014219,UPI
C01125,86151.64114617628,10,1,4760.5717433910995,UPI
C01126,15727.889164242235,2,8,1507.056075386352,Card
C01127,18252.515205851894,5,2,3514.933188882731,UPI
C01128,35665.61119478081,9,2,4257.000300729505,NetBanking
C01129,36014.511408399834,8,4,3278.2819985622923,UPI
C01130,22229.75059749745,8,4,2852.812061207835,Card
C01131,51098.70059212121,14,2,3039.6818536507108,UPI
C01132,7537.758270781453,3,6,1636.5429054250628,UPI
C01133,32465.93304825425,9,1,5919.897092994596,UPI
C01134,23768.45204860164,3,3,2403.4179005720534,UPI
C01135,11863.629331431017,10,1,3291.5813385793285,Card
C01136,4118.334962160849,4,7,692.6704710041497,UPI
C01137,13508.482537532867,9,3,702.9074380793628,UPI
C01138,33369.04846484432,4,3,934.4901002843836,UPI
C01139,46556.461596639565,22,0,2060.835277457547,UPI
C01140,8434.33607292719,4,6,500.21082779127823,UPI
C01141,67729.71705949056,12,0,3142.8467585408507,UPI
C01142,12104.888196205142,8,1,2258.0647354803486,UPI
C01143,241418.39819075813,10,2,22213.913062871907,UPI
C01144,5716.246909151794,6,8,2464.6079779346674,UPI
C01145,19441.544147414887,5,5,900.617609936727,Card
C01146,6529.331333485561,4,9,2384.035951568261,UPI
C01147,27552.835292256896,9,2,3587.3295992495478,UPI
C01148,226684.09008824543,12,0,8824.308225364823,Card
C01149,69704.55618879292,16,2,3891.0146908053625,Card
C01150,87413.93221240467,18,2,1871.584457438594,UPI
C01151,17332.74562780626,4,3,3777.6196941738726,UPI
C01152,39770.322355261036,3,3,2571.781441160584,UPI
C01153,81337.4137909564,16,1,5515.781269236217,Card
C01154,10123.896010496182,5,3,1618.2953187846206,Card
C01155,10174.610215735303,7,4,1418.0836547605286,UPI
C01156,39903.469186917886,11,3,3787.478929162313,UPI
C01157,20263.048227059535,5,2,3466.6562753805233,NetBanking
C01158,16303.62757702652,6,5,2378.0030795628127,UPI
C01159,30936.75986184254,3,4,3654.7287402697725,Card
C01160,136766.99649933891,18,3,21164.28216840932,Card
C01161,191935.13902442393,11,2,27482.78267679879,UPI
C01162,16418.026852290026,1,8,2287.258078447595,Card
C01163,27162.857209101563,18,2,3000.912302282257,UPI
C01164,11739.803915997942,3,5,2433.5546180884576,UPI
C01165,24969.36917049986,10,1,2512.762822705856,UPI
C01166,44931.80483577828,17,1,2584.4876283880444,NetBanking
C01167,36534.50646430762,6,3,1708.7482013629824,Card
C01168,82954.12520991916,9,1,5636.680301871922,Card
C01169,79983.7696929035,18,0,2855.5784482057848,Card
C01170,35602.912040470896,3,1,2001.6757891413731,Card
C01171,60447.981932796174,22,0,3103.6353257989203,NetBanking
C01172,4378.964798748837,2,4,2176.00563065409,Card
C01173,16963.19174492567,7,1,3923.9018166580604,UPI
C01174,47639.148195802976,24,1,5601.713332125577,NetBanking
C01175,27659.04542041387,7,4,1250.4503560163275,UPI
C01176,36584.264817769435,7,3,3424.2620759418514,Card
C01177,72415.70237255897,10,2,1787.7476557057612,UPI
C01178,14703.036240274936,1,5,1365.452300183184,Card
C01179,33853.10840345496,5,2,2898.46256657856,Card
C01180,59400.53737856379,16,2,2610.529793786961,Card
C01181,4701.838554269794,6,6,2165.2632181153804,UPI
C01182,12807.27104442343,1,7,1859.8167486223897,Card
C01183,241681.9051825066,15,2,21815.198207095593,UPI
C01184,67638.02779111436,22,1,5231.631663584723,NetBanking
C01185,53776.72016470371,13,1,5302.626071763588,Card
C01186,28408.750492049097,9,1,2183.2694880683766,UPI
C01187,23941.367843044914,8,1,3298.150232993516,UPI
C01188,11023.357882859851,4,2,3586.740406991301,NetBanking
C01189,27071.318817784228,15,2,2898.2586522416486,Card
C01190,50520.672024367355,20,0,4437.019224603202,UPI
C01191,45572.63667275174,18,1,3371.329924145771,UPI
C01192,12557.905164886783,5,4,3560.625723099363,UPI
C01193,70620.89297427182,16,1,5473.477226500627,UPI
C01194,61631.684296745894,20,1,4557.617473415401,UPI
C01195,15619.928348308082,3,6,532.786902072208,UPI
C01196,11384.941658138598,11,2,2155.4342591864597,UPI
C01197,62615.561352844095,9,1,5600.544720676754,UPI
C01198,29087.55434344474,3,3,3262.4404662543448,NetBanking
C01199,104988.05902047144,18,0,12570.462797745571,UPI
C01200,17824.25156796685,6,5,2497.7181094625985,UPI
C01201,180842.253345525,12,2,27973.86099061716,UPI
C01202,16987.548100683925,9,4,1062.0771525494401,Card
C01203,41475.92152120665,8,0,2228.901504331321,UPI
C01204,189621.84624415153,8,1,13046.92378475872,UPI
C01205,18189.204730613266,6,4,1659.455329817781,UPI
C01206,41321.506431187365,23,2,3550.389775702809,Card
C01207,20258.33650113312,3,2,3688.3016305034284,Card
C01208,12585.01977876838,4,4,2873.376160460842,UPI
C01209,140741.68810585828,17,2,10411.354705641319,UPI
C01210,83286.95668289429,10,0,1063.314409872978,UPI
C01211,34992.70445691055,11,3,904.7208372952834,UPI
C01212,32177.49018078258,21,2,1269.8014526392622,Card
C01213,36524.40021040976,4,1,2465.878440759885,NetBanking
C01214,31188.5414059138,19,0,3381.6537691431163,UPI
C01215,19497.39212157303,11,1,1966.407678807698,UPI
C01216,17682.200753976846,8,1,3019.2033320169967,UPI
C01217,11812.351815649832,1,6,2627.4272512655857,NetBanking
C01218,40650.00226670066,11,0,1836.7723865944577,UPI
C01219,56274.458132621025,16,0,5269.625022907626,UPI
C01220,16201.442905281774,3,4,3985.6480401114604,UPI
C01221,118554.21983685896,20,0,29487.631413341664,UPI
C01222,11439.793224331712,7,2,753.1828295382534,UPI
C01223,14348.627052324691,6,2,2412.0316579083087,UPI
C01224,3492.315124698801,6,9,1345.9513932647174,Card
C01225,21476.81994552552,9,4,1265.7399597602553,UPI
C01226,23792.547608284185,4,1,983.4751154786154,UPI
C01227,35167.192791889574,11,3,2137.695113455372,NetBanking
C01228,3128.5006678801524,4,7,2605.7594516191857,UPI
C01229,51678.79604762515,12,0,5034.102035812111,Card
C01230,45784.52178827354,11,0,2988.6164858332013,UPI
C01231,32321.799640214627,10,2,1734.011697800669,UPI
C01232,40957.055775183275,17,0,2110.358363672731,Card
C01233,45717.49118483816,9,0,2490.8039366703415,Card
C01234,14548.928702796367,5,2,3548.006541844743,Card
C01235,19443.713330537816,1,7,1015.0385542267821,Card
C01236,27290.61893607114,18,1,4044.113904749035,UPI
C01237,65663.50574688739,16,0,2366.0207287549156,UPI
C01238,36759.89242215504,11,1,2636.298193404727,Card
C01239,8977.450728227988,9,1,1294.538293162427,Card
C01240,88660.48684056106,14,2,4005.8888039525455,Card
C01241,16137.259387778755,5,1,1982.0238525740929,UPI
C01242,9697.946817722088,3,4,1868.734082340005,Card
C01243,29852.77259748444,3,2,1582.2167150252678,UPI
C01244,25555.802828383556,3,3,3731.723576348169,UPI
C01245,30609.47669388272,13,2,5474.084986232918,UPI
C01246,38711.104079308854,9,2,2246.380641559065,NetBanking
C01247,7501.383636476489,5,9,1377.7236105582074,Card
C01248,17359.442779429693,10,3,1300.3361032108924,UPI
C01249,21714.45236644752,8,2,2820.2331111849576,UPI
C01250,25572.377487836748,8,3,1450.8778362205655,NetBanking
C01251,134810.8871198292,18,2,17788.579908040185,NetBanking
C01252,6886.61585480964,3,4,2818.9525023607,Card
C01253,37754.1651365537,5,1,2073.353199100079,UPI
C01254,16509.203513458422,11,4,3387.9708339111276,UPI
C01255,78283.67189262746,24,2,2102.4015721017445,UPI
C01256,27310.97291746414,4,3,1277.819131650055,UPI
C01257,16378.878652283944,5,3,1680.991306515245,Card
C01258,10210.742061179852,5,4,1449.1936628979743,Card
C01259,86053.82623756173,18,0,5399.099608583359,Card
C01260,38909.535033039,15,1,4700.706551804651,Card
C01261,89104.03257297138,21,0,4720.335485343599,Card
C01262,38281.47490871452,10,4,1426.7078704565843,Card
C01263,4908.838014778089,6,3,2306.938647180784,Card
C01264,32314.98973683443,7,2,1176.5005647375497,UPI
C01265,27362.731463200347,4,1,3925.417884916968,UPI
C01266,16280.089339528,10,3,905.0574078156835,UPI
C01267,3673.0385388540753,4,3,2047.1561348506068,Card
C01268,14698.07133446396,9,4,3099.3120955773534,UPI
C01269,28093.066927324846,8,2,3270.0849525384074,UPI
C01270,64885.14767509308,15,2,3493.5230949903853,UPI
C01271,34649.582852275875,7,2,1680.137977932974,UPI
C01272,77591.48573930422,24,2,3160.1031354421784,Card
C01273,158994.9694915383,12,3,14564.979678640088,Card
C01274,11573.269276825575,4,3,2964.7274369481843,UPI
C01275,43969.32556220033,14,2,3075.4038787187988,Card
C01276,77715.98260141618,9,0,5152.294524022285,Card
C01277,38934.85215257197,23,2,5547.272198389567,UPI
C01278,8456.222181616817,3,3,2842.3538568731,UPI
C01279,157687.50656203082,21,0,12480.218892370302,UPI
C01280,76321.29099909164,17,0,1912.080114959653,UPI
C01281,9310.93950931304,4,1,3859.2713428426837,UPI
C01282,12949.847608231623,7,3,3687.875260503162,UPI
C01283,7271.91132585023,6,8,2492.7954851755303,UPI
C01284,69779.59719065984,15,2,3255.03704302998,Card
C01285,26248.08401976786,10,1,2283.8537059358964,Card
C01286,73247.17308010906,23,1,2885.0951554363637,UPI
C01287,16307.612918213912,10,2,952.3813187153232,UPI
C01288,10298.224494951588,5,7,1684.409165755506,UPI
C01289,85568.0725151434,12,2,2556.7902013929324,Card
C01290,11850.404118043067,4,9,712.8440925796618,Card
C01291,63909.17348257715,22,0,2249.2849763499744,Card
C01292,39528.26104607061,8,1,3757.1302244749772,Card
C01293,35534.27032696584,9,2,2428.469659752805,UPI
C01294,19843.155589213457,11,3,1920.757930643703,UPI
C01295,30516.49151547287,6,1,1706.7745414890774,Card
C01296,90184.0249189905,21,3,15387.362488086328,Card
C01297,8172.864299165354,4,2,1394.5372301585994,UPI
C01298,24344.02858225845,5,2,1301.9391504216642,UPI
C01299,3127.427172715454,6,5,2071.8377046921096,UPI
C01300,17318.57183212389,9,3,1843.8112985573696,UPI
C01301,12185.19185534797,8,1,3459.108820591622,UPI
C01302,49575.23988692816,8,1,2596.583930921209,Card
C01303,14238.324136579387,11,4,3030.176632770595,UPI
C01304,71751.51023741474,20,2,4928.4559284302995,Card
C01305,9294.771917649903,10,2,1973.8992746731976,Card
C01306,67528.33332834036,24,0,4757.2309362780215,UPI
C01307,35642.38184151549,9,4,2803.9956853173176,UPI
C01308,45805.67547165223,11,2,4196.137034242364,UPI
C01309,18998.465406382165,4,9,2406.3034450075984,UPI
C01310,39369.440858277536,4,3,1729.685956213708,UPI
C01311,18546.852499747267,10,4,3166.9302933042068,UPI
C01312,11292.232252196782,5,6,1339.8325813909091,Card
C01313,19148.457680640346,5,7,1623.7658405914644,Card
C01314,193117.35303342834,13,3,10135.040974942793,Card
C01315,49031.16486561661,22,2,5561.594912088602,UPI
C01316,16319.83797120435,6,7,1762.6237593325618,Card
C01317,82459.4119984248,23,0,5510.974177012602,UPI
C01318,26258.18496763016,11,0,2701.54047383939,Card
C01319,25334.84845356661,9,1,1135.4898881554495,Card
C01320,68044.26123449809,16,1,3013.10585969188,UPI
C01321,4565.353724770821,1,5,729.8543667846212,UPI
C01322,43403.62318536719,24,2,5854.247451666871,UPI
C01323,85484.55567443716,13,1,4991.233211923852,Card
C01324,82835.05989636653,18,0,5849.494200928995,UPI
C01325,60368.77361446174,23,2,4223.407423845804,Card
C01326,35342.723254365585,13,2,5325.622938159927,Card
C01327,81102.47393660157,9,1,4634.399716805452,Card
C01328,38197.58020818976,9,3,1950.9294768228558,UPI
C01329,18615.52627364266,4,3,754.3341799187845,UPI
C01330,63753.55052091219,22,0,4185.4159792100945,Card
C01331,3253.1108177062415,3,7,2395.126766778192,UPI
C01332,83049.98544857716,14,1,3794.060750109075,Card
C01333,12229.549735962326,1,4,1771.058338992776,UPI
C01334,68771.94383957656,8,2,1973.3626391986404,UPI
C01335,11809.847328275788,5,6,652.9598963484863,UPI
C01336,35406.42467760925,7,2,2584.7913436735253,UPI
C01337,27700.53650229029,10,1,2962.9837257540416,Card
C01338,43354.85851489197,19,0,4356.8497056382585,Card
C01339,135402.2624341283,13,3,28946.423099308002,Card
C01340,136090.8687674019,17,1,20643.017983023867,Card
C01341,34845.356020220745,8,2,3916.390575779478,UPI
C01342,18638.009410978404,8,1,2493.687016683657,NetBanking
C01343,33352.8885147978,8,4,3640.079309403487,Card
C01344,72624.67054321204,8,1,5171.49967229454,UPI
C01345,18808.034509569272,5,7,2921.6410537494153,UPI
C01346,31920.012911772385,3,4,2276.3515937249367,UPI
C01347,32660.023604530565,7,4,1566.441303880456,Card
C01348,108435.8060895926,16,2,24742.129647889262,Card
C01349,27899.4882727135,4,4,3301.264833741029,UPI
C01350,16523.32930957887,9,2,3988.480665111678,UPI
C01351,54215.78594567118,10,0,2306.1304665275097,UPI
C01352,37387.04515954813,3,3,3253.117382332423,UPI
C01353,74224.61521949491,23,1,1928.5201551741068,NetBanking
C01354,89062.40062912011,18,2,5705.701396627646,Card
C01355,59903.44644175124,13,1,2535.6456156618706,UPI
C01356,32077.034475428245,16,1,4892.441260717718,Card
C01357,56778.26244866499,24,2,3038.7149138960267,UPI
C01358,49788.495161419036,19,1,1688.3628737601134,NetBanking
C01359,13073.972649584462,10,4,2061.954184599288,Card
C01360,4222.127012186478,3,9,1401.71899673726,Card
C01361,87376.99189651184,16,0,4440.017098736225,UPI
C01362,62078.61451617023,22,0,3193.217984576442,Card
C01363,19360.826362342443,7,4,1252.1482988092407,UPI
C01364,41438.28613774175,15,2,3953.648971761606,UPI
C01365,34929.81432216296,9,4,2205.747563922877,UPI
C01366,154577.84466221585,8,2,10808.707217892621,UPI
C01367,13507.133660136304,7,3,862.3146393892937,NetBanking
C01368,35638.726463106774,11,1,2408.5469466825416,UPI
C01369,34126.334769148554,11,4,1995.1457759528264,UPI
C01370,26850.58308299253,10,1,3449.3538091192254,Card
C01371,12031.776317983324,4,5,1219.2673095425537,Card
C01372,55265.29470772261,24,0,4341.1167145701,UPI
C01373,25702.348608827782,8,3,1687.6433484357153,NetBanking
C01374,84046.42209391296,18,0,5956.4095645062225,UPI
C01375,21750.54737338669,4,4,1138.2985341304825,UPI
C01376,25843.40689955336,9,3,2270.3075130661628,UPI
C01377,171611.14236993162,10,0,29200.97462179435,UPI
C01378,53967.32565884492,9,0,1657.4451288671296,NetBanking
C01379,11811.234187309226,3,5,1390.1246455363794,NetBanking
C01380,85201.00615864022,21,0,5174.403045141588,UPI
C01381,23316.68043447775,9,1,1530.3556376500026,UPI
C01382,69521.14249154142,22,0,2796.6344686492325,Card
C01383,249101.5739400318,18,2,13172.157052900231,NetBanking
C01384,7714.131196920126,1,3,2600.1368789941403,NetBanking
C01385,57930.84945738471,21,0,3224.8670489129595,UPI
C01386,85800.6991332428,23,1,3134.940586417592,UPI
C01387,30973.564473072336,4,2,2193.949571903978,Card
C01388,31865.23061545886,11,3,3466.6688246076505,NetBanking
C01389,22020.053759906004,9,4,930.7739566407759,UPI
C01390,23448.669819237068,5,4,1873.6770196888558,UPI
C01391,16950.928257947868,4,2,1341.399832341889,UPI
C01392,55599.504922158645,17,2,1861.4850502048675,UPI
C01393,16841.42236756158,4,4,3942.2652255593234,UPI
C01394,12689.355969531134,7,1,2086.4772186772066,UPI
C01395,69856.3121034056,18,2,3952.3309293055936,UPI
C01396,34057.734108214194,10,2,4116.0057707796805,Card
C01397,6133.861611463908,2,9,1194.578810108879,UPI
C01398,87729.08936854245,14,2,29790.783190714792,UPI
C01399,11681.998664079763,6,2,2361.7282210357453,UPI
C01400,22634.546228405092,10,2,768.7734538673083,NetBanking
C01401,34864.112862989496,9,1,5832.351848932024,UPI
C01402,37296.31906739225,23,2,1462.8227575791334,UPI
C01403,36112.331114124245,11,3,1396.068955782462,UPI
C01404,16242.758210217919,3,4,1057.9666482461369,UPI
C01405,89092.24996169834,11,2,17834.81729379122,NetBanking
C01406,76265.2314700611,15,0,1359.6338943116807,Card
C01407,39991.57027142323,9,4,3581.4904232216177,UPI
C01408,15869.75380311548,8,3,2459.282362565496,UPI
C01409,53799.06796110033,16,0,4333.040723627074,Card
C01410,53094.12764785085,16,1,4732.045329335089,UPI
C01411,17045.754545732238,7,4,1877.895942337454,Card
C01412,12696.215189688637,3,4,1093.2759657595125,UPI
C01413,50775.86418651247,19,2,3886.871577700532,Card
C01414,30594.613219431692,13,2,3968.256350332362,Card
C01415,9259.353889879509,5,6,2511.7794002693536,UPI
C01416,42281.769491704516,23,2,5929.224680461848,Card
C01417,21013.176752461164,3,1,3772.372662815852,UPI
C01418,55524.65128082556,22,1,5491.19462836821,Card
C01419,70149.27497049618,16,2,2780.3577418125783,Card
C01420,30602.893116922314,8,4,2440.261180302916,Card
C01421,15432.421369361,2,9,2247.8809019915534,Card
C01422,39315.90665382467,11,2,1061.2611756062965,UPI
C01423,8656.011762582693,9,2,2199.8788891340364,NetBanking
C01424,30080.44319418211,11,4,3713.9409475470134,Card
C01425,89471.15733076305,23,0,5269.8782397978575,UPI
C01426,17578.331065965,5,4,3289.816960852941,Card
C01427,44517.47849813661,24,2,2192.445461564761,Card
C01428,18063.676335280456,5,5,915.142209597181,UPI
C01429,112855.23882656393,11,2,25534.22826080431,UPI
C01430,17540.31977666675,5,5,2905.68088939471,UPI
C01431,87723.14715037648,8,2,3242.401613099065,Card
C01432,36707.080265719094,4,3,3120.076494911588,UPI
C01433,32015.474053283848,7,2,1442.6818353875433,Card
C01434,48662.6139467709,18,1,5850.605228381686,UPI
C01435,29251.04891869907,6,1,3929.02505493397,UPI
C01436,20847.237135265714,3,3,3498.2686685298945,UPI
C01437,18055.25709965944,1,5,1933.3462678523326,Card
C01438,13268.633242679403,10,3,1878.5928137321696,Card
C01439,24777.555649457805,7,3,3648.428040427457,Card
C01440,8636.907907857982,3,4,2939.43937474013,Card
C01441,67783.15105142191,8,2,3449.3154426014953,UPI
C01442,21058.160114787228,10,1,2594.8851353469718,Card
C01443,38705.37556129335,18,2,2257.330595518262,Card
C01444,18066.4663033876,11,4,1410.9984293849384,UPI
C01445,45062.847264006145,15,0,5199.373291978883,Card
C01446,14903.41071528581,2,9,1446.2711571303707,Card
C01447,16642.171291501065,11,1,2334.631362056249,Card
C01448,35162.91398907562,9,0,2257.498089108257,NetBanking
C01449,14280.068003056414,5,9,1553.538462009493,UPI
C01450,57830.39035581068,15,0,1766.143015513192,Card
C01451,140487.5208972711,11,1,12051.910329987708,NetBanking
C01452,33874.10970069193,3,4,1339.0268549000052,UPI
C01453,24553.22218709046,5,1,3845.692688025977,UPI
C01454,27223.26826574404,10,3,1283.2496102946466,UPI
C01455,21594.854782533985,8,4,3063.0570768300827,UPI
C01456,46020.232183369946,11,2,2998.647048523891,UPI
C01457,23395.228863236436,6,3,1167.7752182569,Card
C01458,26912.74665993417,5,3,3411.3538699963387,Card
C01459,15976.457435234299,2,5,2375.2205412166613,UPI
C01460,10152.226846065314,5,8,2069.067378546421,UPI
C01461,62656.28417186532,8,0,5144.697479241439,Card
C01462,18331.830052251615,11,3,906.8688905587162,UPI
C01463,34889.83053440009,20,0,5256.263586474851,Card
C01464,12442.794457495096,8,1,2261.8183295023528,NetBanking
C01465,203751.84099255642,14,3,17024.60750415513,Card
C01466,146773.89373249141,21,2,9266.468744353482,Card
C01467,13090.804126641,5,1,1058.5947553126268,Card
C01468,16084.402973463599,3,7,1157.996836969126,UPI
C01469,33588.96092345797,11,2,1984.2844016608074,Card
C01470,71385.5494614883,10,0,2450.3600052603488,Card
C01471,78848.43212795041,16,1,5841.237729347605,NetBanking
C01472,30898.189043068778,10,0,3083.5581648603657,UPI
C01473,31147.84338112941,11,1,2167.606140387739,UPI
C01474,143593.29260862226,8,1,21740.43971735212,UPI
C01475,68942.7790518501,24,0,1984.9386702188172,NetBanking
C01476,22742.0567065476,10,4,2235.9011933493193,Card
C01477,144719.234381071,17,2,15312.66438914265,UPI
C01478,41907.85293144098,16,1,3879.215433746792,UPI
C01479,79560.55942991002,12,3,21120.189955582424,UPI
C01480,25466.91595789222,9,1,3155.9811234761805,NetBanking
C01481,35542.11359279782,21,2,4809.697893082655,UPI
C01482,39250.76192833009,9,2,3023.84083975295,Card
C01483,69944.18397347725,13,1,5698.236284798451,UPI
C01484,45914.13029705592,13,2,2979.7548677765135,Card
C01485,47266.0536044846,14,2,4891.881352650276,NetBanking
C01486,115923.6271385298,10,0,29226.718595079343,Card
C01487,6830.534116027889,4,9,2149.983556400315,UPI
C01488,31822.821504964562,10,1,1368.731499270922,UPI
C01489,77724.64105708609,22,1,4718.333577940144,UPI
C01490,82739.63240393865,21,2,4950.429706894771,UPI
C01491,85261.66877375789,16,1,1979.792099984802,NetBanking
C01492,12543.956320733198,9,4,3828.5952258413977,Card
C01493,54734.845248092686,9,2,3936.262994783617,Card
C01494,86032.36312291908,20,0,2809.526334818536,NetBanking
C01495,37912.58619946118,5,2,919.6064998857067,UPI
C01496,31655.147184951093,15,0,1947.0320450642498,UPI
C01497,34464.07289005558,14,2,2079.395648748934,Card
C01498,28191.28932324747,10,1,5530.848303698821,UPI
C01499,37825.24303739706,8,4,3551.9607750470686,UPI
C01500,87498.13366546493,13,1,3250.709045718982,UPI
C01501,36758.420215429505,22,1,3060.74069411609,NetBanking
C01502,11874.015453202535,5,3,2341.053923672956,Card
C01503,10844.72806792492,2,8,1955.946313060723,UPI
C01504,69387.80340591737,20,2,3583.648662667056,UPI
C01505,22305.28443298239,10,4,783.6147714150422,Card
C01506,89268.895060285,16,1,1972.7255391045314,Card
C01507,76853.49072452792,13,1,2347.3979913252597,UPI
C01508,18800.667985622225,7,4,3105.242552196487,Card
C01509,35968.28265925071,6,2,2885.1995535704586,UPI
C01510,18488.484563207563,4,2,2434.1587006883556,Card
C01511,24669.09916496501,10,4,1852.8908130239704,UPI
C01512,25160.690262633507,10,3,2706.011314636712,UPI
C01513,47733.37333353018,22,2,1658.6128930608675,UPI
C01514,19241.08542284297,5,8,855.0482607302006,UPI
C01515,33573.41420819398,6,3,2789.334695929401,Card
C01516,89125.10472494052,18,1,2856.5514390678636,Card
C01517,45848.12639713012,14,2,1867.0691526687924,UPI
C01518,48278.20509512763,14,0,5231.671750338988,UPI
C01519,8185.773088674471,3,8,1173.9263613167527,UPI
C01520,62709.88450141546,9,2,3585.656097656614,UPI
C01521,49281.22157669696,15,1,5809.099029845617,UPI
C01522,6351.52041817511,6,6,2233.6690654674658,Card
C01523,45552.14411898927,16,0,2696.1443055433374,Card
C01524,25192.234860892942,3,3,3658.4467927007377,Card
C01525,30410.86457005242,21,2,2561.327222662353,NetBanking
C01526,28145.27773901525,4,3,2360.5972762419665,Card
C01527,12043.683494046438,8,1,2081.8925674574575,NetBanking
C01528,8719.229531645884,4,1,2312.4079250023306,Card
C01529,63649.184028159165,18,1,2879.342392809166,UPI
C01530,14833.20306674203,6,1,731.6448852479634,Card
C01531,21368.63712147864,8,3,1201.126326274783,UPI
C01532,84196.52187377459,14,2,1424.1591844912052,UPI
C01533,86554.99947887007,13,2,1539.2766585364195,NetBanking
C01534,39113.97527356743,7,1,2174.1735970227887,Card
C01535,53489.85453033737,14,2,1844.4884913912326,NetBanking
C01536,15464.125139253596,11,3,2247.2142343803134,UPI
C01537,53277.46766848008,19,2,5099.808662393987,UPI
C01538,32109.09200618552,16,2,2484.593653154293,Card
C01539,20944.830777793533,5,3,1263.9738870379456,UPI
C01540,82002.67961406402,19,0,3949.5880733734894,Card
C01541,69573.70152925682,13,2,2925.0951484879915,UPI
C01542,23359.790124551902,7,3,3739.3716555914184,NetBanking
C01543,11695.60787131298,11,1,3758.761456487888,NetBanking
C01544,54262.4553127567,12,2,2954.1048963480616,UPI
C01545,49767.31598540887,15,0,2915.75277621926,Card
C01546,28085.34156354217,7,1,3659.236721396105,UPI
C01547,33251.64778194869,10,0,2983.121288668155,UPI
C01548,19918.696334492488,5,4,3588.788225366841,UPI
C01549,30040.449734443446,4,1,3841.276232488448,UPI
C01550,22942.847533703374,5,1,3585.5945884741873,Card
C01551,29399.706505430477,4,4,1372.0678352038153,Card
C01552,79456.22883095378,24,0,1263.5122638823195,UPI
C01553,7006.243606818067,6,5,2265.3133892449887,Card
C01554,6286.098920593247,6,4,1295.3635155027214,UPI
C01555,15636.377991146088,5,3,1767.8619384929534,NetBanking
C01556,47783.398815345216,13,1,2502.9276828352145,NetBanking
C01557,31034.593351007625,4,2,2503.400892202691,NetBanking
C01558,8461.351762388444,2,5,1041.6127726126506,UPI
C01559,29121.188265442903,4,2,2866.6392045201637,Card
C01560,178654.11486221582,9,1,27132.008349885993,UPI
C01561,39121.10166807618,9,2,1713.137236330318,UPI
C01562,18535.492290202514,9,4,1523.4444759921257,Card
C01563,45009.71713676673,15,2,5993.671022078207,UPI
C01564,27511.385428476144,3,1,3442.2065209066936,UPI
C01565,7595.679830615198,5,9,1927.3531360838801,UPI
C01566,8206.56273755933,4,1,2914.1442998654493,Card
C01567,238139.36122353814,14,3,8245.74005694306,UPI
C01568,29764.283895505243,9,3,914.2380600430395,Card
C01569,72840.38728867014,8,1,3846.8484467758376,Card
C01570,80630.3955101755,16,1,5515.1744600905995,UPI
C01571,11286.097068363404,7,4,1880.0814092793905,UPI
C01572,3740.9284144538333,2,4,1583.04127712809,UPI
C01573,14563.634623264079,4,1,1337.697129825922,Card
C01574,9977.473680294563,6,6,2072.4021142673073,NetBanking
C01575,13554.230490730206,9,1,3122.529431481862,Card
C01576,8370.215805302269,5,6,2793.9603735046717,UPI
C01577,31165.525797167364,9,3,2074.611191838826,UPI
C01578,71131.5481167568,14,2,5148.542170196432,Card
C01579,83367.16179879635,19,2,9915.220312040346,UPI
C01580,81039.85334550429,15,0,9037.661203859612,UPI
C01581,88926.31052927978,14,1,4953.43133895207,Card
C01582,27578.285414390866,11,1,5792.898935839272,Card
C01583,32076.256912837784,16,2,3812.7447460567955,Card
C01584,220114.12171661996,12,1,8522.24193817883,UPI
C01585,88988.00832602584,9,0,2067.8006527929974,Card
C01586,46152.087379631645,23,2,1152.4037156255242,UPI
C01587,28780.79834808236,7,1,1032.470536337855,NetBanking
C01588,13546.669644307582,3,5,1519.8939631009002,Card
C01589,24132.30319753207,5,4,1186.507035880203,UPI
C01590,18172.306433471378,9,4,2044.2489097234054,UPI
C01591,8105.699054107355,6,4,2594.438856892675,UPI
C01592,48851.81048266517,13,0,5948.899010229387,Card
C01593,61751.75673842493,17,2,3822.519256045751,Card
C01594,78510.59155520906,22,1,3568.5795027108206,Card
C01595,19429.236458436848,7,1,2284.6430576345206,UPI
C01596,71897.03511964052,10,2,2660.1102000915457,NetBanking
C01597,30697.8715575581,15,1,3720.3455546271693,Card
C01598,36545.27449388014,11,1,1456.0230431968462,Card
C01599,33109.37397996289,17,1,5515.729013176577,UPI
C01600,11024.234389096244,6,2,845.3733843062629,Card
C01601,13363.802796010183,7,1,733.0193134512335,NetBanking
C01602,29753.791669340717,8,2,3954.3126091238605,UPI
C01603,6037.858075799725,3,7,2795.2001086467167,UPI
C01604,50324.79917235497,13,1,5681.456563380661,Card
C01605,75178.73571932488,8,1,5609.485096061626,UPI
C01606,7896.160597043126,4,4,591.2064889188948,UPI
C01607,50953.303334273456,9,2,5009.932525580037,Card
C01608,88210.03884238898,10,1,5973.150328839438,UPI
C01609,54869.34631045701,13,1,4734.257858394552,Card
C01610,24430.08382569709,10,4,3898.8127081816897,UPI
C01611,83617.33325721815,10,1,3611.257940221172,Card
C01612,60884.41657572475,16,0,1382.7368984793573,UPI
C01613,6342.9185612957,6,5,1101.0599151117622,UPI
C01614,11976.53874910446,5,5,512.4536637635279,UPI
C01615,75657.50296718982,12,0,5096.260227234281,Card
C01616,58129.09857676415,16,1,4807.415691628561,UPI
C01617,49973.228455566845,22,1,2126.530408334256,UPI
C01618,234064.6038760585,18,0,25518.930632044274,Card
C01619,35952.86456787082,18,0,4453.895505570966,UPI
C01620,19029.941405340698,2,3,1641.468694262298,UPI
C01621,63768.85574463275,9,1,1984.09561840277,NetBanking
C01622,24159.03845295226,8,4,1499.1017175026748,Card
C01623,62952.57495898942,18,1,5799.971872792974,Card
C01624,85599.87814703613,18,1,2375.67459953011,UPI
C01625,180392.58354004705,8,3,13192.348615901486,NetBanking
C01626,11442.000576692173,3,9,1236.8650921191036,Card
C01627,229756.16890881106,16,0,16612.86384599766,UPI
C01628,26267.088477612877,11,1,1834.630904354689,UPI
C01629,21975.042644588906,4,3,1065.6253170157784,UPI
C01630,39941.00467522054,18,1,4966.608294986985,UPI
C01631,84243.77788804322,24,1,5419.016051872085,Card
C01632,19160.637672518315,2,5,1668.7487086202916,Card
C01633,89504.85408690694,17,2,1781.9785358761055,Card
C01634,23827.015368450888,4,4,3770.44268536854,UPI
C01635,73594.7993440082,11,1,1149.9852419775332,UPI
C01636,40529.35560654005,22,0,1632.365600348036,UPI
C01637,31765.931791851268,14,0,2451.3707529829535,UPI
C01638,79595.53001651137,22,2,2261.427114327299,Card
C01639,19794.20536593631,5,4,2241.176020051919,UPI
C01640,11467.388194416504,6,3,3082.812448390128,Card
C01641,30824.311703020605,23,2,1221.6295117732498,UPI
C01642,22030.61149251138,9,2,1733.0552525458897,UPI
C01643,18274.171810896187,8,2,906.1339801865922,UPI
C01644,37982.86900488309,6,4,3479.8009680601413,UPI
C01645,23910.125698766293,8,3,2394.033330703014,NetBanking
C01646,73267.16736799115,10,1,5798.730248061483,UPI
C01647,24233.967273054513,6,4,1749.2819986935042,Card
C01648,19329.979448773774,9,4,2313.6183865289945,Card
C01649,34843.89001937529,4,4,1140.7160201237011,Card
C01650,8399.245092746733,4,1,1198.724243415252,Card
C01651,44859.34979745301,19,0,3656.5644558965246,UPI
C01652,8410.69782782688,7,2,1382.3839128550192,NetBanking
C01653,68193.32655327415,24,0,2260.0610405721486,UPI
C01654,27901.130072661992,9,4,1889.059648159194,UPI
C01655,21978.02587140324,8,1,1904.7073381571618,Card
C01656,18177.749123390964,10,2,2529.163820075626,Card
C01657,27526.267927898134,3,4,1706.6364970099717,Card
C01658,40682.509166383636,8,0,4856.740718970269,UPI
C01659,39216.14266769857,4,1,943.7681490198208,UPI
C01660,37378.24393044915,4,4,1317.5568567787013,UPI
C01661,11644.74068504558,10,3,2292.4440327779243,UPI
C01662,8752.558170212491,7,1,3596.4737915487167,Card
C01663,12873.332928169752,5,1,1733.265889571742,Card
C01664,13301.497004340164,5,9,1485.8884347347353,UPI
C01665,207366.94860946343,17,3,28003.12602384543,Card
C01666,47356.53412185109,14,2,1043.6244603456514,UPI
C01667,28792.672433398602,11,4,3702.3691113088316,Card
C01668,82673.5787352603,16,0,4035.4280116117698,NetBanking
C01669,8392.874302078684,10,3,1755.7555236332405,UPI
C01670,25765.968935589884,5,4,2600.8805397487704,Card
C01671,40632.17305757804,23,0,4744.002496168398,Card
C01672,59154.942897865316,17,0,5734.646296954627,UPI
C01673,53976.42992786378,23,1,1548.3447817467236,Card
C01674,146480.6950351659,17,1,8281.681665410691,Card
C01675,17793.914520962462,9,4,2513.265960635589,NetBanking
C01676,16797.563115698358,5,3,2475.100538135179,Card
C01677,240474.38439714783,9,2,26231.490825681554,UPI
C01678,19387.64935889082,2,5,1614.9646100878729,UPI
C01679,12531.045458545059,6,8,589.8821663811508,NetBanking
C01680,4042.075486151031,1,9,1870.3884402500353,UPI
C01681,50604.679494407945,8,0,2758.514466161981,UPI
C01682,68384.6887848076,9,0,5928.879330531365,UPI
C01683,21439.997270973574,11,3,2227.5452845541677,UPI
C01684,27004.105243713686,22,1,3111.396559875115,Card
C01685,8090.7464648013165,4,4,1249.8939615614297,UPI
C01686,208806.7942672306,16,1,17058.211595709992,UPI
C01687,48780.6155908744,24,1,4312.751689756591,UPI
C01688,3722.080583461485,4,3,2557.454302428131,UPI
C01689,30265.731950725927,9,0,4354.6149557611825,Card
C01690,52207.583420674426,11,1,3526.3526150256353,NetBanking
C01691,29761.417556555065,5,2,2027.2945572756837,UPI
C01692,10985.262147890966,4,4,1120.464376488832,NetBanking
C01693,89236.92280554649,19,2,5924.245966014441,UPI
C01694,60659.49388323018,14,2,3422.665386052594,NetBanking
C01695,22650.63780184472,4,4,2460.6507272519675,UPI
C01696,33576.24688007331,7,1,1861.550430851185,UPI
C01697,26576.028709597755,3,2,1606.0365397589471,UPI
C01698,57509.27685622155,11,1,4003.39262147594,UPI
C01699,72965.22086673256,24,0,3676.1799963916937,NetBanking
C01700,20977.69540098779,5,1,2960.6991368972917,UPI
C01701,9167.030507112333,10,4,1736.033309523348,UPI
C01702,55335.22691557985,10,2,2655.011503977252,Card
C01703,13027.829268571508,5,7,547.8719431650937,Card
C01704,28447.102068507716,10,1,2913.7512750292167,Card
C01705,10195.935315833627,10,1,2214.6790360573505,UPI
C01706,64930.50596120787,16,1,2906.8181540812047,NetBanking
C01707,53974.70108438512,16,2,2492.4099104651186,UPI
C01708,29231.7216431103,15,2,3626.1586212969073,NetBanking
C01709,37719.68279345672,10,3,2266.4123046996233,UPI
C01710,89537.24914341501,21,0,1186.4564563119297,UPI
C01711,31988.220861946236,13,0,5367.917562385399,NetBanking
C01712,18817.37898872039,6,4,2419.144789054566,Card
C01713,50439.0319137708,15,2,4957.6443420924925,Card
C01714,37203.45453407753,23,1,2566.7895855981074,UPI
C01715,30751.82001234193,8,2,5373.94390475157,UPI
C01716,19125.19467673481,6,3,2637.0314234260472,Card
C01717,11678.051033624406,5,4,3581.7620898897862,UPI
C01718,29228.529528570463,9,4,810.7566929883083,Card
C01719,16736.95508354099,8,3,3387.6383050142,UPI
C01720,39873.24322206511,9,3,3874.770085287951,Card
C01721,21215.913010931574,3,1,2715.868638429612,Card
C01722,18118.922904104904,5,6,2860.390972267366,NetBanking
C01723,176456.40256317513,14,2,22651.850344974402,Card
C01724,83600.84803665397,16,1,5601.039106774595,UPI
C01725,34882.28580305191,9,4,2629.254456608562,Card
C01726,33152.2619168714,6,2,3800.2009594073943,NetBanking
C01727,52134.335934469345,19,0,4129.118851931216,Card
C01728,87779.39469487082,14,1,5968.724729966423,Card
C01729,65413.866533933615,19,1,5937.696713888073,UPI
C01730,57403.16533411012,17,0,3738.1089781626406,UPI
C01731,67003.40852671166,18,0,4111.34067201831,UPI
C01732,27378.11995981654,4,2,1722.8634466214048,UPI
C01733,81714.4391360588,12,2,3388.455970690608,UPI
C01734,27883.58804053069,11,1,3009.7212301315585,UPI
C01735,83642.41904168282,21,1,5476.514412281773,Card
C01736,88782.30228219104,14,0,11474.863000689656,Card
C01737,28402.13650669414,14,0,5842.975548647515,Card
C01738,15307.332798156785,9,2,2765.8068530422756,Card
C01739,31204.463770210838,4,3,3582.704180372608,Card
C01740,17758.76048211439,1,3,1206.0347300877138,UPI
C01741,26923.562500072177,15,1,3685.262250247436,Card
C01742,70788.36805592173,21,2,4954.466584558122,UPI
C01743,37250.449843270166,10,4,3609.107841925156,UPI
C01744,58696.45509266533,10,0,3497.630211713705,UPI
C01745,36357.77654972963,4,4,1571.858321289727,Card
C01746,69474.00035309675,22,0,4990.2599990145445,UPI
C01747,19497.107585868962,4,3,1774.0386246091996,UPI
C01748,20034.09384732841,3,2,2455.5442821863535,Card
C01749,10237.468458178168,10,4,2297.2838702981044,Card
C01750,69896.65631751662,10,0,3986.071187170273,UPI
C01751,64551.51164700336,10,2,2908.316268661909,Card
C01752,50486.25616450005,22,0,4395.867738816811,UPI
C01753,13256.697509747075,3,9,544.8143164828474,UPI
C01754,39143.74856113469,8,4,2312.237147292665,Card
C01755,35938.53057048098,5,3,2057.9232968026,Card
C01756,17780.17439465438,3,4,3140.809713764653,Card
C01757,61594.78710831467,10,2,3933.824686335462,UPI
C01758,172880.72480487314,21,2,17599.950793651515,UPI
C01759,82596.20385008474,11,0,5893.278479614292,UPI
C01760,34029.19805124979,16,1,4153.55673723646,UPI
C01761,25240.70586833776,4,2,1405.4884140351385,Card
C01762,28993.29249710603,18,1,1346.6413470876378,UPI
C01763,35472.55979146337,6,3,3175.0043154426317,Card
C01764,9320.247827639732,9,4,3183.7083665296154,Card
C01765,55075.477958348594,24,1,2736.999557656413,Card
C01766,29671.334400164855,5,2,1624.3532714291543,Card
C01767,10790.130772071767,4,3,2490.2794805095145,Card
C01768,46659.7034108463,21,1,5330.138196423031,UPI
C01769,16479.882579655547,9,3,1398.9839237155545,Card
C01770,19931.136175457425,2,3,2684.794980379344,Card
C01771,60685.81454810221,9,1,5049.247893378908,UPI
C01772,30787.828507997587,3,4,3701.641606278285,Card
C01773,18130.219273534138,9,4,2230.8371505604846,Card
C01774,54515.37286114758,8,0,3317.0697137385423,Card
C01775,18360.519431757646,3,2,2361.9967882337132,Card
C01776,64719.01808909326,10,2,2914.7139190728717,UPI
C01777,28920.39631389334,7,3,3167.0786653378677,UPI
C01778,7599.362531560643,3,3,2295.64904854801,UPI
C01779,18574.942375727107,4,5,2162.326926019584,UPI
C01780,17235.35462950194,6,9,2405.845466873421,UPI
C01781,67602.10565800389,19,2,1527.743301057338,UPI
C01782,31311.836031909217,13,0,3010.4325686788197,UPI
C01783,4693.013786409774,4,3,870.0308122892718,NetBanking
C01784,49683.53993393875,13,0,3866.5090535084096,Card
C01785,36767.7171867157,8,3,3244.5236848718573,UPI
C01786,39762.82573774179,17,1,1674.1775195047378,Card
C01787,141700.50490783,14,2,25724.056210723407,UPI
C01788,34254.62114113696,16,2,3206.261891901883,Card
C01789,13707.785468627091,11,3,3351.7181919076434,UPI
C01790,38394.00970716902,7,1,3405.6281347895956,NetBanking
C01791,4588.179811547148,6,6,1358.7405549533155,UPI
C01792,18384.19021395741,3,1,1919.511655038841,UPI
C01793,25725.576597837655,22,2,4886.389187046128,UPI
C01794,207618.93756143688,17,0,14662.172309646081,Card
C01795,171689.08271076635,11,0,25353.59575356548,Card
C01796,29119.255023848567,10,1,2274.7313587223443,Card
C01797,5537.580628886131,3,3,894.0901764599489,Card
C01798,21571.349884618507,7,1,2338.3950075830726,NetBanking
C01799,10095.076345770998,3,7,2319.076567439791,UPI
C01800,6270.137100840254,3,8,2065.653740447724,UPI
C01801,78693.71932985948,12,0,5985.109875665377,Card
C01802,11777.678980010503,5,2,845.3061293315475,UPI
C01803,35940.82498737246,8,1,1760.4208090091513,UPI
C01804,34912.14691637462,10,2,1755.6837112336455,Card
C01805,69300.59644526406,23,2,5215.188274966741,Card
C01806,37948.645808303525,23,2,1472.108867113758,UPI
C01807,40064.50632477691,13,2,3005.0158018771444,UPI
C01808,35120.34329876455,11,1,2570.2901461325337,UPI
C01809,51835.000563306225,19,1,1075.1539501367681,UPI
C01810,38674.97343011075,5,2,1482.558880681342,UPI
C01811,43126.15749845099,9,2,1869.8489962423412,Card
C01812,33454.57341551478,19,0,4709.147344414021,UPI
C01813,11494.51754218185,7,4,1845.7602082750873,UPI
C01814,10250.099629081451,3,5,1660.9877779545188,NetBanking
C01815,23298.08033172656,4,4,3470.8568866374053,UPI
C01816,74120.9977430231,20,3,21847.340408524185,UPI
C01817,86424.24521449395,18,2,5429.582809393972,Card
C01818,21944.267484922555,9,2,1990.9947898389266,UPI
C01819,11383.16128200588,5,3,865.7912712258981,Card
C01820,84936.15697574912,22,0,5898.155127999059,UPI
C01821,64340.38300064732,17,2,4180.833222312757,UPI
C01822,35943.01420918827,7,3,2041.001546976715,UPI
C01823,5341.214230811189,4,8,2312.8182538841666,UPI
C01824,79263.46949898251,8,1,4247.160027566168,UPI
C01825,10433.220453755606,3,3,869.2526179650876,NetBanking
C01826,70461.81303721381,24,0,5117.0609983847025,UPI
C01827,53340.12387585605,9,0,3207.3033439888095,UPI
C01828,27023.2490947081,4,1,939.8072319542288,UPI
C01829,17918.437951489715,10,1,3435.8438401269273,NetBanking
C01830,17747.76565798217,6,2,1019.3702674095609,Card
C01831,57837.079955964764,16,2,2612.297234456174,UPI
C01832,42602.332062685935,14,0,4896.093318329013,Card
C01833,24187.00398800945,4,1,1145.5712597583063,UPI
C01834,29654.693269326104,4,4,1794.9086038892074,UPI
C01835,30513.98954196832,9,2,1853.6652638414614,Card
C01836,82727.75035127903,17,0,4965.351168043955,Card
C01837,33279.16523605702,5,3,2180.046982063667,UPI
C01838,31614.62719768701,7,1,2607.5973033821924,Card
C01839,14073.026740628986,4,7,2766.0665508925795,UPI
C01840,82309.61028468586,19,1,5416.470225956367,Card
C01841,12935.753161861761,8,3,1218.5684951328055,UPI
C01842,55105.141040997725,11,1,2327.835130407281,UPI
C01843,22986.333919517696,6,3,3926.2768996424948,UPI
C01844,31543.96095545096,15,1,3728.7212647156102,Card
C01845,13606.977645235836,11,2,2764.6598308322814,UPI
C01846,26266.437016042735,17,1,2880.0596616968405,UPI
C01847,36235.70588684254,8,1,4026.726613269065,UPI
C01848,8067.082609451805,5,7,2592.109944863883,UPI
C01849,35981.326832279534,9,4,1016.1624488947812,Card
C01850,3953.690896105353,2,3,2511.9051886074913,UPI
C01851,38276.062713302905,8,3,3549.3593894250066,UPI
C01852,25177.0704348249,8,2,2386.619648116095,UPI
C01853,27233.03045760073,10,4,3024.9885074253802,UPI
C01854,13514.876710195746,8,1,2411.890610583274,UPI
C01855,34574.368697617254,8,2,3151.802107906026,NetBanking
C01856,57230.64110455551,14,1,5738.386381654156,Card
C01857,27222.538028353676,5,1,3519.256173681158,Card
C01858,230834.11105893634,19,1,12062.785138717194,UPI
C01859,53002.48891939211,9,2,5274.039827063391,Card
C01860,18493.201933461423,7,3,3005.8638498403857,UPI
C01861,22596.150259688045,4,4,3619.437544478204,UPI
C01862,64876.48878233628,13,1,5931.806081796977,Card
C01863,73897.58961723816,13,1,23538.62520382277,NetBanking
C01864,31728.74344450034,8,2,3833.949506552267,Card
C01865,34356.24900036624,8,4,2622.438698701118,Card
C01866,37678.00196508228,7,3,2841.155650093086,UPI
C01867,39256.114192604204,7,3,1774.4892515640101,Card
C01868,44398.77286425754,17,0,3563.1594209662467,UPI
C01869,5524.211840442313,4,4,1904.6014284894475,UPI
C01870,10628.836166854031,1,3,1720.651212988026,Card
C01871,40033.90173247476,19,1,5794.7924377491,Card
C01872,28188.54118058808,3,1,2726.213192661348,UPI
C01873,11708.475455814465,8,1,3593.5514213318042,UPI
C01874,55524.56716647728,23,2,4562.193122304834,Card
C01875,56119.126285266684,12,0,2905.1319010668194,Card
C01876,16417.603200991936,5,2,3829.105430833214,Card
C01877,96084.84612493069,14,3,11273.2896958854,UPI
C01878,46526.84101376752,8,1,5157.359834919609,UPI
C01879,88978.0361755975,22,2,4596.340635475501,Card
C01880,44364.844506184934,18,1,1949.6320508880713,Card
C01881,10507.262586847193,3,3,748.1408810974353,UPI
C01882,10117.831989401842,10,2,2991.6032736470243,NetBanking
C01883,65209.75886497433,9,0,4074.4589301765773,UPI
C01884,31288.90550924359,9,1,1249.4801676496263,UPI
C01885,12477.8471401136,4,4,1529.1017448604555,Card
C01886,61778.6571181696,17,1,1813.7716526194154,UPI
C01887,25982.204150350834,21,0,5652.85260075039,Card
C01888,35089.910128898264,16,2,5781.577038798818,Card
C01889,78848.1059318048,20,1,4225.338391182408,Card
C01890,77324.87854851235,19,1,3763.146740146635,UPI
C01891,16574.23692884283,5,2,3766.6456533265223,UPI
C01892,27543.469579985365,8,1,3928.867224117527,NetBanking
C01893,16360.322586372064,2,6,2115.975048708545,UPI
C01894,88317.07025720013,11,1,4000.1568684234358,UPI
C01895,11439.246982266159,3,2,2565.2747712339265,UPI
C01896,17389.15712351146,2,6,1265.219512185836,Card
C01897,9084.996540985652,4,3,2653.371726892852,Card
C01898,8525.187154700909,6,5,2061.7072638151103,Card
C01899,68181.43801878233,16,2,2144.50207706225,Card
C01900,23307.78234835474,3,1,1371.9356889318676,UPI
C01901,59206.910179721956,19,1,4934.205575443673,UPI
C01902,58949.19545055141,14,0,1010.6929389945465,UPI
C01903,52350.92638558515,14,1,1159.838138730195,Card
C01904,10452.388479336843,8,4,2826.607577841934,Card
C01905,79404.6844329847,13,2,5575.5562354553085,UPI
C01906,61620.14967446949,8,2,4458.738362095855,UPI
C01907,27313.97371968583,10,3,3720.6092230889058,Card
C01908,78549.38778204091,22,0,4054.8406622683233,Card
C01909,13630.007037565061,6,9,1232.473702829735,UPI
C01910,54993.74898981066,23,1,1846.5256794853403,Card
C01911,60088.25865474151,17,0,3146.984321910322,Card
C01912,31794.482487179717,22,2,2969.3225471528467,UPI
C01913,114922.79013953454,12,3,15541.954104599383,NetBanking
C01914,37707.95758783555,15,0,2924.278621084707,Card
C01915,50065.399970965795,19,0,5729.549557100501,UPI
C01916,57462.45165063223,16,1,5483.902525338801,NetBanking
C01917,81197.50021033161,19,1,1280.7040515924475,Card
C01918,13755.023154883937,5,4,3354.4540470944835,UPI
C01919,42548.30468162354,10,0,1409.890073089235,UPI
C01920,43897.569033333,21,1,2020.6222290824062,UPI
C01921,49085.365095734,13,0,5890.1671064865795,UPI
C01922,4508.51816904352,3,8,1301.2679404313922,UPI
C01923,67763.6119889867,24,0,4175.527352300447,UPI
C01924,100190.70463380782,16,0,23780.125453922963,UPI
C01925,53422.8744546416,11,2,4304.353798137668,UPI
C01926,12635.222809150517,2,8,1738.8033389027494,Card
C01927,36480.62435144962,22,1,1946.2304524164206,UPI
C01928,91930.68334938998,13,3,14499.826440687979,UPI
C01929,36856.28154101302,11,1,2322.5475575027635,UPI
C01930,22812.091894314828,7,4,2543.8258961602005,Card
C01931,45733.58804113533,21,1,4525.196026674511,UPI
C01932,15112.657579944767,4,2,3755.4799514793913,UPI
C01933,75196.65038719407,11,1,2411.3620150297247,UPI
C01934,64695.59553760591,17,0,5832.084706043611,UPI
C01935,4456.482338161142,6,8,648.7639178096558,Card
C01936,75441.73774919016,22,0,5487.002893886524,Card
C01937,61416.50687427978,10,2,2386.5806488522267,NetBanking
C01938,17444.82877490614,10,4,2826.7173888946704,Card
C01939,19114.198833991315,5,3,1691.7426347939981,Card
C01940,35903.190959716514,3,2,3408.998530956483,Card
C01941,57997.30020152841,8,1,4211.0089813632085,Card
C01942,12106.208293218964,5,3,1466.0946354773653,NetBanking
C01943,30253.164285410036,7,4,831.4576189860992,Card
C01944,33502.594933868546,7,2,2853.664919566046,Card
C01945,64096.87404898417,8,2,3582.7606345764098,Card
C01946,240207.58786149038,17,1,11157.5207765468,UPI
C01947,9111.677293515988,10,3,1490.0794515186465,NetBanking
C01948,85397.92869539847,13,2,3871.113717471303,NetBanking
C01949,19048.893033042772,4,3,2617.105646226254,Card
C01950,10303.618641697885,6,2,771.8934391113974,UPI
C01951,53888.56042491351,13,2,3277.527303499677,Card
C01952,80659.0908469731,17,0,5071.5654792040605,UPI
C01953,30639.944189403563,8,3,1310.6664435112928,NetBanking
C01954,83007.73708850815,13,0,2054.1864875099463,UPI
C01955,31011.46586172402,17,1,2434.240062500913,UPI
C01956,12946.904283696302,4,3,2153.8002399100824,Card
C01957,18769.71054839997,1,8,2908.4613494929818,Card
C01958,31787.09476836187,24,0,3433.880469016289,Card
C01959,13739.812799825782,3,5,1465.4100592025707,UPI
C01960,51650.52036214104,24,1,4319.375866950097,NetBanking
C01961,45694.1557310778,20,0,2163.883683837371,UPI
C01962,64397.207312751336,18,1,4186.3046123422955,UPI
C01963,84572.09536018062,11,2,8374.66678644239,UPI
C01964,55216.98538418868,14,0,5240.042497332617,Card
C01965,48494.3945291294,24,2,1822.9695560928658,Card
C01966,63171.053570645316,17,0,3804.9747698004117,UPI
C01967,227324.19336468898,16,3,29277.687022500613,Card
C01968,31131.52031774536,3,3,1169.8914053873061,Card
C01969,36498.95493879976,4,2,3689.877000955543,Card
C01970,43074.18658164616,17,1,3259.1135342550297,Card
C01971,21180.980440956664,3,3,2074.5162637340945,Card
C01972,51427.3560642932,24,1,2091.535034015888,Card
C01973,84184.65601198132,13,1,1469.5025210879044,Card
C01974,89378.630009332,15,2,4150.845007407552,UPI
C01975,13814.17620457608,5,8,2657.6166746255517,Card
C01976,76968.97563873389,23,0,3740.700963089672,NetBanking
C01977,39182.170959636365,12,1,5324.456256482039,UPI
C01978,79011.34406324512,13,0,3322.4818331064494,Card
C01979,53090.37372482562,11,1,4223.741882138197,NetBanking
C01980,38811.33083570998,7,1,3392.173396385832,Card
C01981,19074.226844207806,6,2,886.8579851166813,UPI
C01982,37768.90398667162,9,1,1165.3963263800024,UPI
C01983,83610.80467487473,10,2,2670.4054953185837,Card
C01984,10530.093762174296,3,3,1477.7016179810266,Card
C01985,28841.047353918955,24,0,5078.568531493916,Card
C01986,71399.2160099227,16,2,24122.37516541453,UPI
C01987,84909.55519839277,18,2,5946.7764577450025,Card
C01988,32105.026503313537,9,1,2002.3964944842069,NetBanking
C01989,17547.057177330476,10,1,2865.7795484447934,UPI
C01990,10091.022356471121,5,3,2903.876632624479,NetBanking
C01991,82847.69633981926,19,1,2093.502553457645,UPI
C01992,17110.66012440855,8,2,2613.089537272994,UPI
C01993,12677.002577207397,9,1,2193.393590212534,Card
C01994,19009.351786775085,6,7,859.5703620248669,Card
C01995,26854.09422117481,7,3,3431.83215646941,Card
C01996,39958.56042461432,9,2,2415.125030795026,UPI
C01997,8340.254660293787,7,4,2187.384258172763,Card
C01998,35309.045364430574,5,2,1698.050358675585,Card
C01999,35343.05693268147,9,4,1393.880145112193,UPI
C02000,9787.440002627989,9,1,2018.4587006685451,Card
C02001,35628.61804711574,4,2,846.4377168128517,UPI
C02002,80284.91931938168,10,1,4351.737876138348,NetBanking
C02003,26140.78471353109,10,2,2921.6332849025366,Card
C02004,34728.468471701985,4,3,3319.6079541177473,Card
C02005,230761.29815183012,19,0,27099.38601999893,Card
C02006,81604.16273050697,18,2,4465.225107189831,Card
C02007,69172.84490535661,10,2,1752.5582615157134,Card
C02008,40489.487356078505,24,2,1440.2712534046032,Card
C02009,39904.102728384954,9,1,2105.5516613890886,UPI
C02010,28357.588962672482,5,2,3777.3556406257094,Card
C02011,8055.288958858153,11,4,1460.0268142508094,UPI
C02012,125300.02867995229,21,0,23512.236757734514,UPI
C02013,32628.40573358057,9,0,4023.060953836985,UPI
C02014,201017.34471267005,9,1,25580.992899337856,Card
C02015,25725.463025808484,11,4,1347.3737098921174,NetBanking
C02016,51115.77590110152,22,0,2485.272393103481,UPI
C02017,36247.525226300204,8,1,3830.094239883855,UPI
C02018,19217.709337659573,5,9,1327.614549184907,UPI
C02019,18318.513166229754,3,4,3991.7516744848394,UPI
C02020,25885.665087646874,8,3,2039.1989608876806,NetBanking
C02021,14717.68845996327,5,3,3301.3445528827842,Card
C02022,63586.7728527267,23,0,3904.7594356630775,UPI
C02023,8682.628754771858,5,4,1877.567931547295,UPI
C02024,76701.37277252675,11,1,5251.850548008318,NetBanking
C02025,22777.15433069878,9,3,3877.8833566736607,Card
C02026,59707.03560882554,19,2,3397.651761363608,Card
C02027,27264.7322672384,3,4,2665.025248461501,UPI
C02028,68617.86540884718,10,2,5643.270653475205,NetBanking
C02029,29631.814607074204,12,0,5075.291823429498,UPI
C02030,12314.146447300012,2,4,1062.1739830238396,UPI
C02031,72353.74720003796,18,0,1516.95528103605,Card
C02032,31664.753201391824,12,1,4267.719201108279,UPI
C02033,25760.339227614648,6,4,2794.673836223982,UPI
C02034,14475.358666932532,7,2,2105.325168369493,Card
C02035,41003.89886602864,17,1,2219.4303803325683,Card
C02036,120022.78280774869,20,1,12991.95879841084,Card
C02037,20173.496407305225,3,2,906.6484573644394,UPI
C02038,37254.48990381928,6,3,2637.970024484912,UPI
C02039,34963.6581777591,7,2,2160.67956840881,Card
C02040,32119.813880449103,10,1,2831.601312859536,Card
C02041,59656.75130510186,14,1,2133.2758992781883,Card
C02042,78437.3293477835,16,1,5681.620666298321,UPI
C02043,84141.38156605064,13,0,5272.130536281375,UPI
C02044,43753.640235978455,20,1,4955.081577688437,UPI
C02045,18578.01164103787,3,3,2948.7348919248952,Card
C02046,27130.480032424155,6,3,812.140071059222,Card
C02047,25629.536970816145,5,1,2199.9770681747837,UPI
C02048,80109.61302358362,18,1,4375.181236556124,Card
C02049,14026.550275545287,2,6,2970.5949275553603,Card
C02050,63244.19898353385,15,1,3498.474511842479,NetBanking
C02051,19811.126997398584,10,1,3272.891717359632,Card
C02052,37791.878357176225,5,3,2337.176399624085,Card
C02053,53204.07384479701,24,0,2697.416223594097,Card
C02054,76954.36222475301,24,0,2071.841745482134,Card
C02055,36933.735503187345,8,3,705.5220209067663,Card
C02056,10900.824827354008,10,1,2306.467910473395,Card
C02057,14548.414450795288,6,2,2506.892245731653,UPI
C02058,117822.77081966748,21,2,11042.5574227911,Card
C02059,17335.252181328724,9,2,2097.387911883832,UPI
C02060,15556.685218711375,6,7,2564.1870444332894,Card
C02061,25287.661361415612,7,4,3661.510305588504,Card
C02062,77740.39787670827,9,2,5617.688173551955,Card
C02063,28236.86303726823,9,4,3762.348704532531,UPI
C02064,80159.85557038631,11,2,3548.556477102135,NetBanking
C02065,19979.245343478393,7,4,1993.2897436856506,Card
C02066,26387.404066000945,24,0,5196.108878073507,UPI
C02067,40543.58829649968,17,1,4146.558037827115,Card
C02068,8259.982219036097,3,4,1825.8452024701758,NetBanking
C02069,15951.100765641946,6,3,3396.2135486264374,UPI
C02070,71409.50453568631,12,0,3114.2502400771573,UPI
C02071,22882.730310402338,7,1,2332.978340666693,Card
C02072,34611.90030346114,8,4,1494.6727788566334,UPI
C02073,63508.73187475602,11,2,4432.117010220531,Card
C02074,26256.850983193748,7,2,3054.2818273532557,Card
C02075,31711.18398199687,11,1,2425.592720906091,Card
C02076,82273.6859864846,9,1,1460.448690649839,Card
C02077,85334.8033074694,20,0,1825.8665620662437,UPI
C02078,30113.2065213287,7,1,3005.92133246654,UPI
C02079,15134.091591014614,4,2,1309.359669632169,UPI
C02080,24901.975065926224,8,4,973.8347081251134,UPI
C02081,45713.507544158085,22,0,1539.1594701197378,Card
C02082,6744.482041157229,4,4,861.5881205304977,Card
C02083,74834.72268138679,21,2,1912.020875616995,UPI
C02084,35575.11960338215,8,2,2067.542597168227,NetBanking
C02085,31129.538656176985,6,2,2506.402061201659,UPI
C02086,34684.597238651535,18,1,4444.1561842942465,UPI
C02087,82775.48984326175,12,0,4920.102920676109,UPI
C02088,29063.287485123892,24,0,3437.905176236025,Card
C02089,57528.30633582898,24,0,5299.170512931746,UPI
C02090,10484.076145145704,3,3,2440.761907406554,UPI
C02091,67711.41392076961,17,0,4384.541250605585,UPI
C02092,29704.468637539474,22,2,4746.699578718298,Card
C02093,18420.33606517191,3,1,3872.4372769213996,UPI
C02094,16284.614069053698,3,4,2619.341759575238,UPI
C02095,13673.245036691587,1,6,960.7109116705435,UPI
C02096,20752.71739060703,10,3,2287.3455813156716,UPI
C02097,78077.11761018581,24,0,1562.9056823867845,UPI
C02098,112821.81318125202,16,0,27083.848385455047,UPI
C02099,82697.73790487871,18,1,5555.296607273322,Card
C02100,61706.3344056586,24,0,5394.330639105564,Card
C02101,38779.422972928536,10,1,876.4227115272822,UPI
C02102,52037.694351083104,22,1,5434.186990120913,UPI
C02103,33441.158207869434,13,1,1683.7435762491373,UPI
C02104,38742.53942071517,4,2,3964.5329425959253,Card
C02105,82301.7438182735,16,1,4756.448156178238,UPI
C02106,28847.591574763228,11,3,1858.2569869293688,UPI
C02107,56245.824201674885,19,2,3102.1743440621776,UPI
C02108,222614.35157506508,12,1,28185.832766303953,Card
C02109,40783.9305589663,16,1,1797.319348479184,Card
C02110,10052.154218991887,4,2,1625.007779173215,Card
C02111,10549.521080052262,6,3,2876.4885894143163,Card
C02112,7173.690729181575,4,7,977.8896185565732,UPI
C02113,15780.902673392788,6,2,1848.4268110362736,UPI
C02114,22932.054260757435,3,4,1122.5502034583676,UPI
C02115,135110.1128464656,11,3,19383.381611552504,NetBanking
C02116,13154.886751452066,3,5,2245.8144111910715,NetBanking
C02117,31963.9386680307,8,1,2736.1463428086176,UPI
C02118,66366.22914637555,10,1,2024.7077790722396,UPI
C02119,33942.772262533086,10,2,1488.1395327518721,UPI
C02120,39114.73871754388,9,3,2870.584936304469,UPI
C02121,73093.06578037515,23,1,3282.432577950661,UPI
C02122,34618.41168154856,11,1,2191.0779151078395,Card
C02123,31718.92007694157,24,0,2331.4308702138105,UPI
C02124,184088.8557138337,13,3,29581.235830840196,UPI
C02125,15690.154749644083,6,3,1578.9784623986434,UPI
C02126,59199.4012759887,20,0,1730.8751140920754,UPI
C02127,35526.845751968765,11,1,3331.155477278638,Card
C02128,47042.5340890769,14,2,2833.767403986304,UPI
C02129,13090.944228173923,2,4,1772.825513481724,UPI
C02130,11949.055403625398,4,4,3979.0333303421958,UPI
C02131,19036.58247375419,6,1,1131.3737871373355,Card
C02132,86662.20033431123,15,1,2595.8465213232726,Card
C02133,13787.548426035562,10,1,715.3435160274281,UPI
C02134,89532.76142477427,13,1,2058.332295474182,UPI
C02135,48296.685205059075,24,0,4601.816005485465,Card
C02136,36879.6255010258,6,3,3427.6742374843207,UPI
C02137,39051.079023331105,20,2,5534.147950092531,Card
C02138,69125.77385411374,15,1,2916.8779205840456,NetBanking
C02139,32819.65218466136,8,2,2166.018425573251,UPI
C02140,44251.4631424617,22,0,3987.582574042819,UPI
C02141,187667.08064856048,10,0,21600.072067336456,UPI
C02142,28634.675522423368,8,2,1813.4027130680724,UPI
C02143,58056.75409915351,16,0,3841.6883237021834,Card
C02144,36203.82212990054,7,4,2722.644486372068,UPI
C02145,12383.776803598646,8,4,2414.110327722302,UPI
C02146,14145.401786775828,8,2,3344.5430844836396,Card
C02147,70800.15295810398,19,2,3706.9804412025687,Card
C02148,30466.913285435046,8,2,2589.752430900101,UPI
C02149,38274.83569207124,7,2,1536.9060089600139,Card
C02150,51184.93365466499,20,2,4463.742257014188,Card
C02151,38798.773543168856,13,1,4142.813143691285,UPI
C02152,84861.79626995492,13,3,15122.604637392486,Card
C02153,21898.44296383114,4,3,2708.7975878982224,UPI
C02154,58192.29347932604,14,0,4833.201783342085,UPI
C02155,68332.53505624896,21,2,3095.3625618287456,UPI
C02156,17594.8552086572,5,1,2388.3643137777035,UPI
C02157,26748.29154456764,4,2,1062.3899782525011,UPI
C02158,9773.587179273438,8,1,1477.5908658497174,NetBanking
C02159,16248.086743308431,6,8,849.6484957696799,Card
C02160,19058.01382785458,8,1,719.4961200963045,NetBanking
C02161,11085.080887780903,2,7,2159.5953780437967,Card
C02162,36798.01952335483,7,1,2388.9435474005913,NetBanking
C02163,44806.946127472664,23,1,2188.6495475543816,UPI
C02164,80964.10735883172,22,2,2059.6914664836686,NetBanking
C02165,9915.008696172627,6,1,2263.5792326792516,NetBanking
C02166,27334.390781501697,24,0,1236.1644320300288,UPI
C02167,26957.00500861584,21,2,1791.054564548116,UPI
C02168,25403.91061160161,10,4,3932.52539534755,UPI
C02169,182558.33626001084,15,1,8339.433323526866,UPI
C02170,8105.1914021049215,3,1,1921.9057774392918,Card
C02171,10918.531772058845,10,2,2008.6701875439062,NetBanking
C02172,32528.069849050327,9,2,3346.0200602484656,UPI
C02173,9581.850435132757,1,7,2749.263342638594,UPI
C02174,208072.7607518124,21,0,21202.249297332066,Card
C02175,33806.59794185637,4,4,2540.6077380533116,UPI
C02176,9679.959655625717,11,1,3585.391054414316,NetBanking
C02177,39726.98262364727,3,3,2903.2117377395375,Card
C02178,65167.189125826546,20,0,1296.4199249614412,UPI
C02179,85996.491382686,15,0,1163.3557836633554,UPI
C02180,37029.054807615736,8,3,3312.0311090489668,Card
C02181,31303.18483938403,6,1,2354.1851202849452,UPI
C02182,8019.040718247479,5,8,1958.1198105881388,UPI
C02183,16856.199544807656,2,5,676.1937822192367,Card
C02184,74236.97374733331,22,0,5921.833092590172,NetBanking
C02185,70690.43404110956,14,0,13624.10606629195,UPI
C02186,17600.308435888408,5,6,515.9430324982352,UPI
C02187,30359.27777029424,5,3,3796.020678802186,Card
C02188,11566.115296636613,4,6,2344.0978633402674,UPI
C02189,24638.33998119566,8,4,2152.7161590629335,UPI
C02190,76790.33715484111,13,0,3739.2183562158807,Card
C02191,23278.684513375927,7,4,1083.1587358824986,Card
C02192,14299.633116217992,9,3,2478.4548468992225,UPI
C02193,63357.15761308147,19,2,5911.491979684616,NetBanking
C02194,74066.13464711883,18,1,4437.334613281493,UPI
C02195,13312.472216281183,9,3,1052.978102534802,Card
C02196,11471.582587555502,10,3,3929.926739155418,Card
C02197,51006.90536122901,20,2,4928.852146285102,UPI
C02198,237976.22567260396,18,0,13698.523003139315,Card
C02199,18783.764787606902,7,3,1707.3865667752632,Card
C02200,20773.166989788642,7,1,2238.810071784778,UPI
C02201,22495.446215929718,11,2,990.4403256587043,UPI
C02202,101545.16569524637,17,0,17184.303458877803,Card
C02203,68210.90501523661,14,1,1169.768848514173,Card
C02204,38531.98707790757,6,2,1565.9795747243338,Card
C02205,19456.423557107464,6,1,1844.3064632223136,NetBanking
C02206,12144.714514460791,3,2,2221.084057806387,UPI
C02207,37421.661146299346,19,0,5233.434809341616,NetBanking
C02208,37870.478240507655,11,4,2822.023155578657,Card
C02209,24297.98196613131,8,2,2377.1539006258736,UPI
C02210,6471.177936243348,5,3,2869.117209792001,UPI
C02211,20461.913578805164,6,3,1663.7559307694169,NetBanking
C02212,62754.67066802073,10,1,3965.423196258177,UPI
C02213,6570.756012326426,4,3,2855.3508450314116,Card
C02214,74008.58895466203,16,0,1424.8589403388048,Card
C02215,35865.897582556,11,1,1783.0400137915167,UPI
C02216,17245.579512945755,3,9,2233.2114241249874,UPI
C02217,24360.625747643677,11,2,3432.3893747524253,UPI
C02218,15663.516962967695,3,1,3147.3697435371696,UPI
C02219,84738.57521878323,8,2,1349.0398441959214,UPI
C02220,6689.131860102905,6,4,1977.1625322734294,UPI
C02221,11489.994886741479,6,4,720.7946471437227,UPI
C02222,84998.02364309007,20,2,2299.0902576816616,NetBanking
C02223,26748.393084025112,12,2,2301.9876087775574,Card
C02224,29878.632455843363,7,4,950.814059263331,UPI
C02225,85362.19078547097,18,2,4372.3197558290285,Card
C02226,50912.477519794076,11,0,3167.0056557784987,UPI
C02227,46709.3212833367,8,0,3729.7157470804827,Card
C02228,17657.14175209544,1,6,987.3112488793222,UPI
C02229,22761.448872748013,8,2,3939.0566825399205,UPI
C02230,15759.518480473374,8,3,2284.5969960219236,UPI
C02231,31215.253927916372,9,2,2119.7126266487003,Card
C02232,11860.179751999109,6,3,2029.344259381951,Card
C02233,8281.163684316823,5,4,1139.8569566614729,UPI
C02234,74273.24874363898,13,0,1205.7958259506636,Card
C02235,18897.21163334004,3,5,2062.752664975181,UPI
C02236,3719.2926124049154,4,4,2282.0131083314236,Card
C02237,78084.88351920173,10,1,1076.2796915266501,Card
C02238,26657.865263738848,10,1,3826.3098569583526,Card
C02239,36388.04671578473,24,0,5819.794635185652,UPI
C02240,53779.57508862486,15,2,1897.2626681296242,UPI
C02241,19484.867824718734,4,4,2914.3166220578955,NetBanking
C02242,6605.319045014139,2,6,669.7058136506243,UPI
C02243,27233.901892407583,12,1,4191.3681442687275,UPI
C02244,20253.63434750791,9,1,2324.145862621691,Card
C02245,14266.623290979705,7,2,2613.6711814231808,NetBanking
C02246,25358.807861351946,14,1,1385.24034154249,UPI
C02247,57612.890794719075,9,1,1938.8311026852393,Card
C02248,79230.80974354545,11,2,18115.851449294678,UPI
C02249,69945.91428979882,10,1,1167.0895485398637,UPI
C02250,23667.901539060054,6,1,3292.841869554252,Card
C02251,162581.3859918121,10,3,14013.691105053033,UPI
C02252,6937.945272598123,3,8,1353.8622333683138,UPI
C02253,15506.465834546927,6,7,1293.6190632583282,UPI
C02254,18393.7976484494,6,4,1221.8217440310414,UPI
C02255,36758.51612948219,9,1,1202.2318247779726,Card
C02256,47164.262411366144,11,2,4829.239592837443,UPI
C02257,71201.86152679381,22,2,5840.908908759618,UPI
C02258,9737.598991637704,10,2,2456.6852536780825,UPI
C02259,81169.84982213881,18,1,5186.771770889946,Card
C02260,64014.98847026314,16,0,3957.014164850042,Card
C02261,24047.51565562037,8,2,2327.8514920063517,NetBanking
C02262,115374.8525664871,8,0,10073.379923404953,NetBanking
C02263,35877.189051694484,5,3,2484.8482141605673,Card
C02264,31326.692647696553,22,0,1944.685124808725,UPI
C02265,89719.22030833393,22,1,3476.923524002776,UPI
C02266,37115.33742020247,3,2,2719.431422642337,NetBanking
C02267,7311.227492645311,6,3,1168.358501008704,UPI
C02268,22879.343705302665,10,4,3581.602281827594,Card
C02269,10360.970469713206,2,6,2845.982213738072,NetBanking
C02270,74388.64244612763,15,2,1285.8595612330105,Card
C02271,4755.648769759431,2,3,1023.5710572575377,Card
C02272,22451.82798059506,7,1,1999.5635487616867,UPI
C02273,66101.7561379711,22,2,5816.594544769185,Card
C02274,39105.999951397185,3,3,1686.8702143687037,NetBanking
C02275,22374.626046093683,10,4,1887.060791353042,UPI
C02276,70420.62505799199,20,0,4631.9761033559535,UPI
C02277,73392.62289946848,24,2,3515.9074763606222,UPI
C02278,34862.981737134505,9,4,946.2146108689062,UPI
C02279,11332.640105562697,3,5,2153.1934482572174,UPI
C02280,79906.24957946813,20,1,4895.179025695086,UPI
C02281,148170.14348748376,11,0,12444.378310095582,UPI
C02282,20009.754730863275,3,3,3481.824892889028,Card
C02283,11707.040174208014,7,1,1288.765296493983,UPI
C02284,87275.20581315989,21,0,4860.667561370569,UPI
C02285,36210.70386941172,8,2,3784.369229711974,Card
C02286,56057.71484345472,9,1,5735.434896470762,Card
C02287,25716.83814355865,10,2,3015.2394479361183,NetBanking
C02288,13675.847511827042,2,4,1604.875812318028,UPI
C02289,63991.23303807581,9,0,4407.902252407957,Card
C02290,6611.680248184966,6,9,1546.7397992104184,UPI
C02291,6170.422836520798,1,3,860.1508099214623,NetBanking
C02292,43136.70307355935,21,2,5174.563873107606,Card
C02293,19750.48553920634,9,3,3250.103578278832,Card
C02294,50129.91719695593,22,0,3716.7891600689554,UPI
C02295,23129.73394790067,5,1,2378.1593101408757,Card
C02296,74835.39659655889,16,0,3571.584298426085,UPI
C02297,41955.15677689435,13,1,3385.1830991772918,UPI
C02298,156524.89342435874,8,2,18458.964987151274,UPI
C02299,50115.42459018116,19,0,5365.329038427168,Card
C02300,33978.68961333984,15,1,3086.75247580639,UPI
C02301,12008.854014590725,7,3,1497.950762910837,UPI
C02302,14969.33051115739,9,2,1569.7831969478043,Card
C02303,13180.775292491158,5,2,2370.155016010326,Card
C02304,54072.20583318532,15,0,1374.5591678292622,Card
C02305,19931.84940878966,8,2,2046.0079175602546,Card
C02306,5574.082566187342,4,8,791.0520921330245,UPI
C02307,12036.413239716505,2,6,1701.8697023002128,Card
C02308,35729.617439438574,14,1,3277.309475760601,UPI
C02309,37308.52719548851,6,4,721.370048284101,UPI
C02310,45541.67252238303,16,2,3155.873289444039,UPI
C02311,27755.407433146054,3,1,3045.721584171142,UPI
C02312,76988.13677773644,16,1,4008.7275965333456,UPI
C02313,46187.8115850151,17,2,3455.778662299663,Card
C02314,11528.65483984879,5,4,3863.589197299924,Card
C02315,17820.759305471147,9,3,3799.1597694952998,UPI
C02316,44662.8418541009,14,2,2510.4655738596052,UPI
C02317,80475.47300432328,17,1,5414.302933685756,UPI
C02318,55013.1864917319,16,2,5814.467371493779,Card
C02319,60010.89539790934,18,2,1239.1424603828252,UPI
C02320,20344.393464176268,3,1,3305.1528464086914,UPI
C02321,69033.66789539307,17,0,2347.8497692710885,UPI
C02322,37011.64819645618,11,0,3138.4793917530546,Card
C02323,24874.843859643795,11,2,3002.1542962330245,UPI
C02324,33456.89732548357,9,1,3792.2044033258144,UPI
C02325,43621.98029130357,24,1,1189.7344658772026,NetBanking
C02326,37376.57499152431,15,0,3906.3090906600814,UPI
C02327,8710.66508534577,4,2,2146.16769337176,Card
C02328,18991.031203097962,7,2,2224.136212141755,UPI
C02329,31698.880154594168,9,1,793.5614795256065,Card
C02330,14924.205612508704,11,3,3037.735857737451,UPI
C02331,9832.560748648046,5,6,1025.5072253001283,Card
C02332,75069.89027952483,12,1,4604.4245964690435,UPI
C02333,59485.68680380571,14,0,4205.61216369789,Card
C02334,29823.205818908504,8,0,4585.928906708941,UPI
C02335,7069.043316531442,1,5,2382.7421685134327,UPI
C02336,46639.15841300503,13,2,5196.83701194375,Card
C02337,13091.601749791611,9,4,2524.6975032075197,Card
C02338,74475.60492588763,11,1,4675.714774074848,UPI
C02339,8294.13900251641,10,4,1143.8244746227856,UPI
C02340,41259.79512867165,13,2,4548.33494502318,Card
C02341,16225.054575672759,3,6,2547.81088257107,UPI
C02342,62801.023658415,14,2,5782.981297205363,UPI
C02343,37356.58845279585,5,3,2307.8043080459397,UPI
C02344,88185.22035248033,10,1,4560.7895284029255,UPI
C02345,28176.66055841374,9,1,1837.5634992347755,Card
C02346,63440.144519003145,20,0,5006.890974108135,UPI
C02347,105055.12223435043,10,2,9411.383789585534,UPI
C02348,5052.245169816506,6,4,2925.8686384965035,UPI
C02349,87154.37659942302,21,2,4534.339062725434,UPI
C02350,71553.16749195202,15,1,3270.5627915284495,UPI
C02351,10033.715842081085,4,8,1650.4788449080709,UPI
C02352,12288.50670654133,4,7,612.2477673864053,UPI
C02353,218497.28779836526,20,1,10062.77001951372,NetBanking
C02354,50769.248091490466,21,2,5916.874335860818,Card
C02355,37608.388858920705,9,2,3610.975441752498,Card
C02356,19933.683876899115,3,8,2213.999256838235,UPI
C02357,31973.184658906393,9,4,717.9318193462158,UPI
C02358,18515.619683314053,4,9,2032.717148043577,UPI
C02359,83035.67943478582,17,0,3121.5464694887896,UPI
C02360,88939.79753124662,20,2,1324.5515685358353,UPI
C02361,34509.28997498615,10,4,3199.371790703415,UPI
C02362,5760.064075467067,1,7,2492.208513589969,UPI
C02363,54441.00753485352,15,0,5837.200305892413,UPI
C02364,75665.96657923612,18,1,5007.740370643873,Card
C02365,78507.0185049134,21,0,4376.31598610664,NetBanking
C02366,181111.5061848336,19,0,8521.778573297091,UPI
C02367,11254.04620830216,5,3,2741.738784749809,UPI
C02368,62524.641817452044,9,0,4366.04913615175,NetBanking
C02369,32567.782681785582,19,2,4992.17520506963,NetBanking
C02370,43253.79669664374,9,0,1287.387626776262,UPI
C02371,10018.86848591308,4,5,2427.996472549221,Card
C02372,22143.37371941233,3,4,1613.282475809976,UPI
C02373,54785.959591639315,12,2,4969.04929000383,Card
C02374,80211.18704567812,20,1,3590.9219873528177,UPI
C02375,89559.54378682215,22,0,5396.323649406168,UPI
C02376,17953.27367121852,2,6,666.2253543688669,Card
C02377,78662.80758884003,24,2,5875.207291733816,UPI
C02378,16369.518391554451,4,3,3276.448911853899,UPI
C02379,26023.148293555987,7,1,2838.8711507926982,Card
C02380,40431.38080754821,15,0,4504.450238978758,Card
C02381,21733.80899446702,9,4,3928.0591884939836,Card
C02382,205003.07485035315,14,3,15444.196199778617,UPI
C02383,56213.55816458524,15,2,4624.078294220284,Card
C02384,8782.061817519125,10,1,1271.953450134124,UPI
C02385,16758.470844224605,3,3,3535.551817074598,UPI
C02386,16190.49098817533,2,4,669.2294291891296,Card
C02387,21938.04502540859,9,4,1059.4218711443552,UPI
C02388,15958.030608151841,8,1,1621.5899013930675,UPI
C02389,51947.63031314611,11,2,1634.4722625320398,UPI
C02390,106696.5477695977,21,0,9417.556904179315,UPI
C02391,72586.8912647594,15,0,11561.17017673942,UPI
C02392,13632.638417636734,7,4,734.3218346914834,UPI
C02393,18866.514486113963,1,3,2210.51192192927,UPI
C02394,78345.25469807701,10,1,2079.8823540783796,Card
C02395,85023.01817812808,9,2,3282.4352222257494,UPI
C02396,28222.386627162432,4,3,1225.3640038056783,NetBanking
C02397,26597.026176104264,8,0,2407.1525163630126,UPI
C02398,19311.56264158214,1,7,2119.628140226057,Card
C02399,18476.91067118088,7,4,1644.1330034499356,UPI
C02400,12207.769411861766,8,1,2176.8310700306806,UPI
C02401,74039.40928751079,23,2,2293.8521968193318,Card
C02402,72762.1171441811,17,0,3395.042310043982,UPI
C02403,48866.80947691348,10,1,3991.8263203973916,UPI
C02404,204279.3037906738,16,2,26531.19843685527,Card
C02405,18958.053047884583,6,1,2589.0410134027798,UPI
C02406,37173.95497750897,22,1,3376.5837217618628,UPI
C02407,82781.96340430659,16,1,3399.246293566596,Card
C02408,15695.881953229316,11,2,3732.0344744316453,UPI
C02409,18679.36834041764,2,9,1654.0597650437287,UPI
C02410,37740.74587730658,9,2,2278.7157912374796,UPI
C02411,49121.19592028443,20,1,1433.0749415807577,UPI
C02412,9989.120711707554,9,3,1138.5116099858728,Card
C02413,17997.907610890157,9,1,801.8146432419452,Card
C02414,59751.51310137789,12,2,1217.509612771402,NetBanking
C02415,26287.092814118347,4,2,3511.3589172377415,UPI
C02416,36077.89862478582,3,2,3050.008490255223,UPI
C02417,12021.885347676764,4,9,717.7267951369097,UPI
C02418,12057.890035227409,10,2,2573.0066706969938,Card
C02419,15165.9803345631,4,4,3032.5582962735743,Card
C02420,70986.64219428714,10,1,1743.9080196804302,UPI
C02421,65216.41634914113,18,2,4529.073144950881,UPI
C02422,57023.55615740939,16,0,4735.320850206412,UPI
C02423,59918.85039080493,11,2,4564.949320459356,Card
C02424,7549.455524622041,3,8,2959.9915874381145,UPI
C02425,21111.141577565308,6,3,2338.0898761297794,Card
C02426,211804.63237307296,20,0,10929.268120122897,UPI
C02427,30529.148738777385,6,2,3931.5748389195583,UPI
C02428,77142.64209395772,24,1,5104.548467970355,UPI
C02429,9449.525825854718,5,3,2122.4684696821146,UPI
C02430,42812.37179631042,16,0,3014.8299965983856,Card
C02431,37331.092139412576,16,0,4328.979541657515,UPI
C02432,63828.871204951,10,1,3840.688201467776,UPI
C02433,56946.24466384887,8,2,3159.1383847721777,Card
C02434,116092.52358813095,21,3,22457.80328328615,UPI
C02435,33815.58670740991,10,3,1471.2220882353615,UPI
C02436,17300.058489568066,9,2,2344.3148294708717,NetBanking
C02437,8275.18851588549,5,7,2204.345227699457,UPI
C02438,45324.236016484356,20,1,1010.018695037014,UPI
C02439,20942.07940071699,7,4,1959.052437346963,Card
C02440,47233.82600151691,9,1,3210.6919970986237,UPI
C02441,9471.645020775064,9,2,1646.66286400724,Card
C02442,30001.587606753892,4,1,1262.4107911154204,UPI
C02443,39181.25305235197,5,4,2308.4966250942443,UPI
C02444,34406.55647550436,10,2,2023.9236573101198,UPI
C02445,17816.126941615785,8,2,858.9143766980228,Card
C02446,83818.37027074047,10,0,2921.3354636035365,Card
C02447,129787.22510201849,17,3,26791.461598590045,UPI
C02448,205291.06823648443,12,1,15115.453684815971,Card
C02449,51823.5014692662,22,1,1189.8202696678818,UPI
C02450,29141.118248776882,8,4,3350.5380718546808,Card
C02451,77362.44531043724,18,1,3627.070909403707,UPI
C02452,60288.628885484104,19,1,4049.5167574476563,UPI
C02453,4160.51813156883,2,6,2317.441789215124,UPI
C02454,14529.73530033259,4,3,1623.541987131554,NetBanking
C02455,11870.832812819364,5,6,1701.1012080234118,Card
C02456,17139.921398182825,4,6,985.0979101186712,UPI
C02457,45836.51484825967,12,1,2052.4278865725873,Card
C02458,20973.75783772122,6,2,2814.053568336631,UPI
C02459,17051.692546329927,5,4,2463.754924020816,UPI
C02460,62783.55454046633,14,1,3788.3632737989687,UPI
C02461,88355.41425261859,10,1,5414.856420776163,UPI
C02462,60545.53132655123,14,2,3977.739953087324,Card
C02463,13681.81572141478,5,3,2668.308266025308,UPI
C02464,12727.193138332432,5,2,3704.016983571419,UPI
C02465,20260.2858314915,9,2,876.0760757991616,UPI
C02466,34850.54442857258,10,4,3382.1700603256963,Card
C02467,12076.647256254742,4,5,1774.5154016171737,NetBanking
C02468,78903.95610994787,20,2,5732.306943350307,Card
C02469,14851.694365580488,2,5,1430.3696661735758,UPI
C02470,38054.26709307014,20,1,4347.185970957734,NetBanking
C02471,35503.49758051912,7,3,2628.8833367514508,Card
C02472,46525.519972320515,19,0,3264.634245796415,Card
C02473,91327.14717534298,16,1,29091.54458482054,UPI
C02474,115511.75394994937,14,0,12264.748259133594,Card
C02475,8131.98683683871,9,3,2778.654648992335,UPI
C02476,35668.77354672256,6,3,1800.484794067384,Card
C02477,70971.9120262375,15,2,4820.098812168694,UPI
C02478,144344.88045092562,18,2,23120.358260349036,Card
C02479,36348.022485607085,9,2,1666.6917774054782,UPI
C02480,230056.67133985143,11,3,14204.355459727794,UPI
C02481,4765.121491937036,2,5,2901.317825973231,UPI
C02482,58274.63889097259,22,1,1740.0221539533818,UPI
C02483,76324.52318879397,22,0,1691.9361303823523,UPI
C02484,36411.05824112045,11,3,1617.1784475724864,UPI
C02485,112427.29132756949,19,3,8545.58997008105,UPI
C02486,20135.716367848436,7,3,1255.2143135515757,Card
C02487,41417.17185145091,24,1,4919.085305700182,Card
C02488,122789.54535687373,14,0,8590.14052956821,Card
C02489,86224.01045615104,22,0,1933.9991868740099,NetBanking
C02490,116297.7567117752,20,1,11267.687031919471,Card
C02491,17217.779282719835,2,4,1724.0056025670563,UPI
C02492,65164.953443306265,22,0,3873.9769759965643,UPI
C02493,59059.676261093526,19,0,2577.506232601497,Card
C02494,53562.79740374332,20,1,5094.250189350517,Card
C02495,13366.484198954398,4,7,1956.1139402485944,UPI
C02496,42151.30983615229,22,1,5793.543613554567,Card
C02497,65442.67962567412,18,1,4181.600342747093,UPI
C02498,48700.221152286016,19,0,3840.9173813894286,Card
C02499,36812.72980135135,17,1,3604.917486795449,UPI
C02500,6610.732303139086,4,3,1516.3849700052792,UPI
C02501,5456.420311673215,2,7,2179.6814424689105,Card
C02502,81005.91374626779,11,1,2730.255710413101,UPI
C02503,38243.81243592806,6,4,1997.449805550441,Card
C02504,67267.02603115249,13,0,1751.4803384739575,Card
C02505,31437.577721457128,6,4,1055.5877524867583,Card
C02506,50281.09793252313,19,2,4699.104214970288,Card
C02507,10238.81423651983,4,2,2589.46072903626,Card
C02508,86459.49277623436,12,2,1679.2090447331238,UPI
C02509,20536.68257591366,6,3,2937.6767450567017,Card
C02510,27777.081313510247,6,1,1273.8536653922984,Card
C02511,80729.36094429798,11,0,3361.7618327073023,UPI
C02512,21164.429364545642,6,2,3918.50578071412,UPI
C02513,36004.141626318895,15,2,4259.17900129462,UPI
C02514,32269.546096761296,5,4,3900.1305157584534,Card
C02515,59654.819114637794,16,1,3844.390084679507,UPI
C02516,12858.55816809322,4,2,3635.615201072817,Card
C02517,16775.17157997622,3,3,1691.5102339789923,NetBanking
C02518,67633.95313472589,10,0,3946.5130012017366,UPI
C02519,46676.00168067774,24,2,5109.673182418377,UPI
C02520,17967.804942755592,8,1,2818.9676657428377,NetBanking
C02521,38487.284633340845,21,1,3049.325050578268,UPI
C02522,11587.68725322481,9,1,2782.3476301466762,Card
C02523,4630.244555460008,3,3,2256.9694371052933,Card
C02524,41531.709842066746,17,0,4358.0576835050615,Card
C02525,49788.51554901741,16,0,3879.627769194189,Card
C02526,45953.88953356092,15,1,5035.120344510662,Card
C02527,56990.61844327737,15,0,5721.701854310434,NetBanking
C02528,32493.71390126288,10,1,1127.1683110178408,UPI
C02529,47975.910979376116,14,1,5474.553465178457,UPI
C02530,28188.571374139625,6,3,2455.00005013493,UPI
C02531,174072.68561795715,11,1,15335.97819397262,Card
C02532,4853.442904621113,3,6,2628.4041252023953,UPI
C02533,89941.57893998627,15,1,4412.927323307633,Card
C02534,33531.8757707749,5,2,1229.4738841632961,Card
C02535,79300.58503866332,15,0,5718.250133858659,UPI
C02536,12370.476579181808,5,3,2666.5426489954702,Card
C02537,87976.3830789529,11,2,2694.086656902708,UPI
C02538,53371.08229665256,9,1,3226.2776846529923,UPI
C02539,8671.113550319713,8,4,2044.7722926710487,NetBanking
C02540,50975.378067253245,19,0,2647.5187447662993,Card
C02541,65174.20636331199,8,2,4787.253850148873,UPI
C02542,13777.980631700813,1,5,1961.1851697028503,UPI
C02543,52424.69794143382,12,1,2761.0635950501173,Card
C02544,22701.45209304652,7,2,2912.648961684893,UPI
C02545,68603.36172128667,21,1,5340.498277173908,UPI
C02546,11454.531063738508,11,3,3054.116479871846,NetBanking
C02547,37536.6845394346,17,2,1293.0730939907871,UPI
C02548,51588.38989424582,18,2,5569.244200599697,UPI
C02549,31958.784740290863,10,0,5858.514412692978,UPI
C02550,33999.17497680861,11,1,2839.070519576321,UPI
C02551,55577.006070678384,17,0,1585.850122840732,UPI
C02552,27977.390071890128,8,0,5601.598353616681,Card
C02553,25351.093000144407,11,3,2990.892743610847,Card
C02554,12113.290417555869,5,3,1008.860228971482,UPI
C02555,28610.1506768988,6,2,2678.414752231604,UPI
C02556,5617.906580237773,1,6,2913.764836378312,UPI
C02557,37037.442378342974,15,0,5641.130147234446,Card
C02558,229376.41666223688,14,1,26008.684963678643,UPI
C02559,7006.461128227617,3,5,1503.67457592427,UPI
C02560,30143.345970761613,5,3,2518.656537204416,UPI
C02561,19810.33562809566,4,6,1007.4627050100933,UPI
C02562,14892.673077082676,11,1,1230.6866461866525,Card
C02563,29939.391350974045,6,2,2186.7726731642906,NetBanking
C02564,35102.24004127638,9,0,4786.391079504598,NetBanking
C02565,30895.319023817356,3,1,2664.9219427161875,UPI
C02566,50488.01455531361,21,0,5523.777550591483,Card
C02567,25854.768463486475,4,3,1253.957478303303,UPI
C02568,19704.20700589032,3,1,783.7925439767621,UPI
C02569,53636.17705323708,10,1,5737.959355942861,UPI
C02570,52917.61972249251,23,2,3197.3646723488423,UPI
C02571,19326.413928570088,5,3,606.1676021854804,UPI
C02572,36311.83939712442,5,2,3645.212922865016,UPI
C02573,63165.18312327368,13,1,3292.2638787900087,UPI
C02574,7995.749415357717,4,7,2307.2445851684715,UPI
C02575,84265.46449730548,22,2,1592.2769366933112,UPI
C02576,49101.933368902224,24,2,4067.107109003603,UPI
C02577,22080.5355136078,5,3,2582.213917181526,UPI
C02578,47818.20296621363,14,1,5296.080605271665,UPI
C02579,19230.748218935893,2,4,2524.406710434786,NetBanking
C02580,49246.16752270429,18,0,3711.5124331101897,UPI
C02581,19240.951306785013,6,3,2155.24972099924,Card
C02582,65937.65298600277,19,0,4465.006926582082,UPI
C02583,11945.381638464827,4,4,2653.6232493063762,NetBanking
C02584,25882.536008180363,6,4,2086.766332407744,UPI
C02585,61297.62240469993,23,0,3899.097710649006,Card
C02586,64488.01442924472,8,2,2239.7439050764033,NetBanking
C02587,62727.47766401933,13,1,3679.7346462743344,NetBanking
C02588,17793.56427250034,5,7,1540.0627782471995,Card
C02589,29051.907747510384,19,2,1682.0351811345345,NetBanking
C02590,37026.65301695883,6,2,3145.678463218259,Card
C02591,37193.20768019256,8,3,3333.4336066483834,Card
C02592,39821.001033072236,15,2,3544.709840683692,UPI
C02593,12214.941180530122,8,2,947.5273717792581,Card
C02594,99657.58777392184,10,0,9536.168008916511,UPI
C02595,36892.36995498072,8,3,3499.188771056111,UPI
C02596,74870.71047150731,16,0,5336.438366208217,UPI
C02597,80653.51587105758,18,2,3337.817897826818,UPI
C02598,67686.7918178537,15,0,4365.303131248189,UPI
C02599,97192.58982877238,8,0,14672.342994874722,UPI
C02600,17834.387833704044,7,4,1020.6755750049549,Card
C02601,39519.138723809054,9,1,2493.772508726993,UPI
C02602,28460.4295164858,13,1,4656.101865531698,UPI
C02603,21198.94540519565,8,1,1904.8153385724038,Card
C02604,74114.61882164476,23,1,5011.1936834416465,Card
C02605,41353.48707100221,10,2,2465.4486788774207,UPI
C02606,13575.446358232228,10,4,2087.5900264499787,UPI
C02607,17972.878590701606,6,9,2125.0764707604576,Card
C02608,9572.307101430319,3,1,3236.788878192388,Card
C02609,25684.134751650385,3,2,2142.6396867714234,UPI
C02610,11735.616425906706,8,4,2130.266007253449,Card
C02611,19818.94778195464,6,4,1555.4333210068576,UPI
C02612,8730.258909729237,6,3,884.3826464383105,UPI
C02613,24607.190916212687,6,4,3354.1533311756302,UPI
C02614,49554.907124627265,18,2,4069.8021600377997,UPI
C02615,68674.40104998439,9,1,4546.272883198491,UPI
C02616,3737.0835764212907,2,7,599.4473088697933,UPI
C02617,86910.26321226562,23,2,4223.255989703527,Card
C02618,8195.18305661324,3,2,3856.804281706104,Card
C02619,81953.45700394372,15,0,2402.528571453428,NetBanking
C02620,46302.25979803363,9,2,4344.1468951049865,Card
C02621,10528.78853284608,8,3,1687.498907623271,Card
C02622,27079.01610964266,6,2,981.2111308000557,UPI
C02623,52842.716075866374,21,2,5296.018944155789,UPI
C02624,78474.80248262823,20,0,2263.0147024788353,Card
C02625,13518.404423162305,10,3,1092.1588550706613,UPI
C02626,18923.97711667025,4,5,2950.046859735816,Card
C02627,82443.62131364108,17,2,4326.934726007355,Card
C02628,49075.680586543764,20,2,2365.7831612781265,UPI
C02629,33637.902103734385,12,0,1721.59597041762,UPI
C02630,79397.60632173938,17,2,2898.8754979836667,Card
C02631,19987.820742990923,8,2,2538.178557915635,UPI
C02632,168402.94807667853,18,2,25811.64479278539,UPI
C02633,39538.80050913811,5,1,1188.0250149468584,UPI
C02634,36473.51904714272,9,1,3547.0869770424274,UPI
C02635,54032.310385714496,16,0,4048.501571585933,UPI
C02636,71083.07526198818,24,0,3709.649657845744,Card
C02637,66846.1536087039,11,1,1794.0058431430307,UPI
C02638,81883.49683496526,15,0,20378.375884247973,UPI
C02639,88622.63765145987,11,1,5977.405697533532,UPI
C02640,41811.82947785783,14,0,2850.809593673862,UPI
C02641,78872.10708483805,14,1,2445.3814679971756,NetBanking
C02642,111694.01385642053,14,3,12821.734056822283,UPI
C02643,71822.89550777242,13,0,4533.175425066922,Card
C02644,62619.22989310709,14,0,5243.695042161007,NetBanking
C02645,88815.51458589465,20,2,2476.164817804836,Card
C02646,57059.6805190162,23,1,1519.078394768953,NetBanking
C02647,206078.45866487984,21,0,9259.529045495186,UPI
C02648,13383.520155445884,7,2,3057.4202867744157,UPI
C02649,175118.84079236703,17,2,26683.237594251135,Card
C02650,20240.583074268594,4,1,2681.878585557649,UPI
C02651,8868.454061977522,1,3,2128.2901457093103,UPI
C02652,38203.038791407685,21,2,4208.207724019414,Card
C02653,84447.86397227924,21,0,1890.8197745641771,UPI
C02654,34038.291668160884,19,0,2335.4815278507476,UPI
C02655,16608.523516642308,5,1,3098.4132002832025,UPI
C02656,59055.156188063425,22,0,5955.052910331382,UPI
C02657,189174.88724521024,18,1,11583.895347326166,UPI
C02658,64394.071707210845,22,1,3975.234168369415,Card
C02659,86528.44659024592,23,1,2891.5967024293104,Card
C02660,26007.60484018058,6,1,3113.2333522550894,Card
C02661,78416.76313418167,20,1,3579.590439888874,UPI
C02662,62099.77987028922,22,2,3060.6310684497043,Card
C02663,5775.047436638007,6,8,2485.006309013399,UPI
C02664,38284.19256709869,20,1,5069.648542737486,UPI
C02665,32312.931574923456,11,4,3297.647809523284,UPI
C02666,20898.978900592476,3,1,3906.2983279873197,UPI
C02667,14948.25633276656,4,9,1988.8456008199212,UPI
C02668,28648.952540053506,11,2,3423.293899783512,Card
C02669,196185.24144824554,12,0,9471.285533156715,UPI
C02670,31751.59647564664,3,3,811.5611419418199,Card
C02671,61282.64884430874,24,2,4950.248522847631,Card
C02672,26865.721093258086,4,2,1635.1056125791051,Card
C02673,74293.87347095647,23,2,5312.212021368162,UPI
C02674,59605.34114591614,12,0,1571.0503185914456,Card
C02675,13177.153953268886,1,7,1951.2922743481226,Card
C02676,37098.41277381081,7,4,1200.3225574743467,Card
C02677,16283.813871813521,4,4,623.3279428366546,UPI
C02678,8568.8878352914,3,1,1418.1434238545244,Card
C02679,72410.01144872815,15,1,1998.0885781867437,UPI
C02680,14734.957755227644,4,5,2783.379691101112,UPI
C02681,26159.89255314262,5,2,2150.173485324188,UPI
C02682,61450.23071017079,15,1,5797.48044116132,UPI
C02683,37174.1117337396,4,3,1889.335761669531,UPI
C02684,81458.55113689601,22,1,1656.281822700876,UPI
C02685,32108.186481585486,10,3,3047.188212906874,UPI
C02686,71194.01120398084,16,2,8303.9841440734,UPI
C02687,12856.159451410509,6,4,2918.0130129057006,Card
C02688,38209.14374648923,8,3,3742.9433449059297,UPI
C02689,31884.285533500177,10,4,2200.799677217347,NetBanking
C02690,35192.66237389666,7,2,3478.8076784359228,UPI
C02691,85129.03067774235,24,0,4294.454275888607,UPI
C02692,12602.638022461435,2,3,2549.443441436201,UPI
C02693,45604.11857279038,19,2,1909.5052451012252,UPI
C02694,51177.43602472117,16,1,1036.3566305524544,UPI
C02695,3185.256519180278,3,9,1625.6289065566914,Card
C02696,3990.569430878525,2,3,1196.872122051932,UPI
C02697,79953.67963793123,12,1,3394.924363573764,UPI
C02698,43761.88268951603,12,1,3862.1382400784455,UPI
C02699,9963.042951691776,4,3,2945.6651354431237,UPI
C02700,70395.92089414856,16,0,2157.8815362831547,UPI
C02701,52222.40545117134,14,0,5963.490140598328,UPI
C02702,13634.092445293205,8,2,2712.8612392969735,NetBanking
C02703,13869.556607641829,11,4,1142.7842525775118,NetBanking
C02704,33694.587249643984,11,4,2902.8069546163665,UPI
C02705,56015.85825746732,11,2,3254.3050208330583,UPI
C02706,74609.74805324881,10,1,3197.7754923380876,NetBanking
C02707,70150.23507870876,17,2,4711.516073261331,UPI
C02708,27696.4259751841,23,2,1797.218892744907,Card
C02709,17354.690084696816,7,3,1240.855702955721,UPI
C02710,63120.58593457873,19,2,3292.1930240581078,UPI
C02711,165223.52351842975,16,3,14639.475945958147,Card
C02712,79880.76714978248,11,3,9061.133321680614,UPI
C02713,88452.26372897663,19,1,2327.821130473597,UPI
C02714,157722.72471218763,14,0,16719.48656743811,UPI
C02715,12183.811591879841,10,3,1629.1346083438455,UPI
C02716,19074.925687090057,6,3,2514.014163119604,Card
C02717,34898.48675320718,4,3,1988.6737080819046,Card
C02718,77357.62465906571,10,0,1855.4094716010375,NetBanking
C02719,32980.49939251395,12,0,2724.959254445733,Card
C02720,24902.975031151615,4,1,3228.1400417980894,UPI
C02721,107409.0630074861,11,3,22182.79753791768,UPI
C02722,32438.68107604595,12,2,3721.5125179738766,Card
C02723,32759.47883063077,9,4,3418.911168348685,UPI
C02724,30357.626487120913,10,1,2120.8713656378923,UPI
C02725,28132.205672783268,7,3,2927.0728215165377,Card
C02726,27552.50188143777,15,0,4509.63128838545,UPI
C02727,64054.01851692886,23,2,1309.7156485171827,Card
C02728,10620.24718194723,3,5,2794.2649458132923,UPI
C02729,17151.522284447885,4,9,1971.0735800653852,Card
C02730,9699.532184622687,5,7,791.3443846927394,Card
C02731,14844.796980670342,3,3,2411.167230974638,UPI
C02732,3190.862065725042,2,5,1975.3286318471482,UPI
C02733,26731.20597645541,8,0,5484.129521003844,Card
C02734,71407.5725866147,14,0,4721.91373581532,UPI
C02735,19271.146448006246,1,3,1982.3704504504108,UPI
C02736,11752.515707452954,6,1,2641.08886107979,UPI
C02737,15711.95082520866,7,1,2657.378870096335,UPI
C02738,72130.54538559521,13,1,1423.6218678731207,NetBanking
C02739,73604.4749898868,17,0,5995.964038806362,UPI
C02740,60125.178663641665,19,2,3947.332477317786,Card
C02741,30027.105980283755,9,4,1937.6342532151043,UPI
C02742,205765.47509803288,18,1,17671.68677459401,Card
C02743,37214.64253377225,11,1,3604.185085256309,UPI
C02744,26223.365271258444,3,3,1104.5978249837476,Card
C02745,16775.68040298837,5,5,1239.0677288242996,UPI
C02746,214115.45078694972,12,0,24227.3676982837,UPI
C02747,37129.036739401825,4,3,2162.5923314984693,UPI
C02748,8013.318442013542,9,2,2108.5270062288037,UPI
C02749,41101.2182092804,22,1,5093.096371153967,Card
C02750,17415.119747051504,5,6,967.1557562250214,UPI
C02751,10623.810868905419,6,1,2951.0170321706096,Card
C02752,42300.923867703495,22,2,4662.9450476543525,UPI
C02753,22532.30717361186,10,2,1498.740590014772,UPI
C02754,75082.93813969998,20,2,5345.360454011856,Card
C02755,63098.30501419836,16,0,1481.6550397019898,Card
C02756,169420.98261523916,15,3,12183.43092089355,NetBanking
C02757,30016.307522771283,7,4,3604.9717837177177,UPI
C02758,80366.5863318801,21,0,5547.804325183314,Card
C02759,65228.53903683561,18,0,3327.1575581024385,Card
C02760,39306.96680462009,5,3,715.2777894962655,UPI
C02761,12826.6552824958,6,9,1105.6072436241866,UPI
C02762,87741.68023115426,16,0,5109.393560369607,Card
C02763,9320.913117188586,4,6,1806.691372571741,NetBanking
C02764,31499.763093578564,21,1,5161.4692674515845,UPI
C02765,66494.31642921796,19,0,1676.9762867289774,UPI
C02766,75454.02843127312,18,1,2559.5822990061697,Card
C02767,37194.867362513454,6,4,963.3813923113175,UPI
C02768,31033.000302136992,5,3,1015.8945458796275,UPI
C02769,22923.729453896667,11,4,3511.5129541182337,UPI
C02770,203126.36925071545,13,2,23774.39725677305,UPI
C02771,12263.951636076683,9,1,2350.060881251257,UPI
C02772,35436.73287748448,19,2,5988.011372245519,Card
C02773,23887.551756269408,4,1,3030.2973837331324,UPI
C02774,46647.03993535741,9,1,3535.7333611115673,UPI
C02775,67799.97897831493,17,1,3872.022534524058,UPI
C02776,83422.38705990408,17,3,9483.912717146983,Card
C02777,82220.22576126829,22,2,4899.928899596902,Card
C02778,28273.93727530232,8,3,2938.8622691705864,Card
C02779,21131.246520108394,6,2,3137.1711075452913,Card
C02780,5382.212388036004,5,8,2957.211966618427,NetBanking
C02781,59456.043496129285,17,2,4073.1789497982,UPI
C02782,45762.684219658055,24,2,2628.3736641844207,Card
C02783,18281.76345495388,1,9,2090.3792880285273,UPI
C02784,71165.9303380142,24,0,5243.5226511540895,UPI
C02785,38570.20260284053,8,4,3883.804132741282,UPI
C02786,10116.859433478865,7,4,3391.2228084796093,UPI
C02787,3708.038150431507,6,9,632.3895870412034,UPI
C02788,86674.65909205814,18,2,4852.591754892272,UPI
C02789,15681.275987917314,11,3,3047.2473947741937,UPI
C02790,67325.65179081055,16,0,3333.7730794522554,UPI
C02791,29999.446660718986,10,4,3714.378701325658,Card
C02792,52764.464546534655,17,2,1624.242864732426,UPI
C02793,83123.90166818454,24,1,1539.671672830243,Card
C02794,39165.130779537045,5,3,3568.2048285492638,Card
C02795,16710.954585798427,10,2,2057.948643743443,UPI
C02796,71412.78479274595,14,0,1102.826295865268,UPI
C02797,26149.4207645828,5,4,3281.85084073699,UPI
C02798,12350.318394083526,4,2,1199.888953227281,UPI
C02799,176732.20185479097,8,0,27189.40821797117,UPI
C02800,46737.18153746477,9,2,4826.933597082487,Card
C02801,210460.2393883676,15,2,27016.882513725388,UPI
C02802,50648.49887665425,14,1,3636.13946400883,Card
C02803,18541.252018613442,2,9,525.5999547064833,Card
C02804,41527.108464022334,14,0,2322.4215585704333,UPI
C02805,63787.24893828153,17,0,5067.856027974562,UPI
C02806,67409.03382374844,23,0,3790.132476584509,Card
C02807,68540.24427228166,11,2,4063.9464007791735,Card
C02808,43973.361020560034,12,2,2242.27340897348,NetBanking
C02809,83594.94359539231,21,0,1465.8933175713703,Card
C02810,15156.372595806253,10,2,2343.5378388683316,Card
C02811,16659.324079960417,4,3,3527.470204231801,NetBanking
C02812,31076.305959614692,13,2,2380.8511489340235,Card
C02813,33812.6608781507,11,2,1498.1546289547862,UPI
C02814,62609.20480999503,19,0,2566.9704764470016,UPI
C02815,19152.967295017974,4,3,632.007543797322,Card
C02816,64503.102186502096,16,1,5728.917857987156,Card
C02817,38777.40781788756,9,3,1525.4692347479536,UPI
C02818,26583.47787998331,9,0,1332.6189448740213,UPI
C02819,32693.25434390145,5,3,1843.8563143478384,Card
C02820,16761.235937060665,5,3,1477.7683507800216,UPI
C02821,84958.77999565616,23,2,2202.6320074886335,UPI
C02822,17908.142868295807,2,3,2289.7645877724863,UPI
C02823,24015.482579692143,8,4,2649.2270774634744,Card
C02824,77182.4203317062,23,2,5143.933430367043,Card
C02825,76295.82882867128,24,0,3616.3476027706656,UPI
C02826,11804.903602373352,2,5,967.6101050770203,UPI
C02827,8556.010025706126,10,4,3761.8072279727908,UPI
C02828,57256.22740316055,17,2,5087.74047215013,Card
C02829,27419.334711957665,18,0,2813.0883608149643,Card
C02830,76892.73268917024,9,0,3367.267687531985,UPI
C02831,53775.19583941542,24,0,3720.043093662585,Card
C02832,86230.54409450083,12,0,4865.4462630541675,Card
C02833,9997.628642263046,11,1,2690.821752762704,UPI
C02834,62498.44955188355,24,1,1117.8701994285182,UPI
C02835,43580.4156449539,15,0,1047.2122182538888,NetBanking
C02836,30821.01115638254,13,0,2478.666019880176,Card
C02837,6765.854446584073,1,6,2071.4914669920345,Card
C02838,51168.53046998933,8,2,4107.895728503141,Card
C02839,57091.78822797435,14,1,3088.0219820684288,UPI
C02840,83857.63333007225,11,0,1518.8658082920224,Card
C02841,30652.17038452688,4,1,2493.7332993030914,UPI
C02842,92598.98837145715,21,1,26705.152406794678,NetBanking
C02843,81201.29640819487,16,0,5435.165261433808,UPI
C02844,22923.479400265915,9,2,1568.3548653693515,Card
C02845,33269.56102341594,6,4,1399.3023350405715,UPI
C02846,38126.86435312582,8,1,3934.5540582113335,Card
C02847,19390.59965483424,3,8,943.6918535299556,UPI
C02848,25033.426143137604,11,2,1708.4241976810931,Card
C02849,12300.474998396436,3,1,1937.6931077732127,NetBanking
C02850,9477.855400406683,7,4,2755.563816379841,UPI
C02851,15699.432282386548,5,9,786.7178641752203,Card
C02852,206287.51296156758,18,2,27162.164713296293,UPI
C02853,77383.49157492696,8,3,14292.532123275018,UPI
C02854,86715.68628398626,9,2,2270.348197233605,UPI
C02855,10698.239904883692,6,3,742.2433388653094,UPI
C02856,10120.712769298043,1,7,550.1953868892588,Card
C02857,5289.144324453822,4,4,759.0045731224947,Card
C02858,30985.74413921241,22,1,4777.807712295171,NetBanking
C02859,26401.744219363092,9,1,3597.1427580379136,UPI
C02860,17735.5164844612,6,2,1927.390167769783,Card
C02861,47613.34339502302,8,1,4975.758841808658,UPI
C02862,38782.390934150455,7,3,1426.9372092274994,UPI
C02863,51650.231707196355,20,2,1378.9692623016217,Card
C02864,18152.86560454536,8,2,1730.8124530007863,UPI
C02865,8718.649608354153,2,4,981.5819842787091,NetBanking
C02866,86365.63399058348,16,2,3508.37938323829,Card
C02867,88076.46079395889,11,1,9898.071271607807,UPI
C02868,52434.56767882075,11,1,4063.4209148803347,Card
C02869,48814.99455776285,24,2,4808.155401273504,UPI
C02870,25603.143287146577,14,1,3055.4679751162234,UPI
C02871,66933.87451901929,17,0,5962.246727997484,UPI
C02872,69570.16674938225,9,0,1735.954140734259,Card
C02873,24483.149065332364,5,3,3067.149750597782,UPI
C02874,49688.452937987895,21,2,5084.241872843451,Card
C02875,13519.437701234914,2,8,1272.2521657229777,NetBanking
C02876,56556.22270403706,14,2,4539.483619245313,UPI
C02877,33128.82132710877,18,2,3380.2844370501584,Card
C02878,84257.81622662413,16,1,4034.9887240647113,UPI
C02879,21023.639996371967,7,4,3563.1776339202456,UPI
C02880,50754.088663907736,10,0,2329.133958546871,UPI
C02881,14112.677547715726,1,3,522.9195821207497,UPI
C02882,235681.71735568787,15,3,10161.797411062822,UPI
C02883,78198.85116113021,10,3,11308.083353573635,UPI
C02884,211557.67872505754,15,3,16640.747324221455,UPI
C02885,40117.79998673363,14,0,1187.4150388502082,UPI
C02886,38009.08027182201,4,2,1821.9287909305274,UPI
C02887,81276.88412342424,9,1,3777.2011551152514,Card
C02888,34558.823632484426,19,0,3495.5983971328506,Card
C02889,73157.4851624718,17,0,3929.387338136633,Card
C02890,17886.883558307774,8,1,1739.6904465417103,UPI
C02891,53789.80824275871,18,2,5403.948638180411,UPI
C02892,20659.093690763948,11,2,1541.2874965398878,Card
C02893,78578.76244202917,19,0,3330.2481324725027,UPI
C02894,50225.24339008449,10,1,2644.6952604745425,UPI
C02895,11023.520674000441,5,4,2517.279294935794,UPI
C02896,48644.76764761613,21,2,4683.877469904361,Card
C02897,65226.01996428772,18,0,3946.907585828521,UPI
C02898,48233.24820742252,19,1,4995.98035792585,UPI
C02899,30591.062254767505,5,1,1674.3766215709238,Card
C02900,71263.85135633309,19,0,5488.2616920361015,UPI
C02901,62801.687980604685,15,2,3548.2882679166337,UPI
C02902,77829.46290184055,21,1,5315.353665596754,Card
C02903,36397.20954820333,9,1,3686.5751955985647,Card
C02904,25088.666057268307,24,1,4013.300798314804,UPI
C02905,28818.794386970065,7,1,3775.968070595982,UPI
C02906,5979.149528694345,4,3,2672.5325155373935,UPI
C02907,3096.498196994744,6,5,2072.707058496911,UPI
C02908,75036.53973301602,13,1,1836.0048893440712,Card
C02909,13316.810064187852,2,4,775.8519976013781,Card
C02910,33056.217923938064,20,1,1315.8124592211132,UPI
C02911,34628.016545493796,17,2,5995.435197972069,UPI
C02912,42906.47938488977,17,1,1767.975084291656,UPI
C02913,27994.046957626477,3,3,2167.383256109659,Card
C02914,36487.96392966535,10,0,3332.9741613178885,Card
C02915,8714.072111849377,3,1,841.4408395910639,UPI
C02916,58674.304659332854,24,0,4844.1275334133625,UPI
C02917,19342.414419272944,11,2,2157.6134633411602,Card
C02918,20274.22103831,5,2,2678.1302132996943,Card
C02919,73063.94833816847,8,1,4749.162563441693,Card
C02920,39082.44049087684,17,0,4842.025996050863,Card
C02921,36173.44466870811,9,2,1693.9279050117584,UPI
C02922,18391.580231919135,4,3,1977.1142588579683,Card
C02923,86475.88723658182,18,2,5379.967482859351,UPI
C02924,31592.426446343576,8,1,1702.6504609448657,UPI
C02925,8068.192049629083,10,2,1191.0844151386332,UPI
C02926,124026.85209834587,11,1,15056.580003125957,Card
C02927,149435.99778046436,10,2,21449.15272365638,Card
C02928,4721.988556986474,6,4,535.5703247798536,Card
C02929,14296.74926252224,6,4,2448.954569248132,Card
C02930,13562.459498285009,1,3,2422.8968944366015,UPI
C02931,29971.007633373192,5,1,3162.054301257345,Card
C02932,36435.66186098494,9,3,891.6245690086193,Card
C02933,217005.00312855176,8,2,8407.981918052372,UPI
C02934,29113.813181213183,10,2,3752.11234071471,Card
C02935,10618.38919921151,6,1,2929.386993531778,UPI
C02936,12591.960080558145,2,4,2769.4684531745147,UPI
C02937,61538.162287069485,12,1,3466.0677894830933,UPI
C02938,50961.687544263186,22,1,4610.888160054022,UPI
C02939,75806.37015812965,23,0,2728.6195592764943,Card
C02940,52877.1680634877,17,1,5255.6944134258165,UPI
C02941,20800.34513581181,6,2,3894.365028980903,Card
C02942,36486.244128333354,8,1,3940.816386234878,UPI
C02943,60079.25729265379,21,0,2192.7880627591367,NetBanking
C02944,33598.91311295357,4,3,1455.8498862619467,UPI
C02945,83816.37951955097,12,1,4285.439639755602,UPI
C02946,80600.09659662427,11,0,2979.3623022972497,Card
C02947,24409.947134663227,4,1,1055.0627618628503,NetBanking
C02948,19502.478387622414,8,4,1403.7730087406744,NetBanking
C02949,18633.188188386193,1,7,1398.3528341522738,Card
C02950,17665.810721342063,10,4,3676.8881148252926,Card
C02951,69412.5682693817,17,1,3086.3476449222385,UPI
C02952,67984.63652052105,11,1,4721.446374971386,UPI
C02953,21457.055654559626,5,3,1237.8040915606948,Card
C02954,16211.349025425765,3,1,3555.644520496558,UPI
C02955,14933.641444063727,5,3,2884.792268441138,NetBanking
C02956,26169.701717613447,22,1,5624.653192478133,UPI
C02957,48095.383301052985,21,1,5661.524219906882,UPI
C02958,15420.258210467582,5,5,586.7823425514624,UPI
C02959,85299.10808901917,9,0,2105.343602791134,Card
C02960,35915.522568797984,9,4,1460.187225156352,NetBanking
C02961,49537.45743601016,11,1,3877.7600118764553,UPI
C02962,12699.2436630987,6,5,2978.513516341432,NetBanking
C02963,71917.25910049118,22,0,4860.683241434975,Card
C02964,14273.701325999633,5,3,1229.9257868183586,UPI
C02965,26684.689544649435,9,3,3638.1976970662354,Card
C02966,52708.87540153761,11,1,5818.175284298488,Card
C02967,38120.69738392816,11,1,1913.287033100128,UPI
C02968,86383.14069604667,11,1,2384.499753477523,UPI
C02969,11720.055932428311,5,5,719.0827551433181,UPI
C02970,14041.991256598401,9,2,817.1940735115434,Card
C02971,30619.994256880527,10,4,3933.236864584047,NetBanking
C02972,29113.007730021833,10,4,830.9319196616714,Card
C02973,35848.732247407286,9,4,931.5648597611416,UPI
C02974,7157.919638780573,4,5,2724.0081761156093,UPI
C02975,16939.90070212564,4,9,1122.9023854647078,Card
C02976,67606.91964944852,16,1,5648.939741166742,UPI
C02977,26909.539602664987,11,4,2536.8040966179137,UPI
C02978,36799.97051455082,14,0,2959.129507561097,Card
C02979,34282.450423450064,8,1,3940.0113188972687,UPI
C02980,32290.785820440826,10,2,2878.6191672525856,UPI
C02981,27778.154628747332,5,4,2414.100080950844,Card
C02982,26878.978698116738,5,1,1757.1618201032845,NetBanking
C02983,69104.77841361816,22,2,5438.985622996299,UPI
C02984,28231.30105562841,3,4,2560.6272585995903,Card
C02985,29644.18670812439,10,1,3524.7911459432994,UPI
C02986,35278.709279333314,5,4,2441.4061150501093,UPI
C02987,61052.74609292113,12,0,2038.3873042463526,UPI
C02988,61598.72374555906,9,0,5306.617631646413,UPI
C02989,19540.81105308453,3,4,926.2313055116615,Card
C02990,77472.45694237019,24,0,1469.3418791700833,NetBanking
C02991,38906.66754073475,6,4,877.5818735571345,UPI
C02992,24113.871543434063,7,1,1516.7846033539035,UPI
C02993,145967.043617135,15,2,23984.538548931007,UPI
C02994,82064.32521701684,19,0,4976.0840317159,UPI
C02995,78074.63890864232,16,1,1297.2931782547116,UPI
C02996,89921.28945361616,16,0,1908.1521493267908,Card
C02997,25888.923210437584,9,2,3410.2966527589897,Card
C02998,39028.89009352653,16,2,4905.653012978328,UPI
C02999,53588.29002782001,22,2,2659.4771876852647,UPI
C03000,14709.46460278537,6,9,2552.079216715732,UPI
C03001,42442.094948365586,18,1,2084.1846726880667,Card
C03002,13468.488944810171,6,8,2434.5505087500783,UPI
C03003,54618.728709265546,17,2,1146.287238420652,NetBanking
C03004,206467.13045509497,13,2,10757.679492578565,Card
C03005,44331.968944256325,8,0,2900.3490781243063,NetBanking
C03006,7450.194876682333,1,6,2526.248410154286,Card
C03007,58346.03369602251,21,2,1872.509154866901,UPI
C03008,25597.250419678217,8,3,2598.8049378371834,Card
C03009,33178.21425548315,8,4,1825.6439863448434,UPI
C03010,220837.93588307133,20,1,11355.188567106528,Card
C03011,150790.13174559938,8,0,18187.724192881848,NetBanking
C03012,62002.04814988652,17,1,2481.7499400107135,UPI
C03013,40583.05377134905,23,1,5086.7124347872905,UPI
C03014,79884.7680074664,18,2,3357.7840557190766,UPI
C03015,27446.030411434782,18,0,3969.798619242503,UPI
C03016,13855.258671465544,2,4,1265.9729220216154,Card
C03017,27485.198331180913,4,2,2883.7142361595834,UPI
C03018,26214.93051263951,18,2,2445.946846253023,UPI
C03019,36914.66594358382,3,3,1014.5632972009795,UPI
C03020,29180.400931191798,11,2,2615.1572012990964,Card
C03021,87961.08879564278,9,1,2262.296255353691,NetBanking
C03022,17910.276229816463,6,4,2460.572539081356,UPI
C03023,15030.401697301455,6,8,1337.7016879144944,Card
C03024,25144.429812283837,13,1,2674.6079128922456,Card
C03025,54295.06588433269,19,0,1352.7731716527587,Card
C03026,50357.17073059631,17,1,1864.812817080507,NetBanking
C03027,44719.62151322997,18,2,2806.5340738430386,UPI
C03028,50802.82106427619,10,2,3228.3969293518735,UPI
C03029,29046.790436611194,9,0,4052.983107765161,Card
C03030,11169.516764488035,4,3,688.9332281815759,NetBanking
C03031,37924.98946857678,3,1,2306.0663807880874,UPI
C03032,56613.41580193507,12,0,1648.665413564109,NetBanking
C03033,64419.20544843783,20,2,4581.8539211507705,UPI
C03034,30688.798208770535,9,1,3634.7764242734424,Card
C03035,69564.67872441045,23,1,4960.063277258761,Card
C03036,88784.54960256218,17,1,2821.556125118204,Card
C03037,55967.776818053615,23,1,3793.7176481423876,Card
C03038,17042.284106249353,9,1,716.1756830027822,Card
C03039,76058.56006472385,23,0,2309.563328479276,UPI
C03040,19156.54672053529,9,4,1322.905690096303,Card
C03041,84157.4229901181,11,0,4486.19860257433,UPI
C03042,8722.204152035089,1,3,1836.6837987308497,Card
C03043,4760.461851214614,4,5,1353.9861919447876,UPI
C03044,85000.41279986323,19,0,4217.120356403588,Card
C03045,104622.34953400365,11,0,27011.688506229548,UPI
C03046,19222.840182052794,10,2,2361.6588667146025,UPI
C03047,137806.11632725556,20,1,29963.529961927863,UPI
C03048,13216.613506498888,4,2,2365.1509864318373,UPI
C03049,32402.462281130338,21,1,5609.677916209399,Card
C03050,193987.1983833778,8,0,22630.35532334365,UPI
C03051,35085.334559129275,5,1,3281.6361275650224,Card
C03052,86705.16268066489,14,1,4500.395346097082,Card
C03053,68349.78753520145,17,1,5948.204877792048,NetBanking
C03054,20242.85007220875,5,4,1319.0912948743453,Card
C03055,27822.939489174467,15,0,5769.283663918319,Card
C03056,83849.5358318254,23,1,2672.293627152717,UPI
C03057,89372.27902678633,23,2,2684.52966465757,UPI
C03058,76456.20966224169,11,0,4863.0474420227665,Card
C03059,7279.907660620562,1,4,1811.1531890504878,UPI
C03060,15881.620000455714,6,5,995.8557048524376,UPI
C03061,201160.52636006323,9,1,16692.184461186534,Card
C03062,23029.50177904446,8,3,2059.154888100733,UPI
C03063,21447.751830374247,8,4,2692.616381952891,UPI
C03064,15999.686924278634,8,2,2148.813160148034,UPI
C03065,8462.952321934552,7,3,3607.5888447613515,Card
C03066,156667.0822534621,14,0,18669.344462235527,Card
C03067,15944.094287282973,8,1,3134.098281834584,UPI
C03068,41720.788093631025,10,2,4980.952147565073,UPI
C03069,13239.805733416393,11,1,1609.901299430695,UPI
C03070,70396.87940032127,8,0,1734.0765194349087,UPI
C03071,68733.46949886129,23,1,5609.8752843410675,Card
C03072,9841.42532715411,10,3,2064.314806854629,Card
C03073,17266.522468483454,6,1,948.9698519688216,UPI
C03074,4127.483035148229,3,9,914.6768596670927,Card
C03075,8021.590375966179,1,7,1057.9811028553981,UPI
C03076,39337.92354696142,10,2,2286.765744485,NetBanking
C03077,75593.64354822107,17,2,3307.06064556808,UPI
C03078,163452.09886503947,20,1,10972.8671422976,UPI
C03079,36846.76582216743,16,2,5139.610562338367,UPI
C03080,28431.924776972355,9,1,1836.3374605075153,Card
C03081,83692.96082346511,21,2,1342.7950785898247,UPI
C03082,29020.41551012008,9,3,1299.0096525281697,Card
C03083,37438.71381907965,11,4,3790.840472402134,NetBanking
C03084,50598.58628393762,18,1,3073.408768392433,NetBanking
C03085,61772.979819197084,9,0,2805.6284142823847,Card
C03086,39130.59102159619,7,4,1742.559543422445,UPI
C03087,33464.15314531524,15,0,3950.921372301026,UPI
C03088,18751.66526741672,1,8,2428.7232023199695,UPI
C03089,36184.00577959028,15,0,3060.602566345512,Card
C03090,5549.934663872125,2,6,2644.5679438688776,UPI
C03091,77462.61952454204,17,1,1709.8771215806014,Card
C03092,36344.817634190804,3,4,3216.543541001337,Card
C03093,36819.41223540204,22,2,1741.9668777412876,UPI
C03094,33991.06697640929,20,1,1958.873989092081,UPI
C03095,72106.09097021158,13,2,2571.2751253033903,UPI
C03096,217664.26580184465,18,2,27560.81896876923,UPI
C03097,10200.298105104828,3,4,2862.5407727007305,UPI
C03098,15574.713133352,8,3,3538.450627027845,UPI
C03099,46555.98646231725,10,1,1247.6181289244284,UPI
C03100,23693.45578673567,8,4,3345.6697366638728,Card
C03101,43067.93126773509,13,1,1147.011269292759,NetBanking
C03102,38068.43693350123,5,1,2465.1864742438493,UPI
C03103,35922.10362258433,8,3,2061.2350815237337,Card
C03104,34001.02639528243,9,3,916.2376551613304,UPI
C03105,42562.20275895475,19,1,4325.8945041861,UPI
C03106,13629.411637522517,3,9,1508.3148497722475,UPI
C03107,15254.070050044877,9,4,1250.1188649155347,UPI
C03108,48252.45308105208,21,0,5283.526597742034,Card
C03109,53435.43714039613,21,1,2925.77229770566,Card
C03110,37365.12622231046,11,1,3236.5766509363407,UPI
C03111,27320.78543278248,12,2,3125.874080256695,UPI
C03112,21008.067804918857,3,3,3681.6720803888566,Card
C03113,15897.045193642476,7,4,1069.623142103585,Card
C03114,34970.54023511121,21,2,1279.069747511861,UPI
C03115,30382.85608273759,7,3,1508.541399594751,UPI
C03116,24149.75467460716,5,1,2376.018352392546,Card
C03117,70508.34251181371,15,0,3289.8605747222855,UPI
C03118,18566.305288346466,11,1,3424.4500292827274,UPI
C03119,82287.74938319845,13,2,3029.4603433778966,UPI
C03120,37743.490815305224,9,2,2430.433005544724,UPI
C03121,49885.776029257984,24,1,3655.1782384853377,Card
C03122,55959.022069907485,8,0,4315.5387057500375,NetBanking
C03123,50364.07456439754,13,1,5132.383583649849,Card
C03124,7765.3029498107935,5,8,1152.9704408030054,NetBanking
C03125,18787.169545315446,4,9,2931.0546373309967,UPI
C03126,113333.85671811976,20,0,20062.35475810156,NetBanking
C03127,18410.64314013451,3,1,1102.8234776416593,UPI
C03128,30385.618718864785,5,1,3478.822782632317,Card
C03129,37380.083648154876,8,3,3108.2135798521304,Card
C03130,84741.55845962754,22,1,4992.42753082298,UPI
C03131,7708.954432490237,3,9,694.7766777077172,Card
C03132,50329.965498828074,17,2,1639.8582882239873,UPI
C03133,26836.763191502316,5,3,3985.316502847188,UPI
C03134,19829.77899807176,2,8,2142.3933773173544,Card
C03135,8429.50444727299,9,2,1801.6945207185008,Card
C03136,54029.19288311385,14,0,1350.8559533638695,UPI
C03137,80367.00714917085,11,2,28978.077412881023,UPI
C03138,39918.58784948503,9,4,1668.2857118690335,UPI
C03139,15959.333823436698,2,8,1805.9552574459499,Card
C03140,76169.56911667224,22,1,3674.863933114114,UPI
C03141,25488.506742498692,8,3,1736.9767002142091,UPI
C03142,26701.770184234043,9,3,2550.545946956207,UPI
C03143,28356.670782272482,23,0,5743.494437293051,UPI
C03144,44070.70179062066,20,0,5272.121446565571,Card
C03145,50330.57164799038,19,1,4720.544142242618,UPI
C03146,39194.831494018224,3,2,2916.999982484251,UPI
C03147,8749.189565088958,8,1,1016.9356878070798,UPI
C03148,15175.178433917918,2,3,1054.9932059963558,UPI
C03149,38702.781115771315,13,1,2874.2249839658166,Card
C03150,239838.65001429865,21,1,13428.766456139681,UPI
C03151,56485.72757187909,19,1,4077.931552780696,UPI
C03152,12534.714870358042,2,9,2867.636621509949,Card
C03153,27184.987199959152,7,1,992.8892121979738,UPI
C03154,35568.354598821454,9,3,2071.8063474319597,UPI
C03155,90199.3850727773,17,1,28687.154749754125,UPI
C03156,35476.492364063146,17,0,2088.803090541209,UPI
C03157,28101.40912235488,7,2,1522.755358321578,UPI
C03158,24398.869337061496,6,1,1152.2060235946315,Card
C03159,28821.489164747414,10,2,2887.24378049163,UPI
C03160,33775.026121563365,14,2,3627.579856340707,Card
C03161,84799.78314319026,15,2,4797.7705104088145,Card
C03162,26234.836018143003,10,1,2918.9997644925215,UPI
C03163,83449.44860235836,15,0,5976.336492701823,UPI
C03164,40948.80498316926,21,0,3626.4072660180404,Card
C03165,17449.07614739996,8,1,1000.7093138437799,UPI
C03166,19539.49447436492,6,9,584.9216364976513,Card
C03167,17432.85144478473,6,5,2412.9972808733833,UPI
C03168,55385.09872013406,16,0,3207.4120124418896,Card
C03169,89385.64105401997,11,0,4859.7808037444265,UPI
C03170,31889.674101172615,7,1,2146.3906147414727,Card
C03171,29138.173261427135,12,0,1393.1598173472166,UPI
C03172,5248.104705449174,6,3,2067.012698266032,UPI
C03173,86772.93775340506,23,1,2677.9051217793244,Card
C03174,11812.589585671227,7,2,3260.8418895855234,UPI
C03175,14075.863757303612,11,2,3049.454982025499,UPI
C03176,87646.75170582253,11,2,5415.485447293704,UPI
C03177,40294.5095218441,15,1,4596.53224757492,Card
C03178,158071.72521639997,20,2,18514.865306185566,NetBanking
C03179,22044.114168119715,11,1,3887.802055830152,UPI
C03180,88862.34497731135,15,2,5810.300196647494,NetBanking
C03181,10976.57357175626,5,4,705.4705644303295,NetBanking
C03182,98447.53776745521,20,3,19363.490845403023,UPI
C03183,3745.651797720705,6,8,2711.9352171451724,UPI
C03184,4097.691157331177,2,9,2805.490025316915,UPI
C03185,59787.97322321306,24,0,5714.432262474587,Card
C03186,17979.423819523086,5,3,2413.478723504278,Card
C03187,7342.268105415034,2,6,2739.1308906415406,UPI
C03188,29592.316035958935,6,4,2246.7427953427823,UPI
C03189,60441.225607651315,12,2,3202.090391224641,Card
C03190,8180.155306184243,10,4,1052.9879669268084,UPI
C03191,77978.77393493781,11,0,4982.06360397006,Card
C03192,29757.575454264635,7,3,3761.1530094585464,UPI
C03193,30425.663106481046,11,3,2576.161289950587,UPI
C03194,68745.81872589898,20,0,5922.67085885879,UPI
C03195,74324.2868248623,13,2,2886.5901259220873,Card
C03196,166515.13147058839,20,3,9595.227555133954,UPI
C03197,30057.55956462213,4,4,1703.6583743289398,UPI
C03198,18698.143108316923,2,5,1401.8897899731905,UPI
C03199,62939.842744513786,8,0,3554.2208103093485,NetBanking
C03200,54394.51836149647,10,0,1271.348954232957,UPI
C03201,30040.198055667286,3,3,1850.402678645761,Card
C03202,7341.957096625201,1,4,1029.6231152025925,Card
C03203,66586.37396704305,15,1,1532.338668578002,UPI
C03204,56804.99254933468,14,1,2833.428658464924,NetBanking
C03205,41692.16531514365,24,1,5110.509423503532,NetBanking
C03206,8215.273592465928,5,4,542.2713098026406,UPI
C03207,38818.75982756146,19,0,5495.202762268136,UPI
C03208,21097.263886875808,8,4,1960.6520507441726,UPI
C03209,36433.482460078274,15,1,2304.234763651336,Card
C03210,77675.49351240255,9,2,5135.558657783944,Card
C03211,57685.80883045032,8,0,3317.6447406748125,UPI
C03212,62837.008476014256,17,0,1421.8143775201684,NetBanking
C03213,85409.6845559178,18,2,5975.171707877949,UPI
C03214,37921.77408466139,11,3,2480.0174713372826,UPI
C03215,47467.48768319984,10,2,2803.864109960834,UPI
C03216,6802.014009923036,3,4,1278.1525945271856,UPI
C03217,32732.553652334107,7,4,2177.4508531969313,UPI
C03218,27807.809816621968,5,2,1829.074593719102,NetBanking
C03219,199677.97897077334,18,1,14177.997662683185,UPI
C03220,121458.3727967343,17,3,15282.702265200825,Card
C03221,12558.100703284965,4,6,2799.8199941042594,Card
C03222,15272.814416921672,5,2,1008.6975918271978,UPI
C03223,14237.223071605637,4,5,2659.773030032981,UPI
C03224,41519.680079708865,11,2,2099.8922312503537,Card
C03225,15407.920258735441,6,4,2824.6886018636765,Card
C03226,32107.260411426294,6,3,2924.564423984797,UPI
C03227,14801.269375938975,6,4,962.5784937607552,Card
C03228,4247.343542985587,2,6,739.4281625543107,UPI
C03229,10734.263669951415,4,9,788.4820700790666,Card
C03230,25509.50260651844,4,1,2992.3350168571474,UPI
C03231,26053.77421861059,11,0,3454.4334423367554,Card
C03232,23990.9257959112,11,4,2939.8181661656045,Card
C03233,28868.69065064522,9,4,3664.6238948607534,UPI
C03234,26737.717354651282,5,3,3244.319562074987,Card
C03235,39553.59884033857,7,3,2325.912442588193,UPI
C03236,28831.164371964547,8,0,4810.404248457333,UPI
C03237,15695.14025425814,2,5,2788.8875506866757,UPI
C03238,53731.647198281855,19,0,4690.5363972562845,UPI
C03239,83232.31856411582,19,0,3529.8014666675895,Card
C03240,22891.32088403785,6,1,1238.396848077688,Card
C03241,80552.05940665424,20,1,4647.042750419823,NetBanking
C03242,30464.705633179965,10,1,2378.714526421503,Card
C03243,10915.407089991682,2,3,2507.3284692503285,NetBanking
C03244,72852.47423953007,11,0,5516.285860540834,UPI
C03245,68995.79706168799,24,1,2186.75511238545,Card
C03246,18575.687462530863,10,2,1703.42246684469,UPI
C03247,88216.85180383961,22,1,4419.734619364477,UPI
C03248,34193.70401610874,15,2,2628.6367444964667,UPI
C03249,45339.11375905661,9,2,4495.373628952515,Card
C03250,20274.306225781427,11,1,3155.5158826048305,Card
C03251,89699.10257018445,16,2,1747.8348323307166,NetBanking
C03252,32878.7809151523,4,2,761.4175296576742,Card
C03253,10335.358515009155,8,3,2292.5547159054067,Card
C03254,60859.68296334235,11,2,5127.831508256427,UPI
C03255,230217.37484787457,17,0,17691.480984773752,UPI
C03256,5212.11724997189,4,3,1720.8915934369913,UPI
C03257,16119.015952997688,7,1,2112.2981694961154,Card
C03258,11096.70864644946,5,3,760.1793232017435,Card
C03259,81773.52053015372,11,1,4575.134464563357,Card
C03260,27724.979345490174,7,4,2926.167251744394,Card
C03261,49214.402074071135,15,1,3147.5626676629277,Card
C03262,10015.938234319932,1,3,1578.151012654901,NetBanking
C03263,35141.44076493037,9,2,2381.983964523502,NetBanking
C03264,29398.25961774116,22,0,5175.110827436541,Card
C03265,78828.2888091531,22,2,5246.934883640101,UPI
C03266,37951.97561577869,11,1,1929.570973815989,Card
C03267,81515.56137780863,23,0,5483.822224756467,UPI
C03268,31444.94006367075,4,4,1716.0156698090595,UPI
C03269,37292.019400481324,6,4,3899.6802958327835,UPI
C03270,55486.67694406002,10,1,4760.416922467406,UPI
C03271,38637.58915115814,7,1,3517.240994699267,Card
C03272,196875.9282110136,16,1,8051.563870650643,NetBanking
C03273,11631.475988331616,3,4,580.8142084981342,Card
C03274,26834.920347815078,11,3,3786.268345562909,NetBanking
C03275,47457.24883876801,24,2,5570.76653382253,UPI
C03276,33990.4842172948,7,4,3532.3714168431734,UPI
C03277,37513.20684183004,8,0,3025.9262963294095,UPI
C03278,16313.619497914495,5,3,3757.1590269279554,UPI
C03279,69609.54788032241,14,1,1784.2580891265488,UPI
C03280,101215.45317233092,19,0,20345.119663870166,UPI
C03281,38765.99238137149,14,1,3281.032022804024,Card
C03282,62140.25225215077,23,1,5953.091369325459,UPI
C03283,74765.14117490596,22,1,2562.0242768970293,Card
C03284,18338.30913520114,4,4,1599.9087326946092,UPI
C03285,28848.901206804163,20,2,1088.4619920499247,UPI
C03286,11898.165208400496,8,4,1158.026557317148,Card
C03287,40506.35519346731,8,0,5881.86250565649,UPI
C03288,11150.166608022635,2,7,2255.590605685721,UPI
C03289,32545.413904290748,20,2,1748.527869751124,Card
C03290,18279.287567151856,1,9,1148.1076518140085,UPI
C03291,86576.83582857138,22,1,5435.650224002182,UPI
C03292,34907.89440090006,12,2,1794.708992803035,UPI
C03293,21482.428221587514,10,3,2598.107574910668,NetBanking
C03294,16110.37605155474,6,2,3534.5946349261817,UPI
C03295,81435.29146574528,24,0,3967.1273110640655,UPI
C03296,30430.273205226025,5,3,3738.5116496227033,UPI
C03297,66058.12378981372,22,2,5467.138474962096,Card
C03298,86413.05271587145,17,2,1970.3227703330817,UPI
C03299,58022.679420996894,20,1,4037.496192576594,Card
C03300,20754.907796815303,8,2,2414.964826197975,Card
C03301,34993.543864662366,12,2,4558.3857784893335,UPI
C03302,49116.882663565455,23,2,1176.5272307288697,UPI
C03303,19849.900510962947,6,2,1688.4392320363786,UPI
C03304,17043.47156946161,11,3,949.1353917042273,UPI
C03305,28957.182442584824,19,2,3575.3045686479136,UPI
C03306,6899.543961019794,2,7,2239.4097489620835,Card
C03307,16902.155836180165,11,2,2240.555751537325,Card
C03308,133241.14128441556,8,1,25302.21095696628,Card
C03309,166127.6224973027,12,3,19580.81312471548,UPI
C03310,63417.833631301335,19,2,2133.5380105664444,UPI
C03311,30858.982815181927,7,1,3815.3197976692204,UPI
C03312,32422.970688972822,6,4,2222.9643370673703,Card
C03313,15179.493116094913,8,1,3839.0244269892123,Card
C03314,49299.33253135589,10,0,3207.9690311950467,UPI
C03315,17240.682786218604,8,3,3969.5824390523903,UPI
C03316,60558.18149649026,11,2,4418.647380946168,UPI
C03317,10925.231553488451,4,3,2379.9221183709305,UPI
C03318,12381.130686785607,8,2,1882.0123356874167,UPI
C03319,72441.13485997671,20,0,3790.302480721087,UPI
C03320,8947.176731170855,10,4,1431.0538816062112,UPI
C03321,40174.12752124411,16,2,1978.0770567788759,Card
C03322,62198.51791665666,23,0,1737.0090249654527,NetBanking
C03323,6402.188425166603,2,9,2733.683352676785,UPI
C03324,218418.25776173905,8,0,11940.049542349478,UPI
C03325,16778.561863345887,7,1,3474.556662775421,Card
C03326,27213.96054698103,10,1,3016.752518991855,UPI
C03327,215777.2908998627,13,3,14727.561970202332,NetBanking
C03328,73200.17911514503,19,0,3724.814394398629,UPI
C03329,15711.982975352705,4,8,1161.9137088520852,UPI
C03330,87924.42587911678,24,0,3457.042650956437,UPI
C03331,7905.606751059944,1,7,2386.070205006582,UPI
C03332,158879.4266002404,21,1,27411.135679973235,Card
C03333,3034.734856879198,3,6,2331.630611079123,UPI
C03334,121903.87131709767,8,1,15759.492021921142,UPI
C03335,17594.907173727974,11,3,3239.813579605541,UPI
C03336,27319.830443822088,4,4,3535.2705864780164,UPI
C03337,122574.87563865772,17,1,27800.429415688737,Card
C03338,114618.79031705731,19,1,21949.225203497885,UPI
C03339,52411.081349032385,8,2,3434.120813490505,Card
C03340,10844.527726609444,6,3,1640.504294912674,UPI
C03341,50232.604913890005,20,1,5260.597159170306,Card
C03342,9425.24676818475,4,7,1484.2311780380076,Card
C03343,30327.83586426674,3,3,2404.169769925192,NetBanking
C03344,89377.3755298997,20,1,2350.4008890319114,UPI
C03345,183715.5125905116,17,1,19553.48825026027,UPI
C03346,25517.468292308185,10,4,1740.4526581278096,Card
C03347,31792.27442944284,17,0,1190.288786184275,UPI
C03348,63780.01983537717,21,1,5334.034129373232,UPI
C03349,41612.64087010328,22,0,3523.0210616717304,NetBanking
C03350,9060.10401983437,2,7,2986.3783329435187,Card
C03351,3280.905000073411,5,9,2355.6787640887915,UPI
C03352,39139.18279313797,11,4,1929.2806056677186,Card
C03353,247099.8442631832,15,3,24776.22853966191,Card
C03354,62117.68702972758,24,2,1575.723561071436,UPI
C03355,38654.94717356085,18,2,4108.240492220732,Card
C03356,28574.797004219938,20,1,3263.690552551431,UPI
C03357,43640.27422816913,15,2,1557.7787992890915,Card
C03358,11832.400450025973,6,1,764.8404354689012,UPI
C03359,13546.663604400095,4,7,1030.966008509914,UPI
C03360,75013.91155996808,9,1,3035.388085057498,NetBanking
C03361,46886.9586357939,17,2,1701.3231539010949,UPI
C03362,49448.82975254601,11,0,3705.538062234597,Card
C03363,11417.386838413997,5,3,2653.5176670994283,UPI
C03364,38953.805115546915,24,2,2870.392171661606,UPI
C03365,40866.05519422152,15,2,5272.729462070749,UPI
C03366,8370.763953145364,6,3,2558.618997591576,NetBanking
C03367,74210.69875638069,12,1,1254.205032903172,Card
C03368,39348.43000645081,3,2,2558.7858198574295,UPI
C03369,13713.099592979335,3,8,888.5002192670015,UPI
C03370,15995.508892793843,8,4,2030.7017412235664,UPI
C03371,24974.33721255286,9,4,1876.932428816101,UPI
C03372,77551.23291418861,15,1,3038.1684324009807,Card
C03373,14164.200025985361,4,7,2588.3993698907825,Card
C03374,18262.082618139866,3,4,2755.4496807787223,Card
C03375,17369.583114122823,7,1,2595.5320223756535,UPI
C03376,22350.253094128464,4,4,3743.94715717717,NetBanking
C03377,240178.77033357543,18,1,24170.859487774633,UPI
C03378,42674.02890491362,9,2,2565.3996395739327,UPI
C03379,38010.19811090384,9,1,1728.7494418812284,NetBanking
C03380,12615.761473124297,5,2,940.6685684259996,Card
C03381,30777.06174472935,10,3,3902.2894087119826,UPI
C03382,23588.414332559667,3,4,1685.0373034879035,UPI
C03383,25344.678361163617,7,2,1869.6482709409327,UPI
C03384,14024.908318277385,3,7,540.8452361959575,UPI
C03385,26986.407379034496,9,4,3770.6990220521625,Card
C03386,16596.419701103667,5,7,2636.7708527228215,Card
C03387,10307.366065250193,2,6,1348.6300072663264,UPI
C03388,61247.22412084436,11,1,5989.262804790856,NetBanking
C03389,25690.50740710042,8,2,3629.206233725872,NetBanking
C03390,78123.50221312078,21,2,2997.9506171845987,Card
C03391,8863.929906214249,8,3,1624.1230407746457,Card
C03392,165555.24300571665,12,1,10483.35453042098,UPI
C03393,11388.190272643345,2,3,797.2281077592437,UPI
C03394,11071.063332687765,3,7,1002.0426265081098,Card
C03395,9111.534917154455,6,2,2874.848022367585,UPI
C03396,36763.569009320825,4,2,3712.216646025678,Card
C03397,55694.2610170542,18,1,1799.4941448859445,Card
C03398,44466.52721875602,24,1,1739.6570750710846,UPI
C03399,16131.883012369024,4,2,1002.4091609009472,NetBanking
C03400,110721.55069340159,18,3,29522.47389835104,Card
C03401,3094.9093072717465,4,6,757.7720192386071,UPI
C03402,39354.9293170412,17,1,3707.4542575245596,Card
C03403,162453.6208561216,9,1,19005.1364401606,UPI
C03404,5282.307339000439,1,4,2737.0875470182827,NetBanking
C03405,30369.836490959264,9,1,3494.9913516120114,UPI
C03406,19949.57806701005,5,3,2171.84744285754,UPI
C03407,30363.853184880332,7,1,2609.454254356172,NetBanking
C03408,56874.52134131044,8,1,3182.0678103784985,UPI
C03409,19406.664853374856,6,1,921.4249791859054,Card
C03410,88368.84321908987,13,0,3428.0428075051495,UPI
C03411,38624.757293963135,7,3,2197.857902451406,UPI
C03412,69739.44314847351,18,1,3588.109760987816,Card
C03413,34404.79485942032,12,1,4174.794794736567,Card
C03414,189980.59109717255,13,1,17876.358315326288,Card
C03415,34157.505083669865,10,2,2315.5455637641535,Card
C03416,25643.237870099838,3,2,2773.9105572483236,Card
C03417,28144.732144226502,10,3,3554.1477838743394,NetBanking
C03418,16346.628300085662,9,3,2453.5984462994056,UPI
C03419,13849.534574413137,3,1,3218.2026776212388,NetBanking
C03420,15493.126747178587,7,1,1748.6018461446986,Card
C03421,27860.737998893444,7,2,3327.442266219284,UPI
C03422,23777.284801434835,10,3,2933.6780385386523,UPI
C03423,18068.072541686397,3,5,2810.300131439075,UPI
C03424,32314.895625334102,8,4,2174.879211588959,Card
C03425,11847.622616427841,10,2,1055.9007087752857,Card
C03426,15428.723070265547,10,1,988.0775555325915,NetBanking
C03427,6149.552571392535,1,3,2753.861533212266,Card
C03428,75448.20838585273,15,2,2840.183696248787,Card
C03429,31981.625981954116,11,2,1797.2336929038497,UPI
C03430,113931.34046757105,17,3,26469.169609527384,UPI
C03431,17336.51796931843,6,4,817.0015441146405,UPI
C03432,87849.99421623984,20,1,3384.8374711551155,Card
C03433,22902.569094123483,9,2,2592.8049170114396,Card
C03434,83564.42560423605,11,1,1319.7116507654207,UPI
C03435,49903.95435152557,22,1,5108.920812369478,NetBanking
C03436,18387.193774431507,4,3,3144.011680884218,Card
C03437,13671.694772504829,7,4,3849.618438907892,UPI
C03438,34601.94694143537,8,4,798.3323935845387,UPI
C03439,21654.071537576543,8,3,1785.8620810033528,UPI
C03440,5867.425327091081,2,8,2652.152232012459,UPI
C03441,13706.557411544278,4,1,2710.5052617097817,UPI
C03442,34664.66967596975,21,0,3903.726443260654,Card
C03443,171026.43046775795,13,0,10187.065899125106,UPI
C03444,34448.186355600315,10,0,3064.375542970979,UPI
C03445,48944.27762105486,15,1,2979.4358174917215,Card
C03446,13375.076705925034,3,7,957.9451755039952,UPI
C03447,34925.64948684742,15,0,3663.456858716664,UPI
C03448,23562.01187932588,6,3,1392.2584210498221,UPI
C03449,46716.596650717926,12,0,1001.2342951900557,Card
C03450,196556.86761903268,16,2,20600.70771853063,UPI
C03451,15556.257009013805,5,4,3592.07766770834,NetBanking
C03452,30469.053960616944,23,2,2501.1600537302515,UPI
C03453,68877.1787989298,10,2,2452.26285722765,Card
C03454,12966.66521349269,4,6,2281.0649363040866,NetBanking
C03455,18702.82192656304,3,2,993.2578191563975,Card
C03456,82801.27148241171,9,1,28296.557949647195,UPI
C03457,32092.204341797707,7,4,2961.9697065176333,NetBanking
C03458,84617.39635967,13,0,5713.788256656134,UPI
C03459,29947.342503333533,18,2,4425.84592163612,Card
C03460,17329.014755779783,3,3,3096.504990204412,UPI
C03461,26951.37668945328,5,1,2494.8851596271084,Card
C03462,69528.86927689452,12,2,2022.0316669218478,UPI
C03463,33642.37213188269,19,2,3462.6593972635906,UPI
C03464,16631.14661047233,2,9,1140.3105579862363,Card
C03465,16368.789393413585,3,5,595.4814089496637,Card
C03466,19261.17814773161,8,3,1943.1992525923267,NetBanking
C03467,76315.38613988418,24,0,1967.611066946718,UPI
C03468,35235.432261306836,4,2,1419.6408772757768,UPI
C03469,33979.92273617996,8,4,2388.555839809583,UPI
C03470,72706.75189329978,21,0,5560.622428644801,UPI
C03471,79537.81508906643,18,0,3890.5958733009097,NetBanking
C03472,18339.98350686321,1,7,2717.7966014749177,UPI
C03473,26876.102173113362,6,3,742.6359453330944,UPI
C03474,9703.621450311957,3,4,1261.7303808643533,Card
C03475,78100.69766129041,15,1,2514.9338946594976,UPI
C03476,68126.30302489747,24,2,1430.9565310823543,UPI
C03477,54776.872601895506,16,1,5228.320482633802,UPI
C03478,35195.45475373614,8,3,2606.8549730931054,UPI
C03479,42233.51770468024,8,2,5178.504879247628,UPI
C03480,29059.608624370867,10,4,2356.566986897349,Card
C03481,26674.324421356676,4,4,1041.0304314987081,Card
C03482,36962.671868605845,9,2,1540.714278075442,UPI
C03483,36358.831410706014,11,2,1142.0624977677724,NetBanking
C03484,39396.61315476123,7,3,2363.3290455539495,Card
C03485,44679.23738226818,11,0,4962.648788345877,Card
C03486,88296.54367651409,21,0,2998.9415804416585,Card
C03487,19820.2842141957,11,4,2010.0017405948317,Card
C03488,9674.61609523859,4,1,3488.720819291965,UPI
C03489,38596.310956027366,4,3,3083.9922528067573,Card
C03490,17314.81917143563,5,7,1542.364334150178,Card
C03491,5996.118122884459,3,5,1900.168383146092,NetBanking
C03492,20804.42446926391,8,3,3404.652932817588,UPI
C03493,26519.854689439213,10,2,5202.083988159492,UPI
C03494,20545.553725449092,5,1,3722.5736818744535,UPI
C03495,6113.596754643698,6,7,1879.6396017549548,UPI
C03496,38081.058995606545,11,1,3581.0810101122984,UPI
C03497,9472.861073993587,4,9,583.933577178246,Card
C03498,25878.731013169527,11,2,1652.0718099040935,UPI
C03499,55216.94626964243,21,2,4311.923605697606,UPI
C03500,213529.7193767725,14,2,29130.410211601782,Card
C03501,85608.85564000744,22,1,1595.445209477083,Card
C03502,73469.46407098143,24,1,1154.0224917626033,UPI
C03503,30932.97976405437,11,2,2812.9563995141943,UPI
C03504,86892.33766386438,11,0,3315.730333799842,UPI
C03505,51610.198516927536,16,1,4541.990354242398,Card
C03506,12309.11060055444,10,1,3235.5802989116482,UPI
C03507,57220.87249243917,18,0,4194.579272367036,UPI
C03508,48243.1946350451,12,1,1142.9373606394258,UPI
C03509,24507.81220468216,5,3,2413.0495457042325,UPI
C03510,69011.14517424119,10,1,5158.241859406972,UPI
C03511,9141.889903033152,8,1,1483.5229129538438,UPI
C03512,8290.494410625626,5,4,1726.2876464942044,UPI
C03513,38729.133208814004,5,3,2393.963291511949,UPI
C03514,192937.77520019253,16,3,23944.235912052387,Card
C03515,32744.354436350124,10,0,5165.706159232729,Card
C03516,86241.00744591567,24,1,2759.7018664334028,UPI
C03517,33055.298638702065,15,0,5463.944846574221,UPI
C03518,38171.625596569895,15,0,5182.727533949382,Card
C03519,16147.405933055627,6,7,519.2545789335852,Card
C03520,79884.94288792401,21,1,3461.9730399449186,UPI
C03521,10265.596714247604,8,3,3784.196494811372,Card
C03522,81146.26766864609,15,1,1609.513090610356,UPI
C03523,33280.66778545549,5,4,3342.7727199733363,Card
C03524,132323.59726436596,13,2,16588.649879279357,UPI
C03525,36353.56966789694,22,0,2375.8078130133044,UPI
C03526,36868.958872193616,3,4,1605.0739165431537,UPI
C03527,67610.3559219311,14,1,5834.842078064064,UPI
C03528,16243.701956071352,3,3,1015.533157803745,UPI
C03529,24413.198806870612,10,4,2125.243488444702,UPI
C03530,38792.3985631393,11,1,2330.0720296994514,NetBanking
C03531,36210.05676415126,7,3,2502.9090254361154,UPI
C03532,30399.138269841755,7,4,2248.448876879681,NetBanking
C03533,23862.953516623522,7,3,2298.497104981204,NetBanking
C03534,21961.863034900183,4,4,3662.1986453793374,NetBanking
C03535,17148.921741369748,10,1,3588.0938202923694,Card
C03536,15285.9585147167,9,4,3913.759834662877,Card
C03537,28177.911885331283,11,2,5281.558303702358,Card
C03538,52485.38326892385,17,0,2207.069224637946,UPI
C03539,59090.70790896789,23,0,1200.3499901639955,UPI
C03540,75922.43395793035,18,2,1960.230618262335,UPI
C03541,29387.226649291464,18,1,4510.632418219521,Card
C03542,9984.753769447429,2,9,2160.329762128301,Card
C03543,12444.624908573987,11,3,1695.2941750600207,UPI
C03544,7196.873990864636,1,3,2391.7330286890997,UPI
C03545,50640.20403999209,11,0,2011.2123436349063,UPI
C03546,37760.40449173177,7,1,3647.3001604532446,Card
C03547,3230.560326160441,3,5,2330.3423767775876,Card
C03548,79525.24639401666,17,2,1232.1057791173903,UPI
C03549,28613.031703099747,24,2,4541.2836999759575,Card
C03550,73278.49687523293,16,2,5713.559940473693,UPI
C03551,32054.55123836543,17,0,1782.1280032241102,NetBanking
C03552,18834.64309871647,4,9,2655.624979603999,NetBanking
C03553,33333.19528836014,17,0,1615.84233487187,Card
C03554,19556.2009358491,6,6,812.6829658954405,UPI
C03555,80185.67490766512,19,1,1602.8583523168718,UPI
C03556,82931.33140967123,22,0,5679.9051960784,Card
C03557,9239.018452211354,10,1,3616.826253570775,UPI
C03558,13753.841501333198,3,4,3036.11712059534,NetBanking
C03559,17522.163148026822,1,7,1707.662628240021,UPI
C03560,30088.425186877306,3,1,2572.260742580822,UPI
C03561,39926.83715735293,21,2,3152.2572093501717,Card
C03562,28808.838328390506,10,1,1851.6534962729284,Card
C03563,51515.46703785448,12,0,3183.611839461328,UPI
C03564,8878.736104388208,5,7,2964.1278739433355,UPI
C03565,229898.53923307886,21,0,29629.69210057653,UPI
C03566,16950.643032724452,2,4,519.2952889752173,Card
C03567,34444.94443475854,8,1,5960.655735945737,UPI
C03568,70434.84247834794,12,0,4151.27435401434,NetBanking
C03569,35895.68646986418,19,2,2156.8889111486806,Card
C03570,14642.720565260017,6,6,1739.2038783969401,UPI
C03571,77858.54514807828,22,2,4135.798533207007,UPI
C03572,10874.721474928965,10,3,1316.4570268198638,Card
C03573,71025.50243418038,16,1,4173.058730016809,UPI
C03574,32059.081456153606,11,4,1731.7531369300143,UPI
C03575,15900.653385713276,3,2,3881.8389099030355,Card
C03576,50952.88935166231,23,0,1591.4311898674491,UPI
C03577,38155.51380517217,4,4,2416.241234909534,UPI
C03578,22472.251818081037,5,4,3885.2923441596686,UPI
C03579,110772.92702950744,13,0,19328.532249234504,UPI
C03580,35299.560323959435,6,1,1141.4372926185913,UPI
C03581,72458.91117969967,16,2,26699.95767954888,UPI
C03582,13263.749938233652,11,3,2995.1205280862005,UPI
C03583,28769.506551275223,6,2,2877.7612009920967,UPI
C03584,156946.64707076765,10,3,19905.875177848015,UPI
C03585,144017.39293008976,8,3,22292.94979805455,Card
C03586,12219.147391724908,2,8,1234.3885929894345,Card
C03587,30103.81662030246,8,1,1650.0445641425854,Card
C03588,19484.25339215815,11,2,2687.102928492285,Card
C03589,39220.11486184367,17,2,5173.8468029841715,UPI
C03590,35360.93065255144,9,3,2142.6049766253864,UPI
C03591,30397.787020928532,8,2,1647.7188030864893,Card
C03592,38515.04318645531,5,4,2874.339062676179,UPI
C03593,32343.951417045817,8,3,3111.364514803438,Card
C03594,18185.173659780914,5,9,1689.9284002892937,UPI
C03595,42101.43492815318,21,0,3606.513888667149,UPI
C03596,69418.21481565443,21,2,3251.8072405732437,UPI
C03597,76086.36802255374,22,0,2887.8003099089374,UPI
C03598,13611.90873530867,2,5,1712.9520507261905,UPI
C03599,15280.985185294563,3,6,1803.6643008233912,Card
C03600,81008.17391106434,20,2,4778.146949144755,UPI
C03601,49107.196781368664,21,1,5439.989004709924,Card
C03602,61454.5937131811,10,0,5716.859329388574,UPI
C03603,68033.9234347369,15,1,4878.315121178872,Card
C03604,78719.28085538806,18,1,3214.446325624233,UPI
C03605,45531.07784413136,13,1,4677.920696988205,UPI
C03606,57892.74262502299,21,0,1954.5334782857472,UPI
C03607,69656.37329782988,23,1,1545.725625682995,Card
C03608,39028.35936247379,8,3,2670.339360550086,UPI
C03609,30185.527258283328,23,0,4098.997454790651,UPI
C03610,15553.525122071744,4,3,2550.533806102962,UPI
C03611,18120.152817182585,9,4,972.0344007002677,Card
C03612,74105.16336024122,22,2,4905.845818847047,Card
C03613,83208.67972636569,10,2,1970.611964757554,NetBanking
C03614,77856.41529653192,23,2,5753.034480309969,UPI
C03615,19297.092325557955,2,8,1189.7436300445288,Card
C03616,23555.433450174474,4,3,824.8313697723842,UPI
C03617,9581.802793153489,10,1,2377.2838061713983,UPI
C03618,27717.476063407077,11,1,2430.645638839702,Card
C03619,60954.333359095835,11,0,3750.387334779604,UPI
C03620,35278.19105989106,8,3,3434.588847055411,UPI
C03621,31600.485806498335,7,4,1246.9082752578088,UPI
C03622,73620.39811893366,19,2,5097.828343049873,UPI
C03623,63698.54865847358,8,0,1594.8270561197771,UPI
C03624,54725.21022059623,22,0,3232.523603666159,UPI
C03625,170397.2158908847,16,2,18015.889719289422,UPI
C03626,25625.021509915314,9,1,920.8158969177942,UPI
C03627,9786.19326098384,10,1,3183.6221450990492,UPI
C03628,89747.0737620316,11,1,5939.556134842959,Card
C03629,73178.09286705636,17,1,5678.588144392157,UPI
C03630,24622.507262318803,10,4,3562.3307798325927,UPI
C03631,17046.283393311835,1,7,2306.1638794872797,Card
C03632,20898.661565561306,3,2,1625.8857675897298,Card
C03633,10254.49039298623,6,3,1172.2001268669983,UPI
C03634,15864.519085990647,3,8,1251.4198048890385,Card
C03635,23195.455048018834,8,1,881.8415311229124,UPI
C03636,8959.20411778468,4,2,2768.9155064752276,NetBanking
C03637,10735.981643445772,8,4,1957.602025502112,UPI
C03638,29503.54544656458,8,2,2667.2114074593946,UPI
C03639,34694.412810673486,9,2,2239.597548648761,UPI
C03640,72334.65273414005,9,1,1485.686398362763,NetBanking
C03641,28893.173113424084,12,2,3360.067604164448,UPI
C03642,147718.64514719788,19,0,25184.71190391792,UPI
C03643,35153.29080867335,8,2,2274.878246702433,UPI
C03644,27066.105432588665,13,0,3298.3118992272907,NetBanking
C03645,80186.42626370912,17,2,2615.944926519379,UPI
C03646,6761.155928261092,6,8,1469.1552856150734,NetBanking
C03647,18983.46829489317,2,9,1573.531602253453,UPI
C03648,83571.15857906762,23,0,1081.6483016399084,UPI
C03649,27148.986688946497,11,1,2942.6468838380642,UPI
C03650,74681.88899246152,20,1,2582.545339305355,UPI
C03651,32509.07070913454,14,1,2571.151867034691,Card
C03652,71767.18764752123,24,1,1878.3337514836194,NetBanking
C03653,31199.408520554247,13,2,4061.443061820668,Card
C03654,87772.13854839533,13,0,26425.858172427073,Card
C03655,27754.2201088081,11,4,3364.2158984694197,NetBanking
C03656,76268.66084789319,12,2,3464.910605880031,Card
C03657,235331.14693934674,12,3,22861.496949781344,UPI
C03658,78922.2099056308,17,0,2302.3492618244436,NetBanking
C03659,59627.58557840904,14,2,2211.5190298642397,Card
C03660,20191.6349783041,7,3,1509.4310350066994,UPI
C03661,36012.337879460334,5,3,2122.3917462769805,UPI
C03662,34581.086764281026,10,3,3777.0905288805184,UPI
C03663,47642.11535285643,21,0,4912.786267501246,UPI
C03664,11806.87843276146,4,5,2493.0283295530526,UPI
C03665,12425.204013735933,1,8,2927.7092479574653,UPI
C03666,30475.043009197958,15,0,3852.875139271328,NetBanking
C03667,11167.808280692601,3,1,2399.8204531105303,UPI
C03668,86411.84885106237,12,0,4057.9628794053715,Card
C03669,13163.26609797073,3,5,1467.9489935896488,Card
C03670,84622.3690477936,14,2,2543.528355581393,UPI
C03671,10982.060246182493,8,4,2842.4593160667737,UPI
C03672,228859.84785664786,15,3,25984.059245597666,Card
C03673,30890.69659832548,8,4,2567.4984286899285,UPI
C03674,81691.74914906092,21,1,1893.0870899217748,Card
C03675,7923.70643266952,1,5,2897.0383247061704,UPI
C03676,74640.6507021437,21,0,1243.570878361813,Card
C03677,27923.17810745094,22,0,2904.0545390475563,UPI
C03678,14504.82937124325,5,1,2259.0045185590916,NetBanking
C03679,96707.77045215278,20,3,22123.33423139504,UPI
C03680,72065.23870502069,9,1,2915.6106253006183,UPI
C03681,37634.1288607227,3,2,876.2057552521699,UPI
C03682,12002.007915694236,4,2,3069.522371134657,UPI
C03683,8031.1960201890315,4,6,2127.3084561722453,UPI
C03684,60734.36062771724,23,1,1529.3718181721897,NetBanking
C03685,77466.45572188197,8,1,2202.956125453976,UPI
C03686,18054.757088343362,4,2,840.9703083416621,Card
C03687,15494.768878219762,2,4,1840.110569022874,UPI
C03688,29723.74804291011,7,1,2236.324853905225,Card
C03689,37272.043571826754,6,4,3623.523709993156,NetBanking
C03690,31855.202700317528,7,4,3624.347398389035,UPI
C03691,7179.550258016995,4,6,1654.344256457323,UPI
C03692,68611.53679555951,11,1,2136.1180892321577,UPI
C03693,42401.18323097138,20,2,4497.709752534902,UPI
C03694,10442.67346458443,9,4,2593.9521476595137,Card
C03695,84590.37128191763,20,2,2844.9330318880548,UPI
C03696,8265.86291473373,4,3,1897.214980001537,NetBanking
C03697,5047.277291678467,2,7,2516.51281095901,UPI
C03698,77737.54913438334,15,1,1571.93113518331,UPI
C03699,17872.824127496115,2,5,1335.4792047494527,UPI
C03700,28343.271838887817,23,0,2379.3705645881405,Card
C03701,11486.06529835015,3,5,2430.0265498217905,UPI
C03702,31540.576362807147,7,1,1086.540656559723,UPI
C03703,76360.9850781468,19,2,5966.21444355002,NetBanking
C03704,28772.80493777589,5,4,3097.447594589496,UPI
C03705,89806.9721627575,14,2,3379.9702891459324,Card
C03706,14223.66576307854,4,1,1989.3836518563107,UPI
C03707,22694.15169304617,10,4,2659.4133493368363,Card
C03708,17604.980862697594,11,1,3656.393324325578,Card
C03709,43314.89057085632,22,1,3662.5578137641805,UPI
C03710,30569.25085601978,8,4,2356.364436160804,UPI
C03711,32655.444231287038,3,2,3427.2854736126237,UPI
C03712,248826.63857107123,20,1,21018.188731387047,UPI
C03713,10288.925182453695,6,1,1578.6504813436427,UPI
C03714,76142.08562962493,19,0,4840.5551054710095,NetBanking
C03715,3032.9063735580676,1,3,1130.1255931649412,UPI
C03716,15423.358593046958,4,7,1419.0755185481428,UPI
C03717,38249.78612905602,11,1,1626.5413709593095,UPI
C03718,29483.13402132769,16,2,3708.287390585733,Card
C03719,26573.07889012402,10,4,2797.86243326558,Card
C03720,227241.85767600613,21,3,11011.060074127427,UPI
C03721,9886.75013883671,6,3,2359.3296618094673,UPI
C03722,12293.72347400125,4,3,3161.8660154980075,Card
C03723,78118.66707353672,15,1,1735.8791497999612,UPI
C03724,17546.167022102585,6,1,3330.567209496017,Card
C03725,14689.321837252057,11,1,3962.899239068112,UPI
C03726,86108.93885493444,18,2,3190.7661566482657,Card
C03727,15724.063874625153,4,4,2850.902794330053,UPI
C03728,13543.670644806822,3,6,1942.2795939539606,Card
C03729,8022.855160660971,10,1,3976.84945652872,UPI
C03730,23984.724596172862,8,2,1048.7253561895411,Card
C03731,52757.535810754314,10,0,1904.0518864664127,UPI
C03732,66836.25144380808,12,2,5103.418015882029,UPI
C03733,13229.091066893208,6,3,2384.250237422243,NetBanking
C03734,15591.644837162952,11,2,3412.982736958293,NetBanking
C03735,48967.26737810632,15,1,3754.156988638227,Card
C03736,18316.17298376144,5,9,2996.096841680772,Card
C03737,21903.567325441327,11,2,1844.565718239127,UPI
C03738,6424.042622132094,5,5,2846.2444257539155,UPI
C03739,39617.204758429754,8,1,3282.212795584284,Card
C03740,20510.35268066817,6,2,3204.0058361759275,Card
C03741,29128.308220232575,23,1,3565.937866795427,NetBanking
C03742,18802.00494531625,9,1,1299.0774231418798,UPI
C03743,82575.96899477647,9,0,4239.704284114583,UPI
C03744,35618.365641744036,4,3,3838.155704400688,UPI
C03745,203677.84639261095,12,0,11893.808018192629,UPI
C03746,74857.05711605577,9,0,5558.1353612101675,UPI
C03747,178772.14408866694,11,1,29240.13045166574,UPI
C03748,15721.287706441562,8,4,3676.909434380507,Card
C03749,18414.094627268023,3,2,2384.5879863964424,UPI
C03750,37790.98085465339,8,4,2621.3849245080346,UPI
C03751,31504.420867060147,4,3,1682.8252665360617,UPI
C03752,21657.554736811646,7,2,3796.620768538484,Card
C03753,29679.884108499216,7,3,1525.7055713599677,Card
C03754,84872.09395535244,24,2,2123.5851237799106,Card
C03755,82220.09412164608,9,1,3414.1183520982527,Card
C03756,35555.91696569239,23,0,3536.8213034905552,NetBanking
C03757,21956.59668057334,5,2,1447.6596507135116,UPI
C03758,41586.68195696562,10,1,4934.914001061989,Card
C03759,12517.86088291221,2,7,2099.7037878418487,UPI
C03760,8843.892126621988,1,9,1067.1999402662732,Card
C03761,72637.34953018188,18,0,5653.944274674291,UPI
C03762,28609.978710830976,10,4,3963.484927787266,Card
C03763,8173.874528836802,4,3,2586.136204610448,UPI
C03764,230264.83869214728,8,0,12199.883967691758,NetBanking
C03765,15381.01508407226,3,2,745.2885403964868,Card
C03766,29699.97058083431,6,1,3456.006651893838,Card
C03767,74642.86128693269,12,1,3537.9784091190418,Card
C03768,48945.93952941282,13,2,1330.2636586458234,Card
C03769,31132.588833285674,3,2,2688.1070253295575,Card
C03770,59914.877492535205,23,1,5034.701161644229,UPI
C03771,75764.68200837614,17,1,3598.9631813508345,UPI
C03772,27379.18588303409,6,1,3578.8728545523254,NetBanking
C03773,30925.50854806952,3,3,3246.3154664831804,Card
C03774,74796.89496879047,12,1,1853.5055897736133,UPI
C03775,58825.15968619253,14,1,4874.016436825631,UPI
C03776,3740.6841852696034,5,5,2416.3859434248907,UPI
C03777,19266.07698725463,8,3,3594.2983193635064,Card
C03778,39995.08348838118,8,4,715.4399274813496,UPI
C03779,39203.83927907884,6,3,3003.6809558762325,UPI
C03780,36571.36007258803,3,4,3032.566886273499,Card
C03781,36709.83880489743,14,0,4274.4232182357755,Card
C03782,33634.494760331974,6,4,2452.7976464670282,UPI
C03783,70205.57306414665,19,0,1912.213090268774,UPI
C03784,87097.44792371799,9,0,5045.550648071048,Card
C03785,51499.04136063492,24,0,4305.7315494821105,UPI
C03786,167093.34752292768,20,0,12342.860246949138,UPI
C03787,27652.65313736469,9,2,2981.1955649438737,UPI
C03788,41715.987901144574,13,1,1040.3400649029018,UPI
C03789,91598.18667936737,18,1,11553.102204683024,UPI
C03790,58508.38692367632,17,2,2634.832824727612,UPI
C03791,73042.6377402849,21,2,1145.7162847928162,Card
C03792,52181.136214778904,22,2,3724.5079061276247,UPI
C03793,25637.84583171458,10,2,2890.9850720443324,UPI
C03794,20889.772162815036,4,1,3134.8138279189243,UPI
C03795,35188.17890712067,13,1,2566.5796476283867,Card
C03796,69639.81844643381,10,2,4289.295372063047,UPI
C03797,39690.6103579325,8,4,3224.6395797493296,UPI
C03798,34014.46809683024,10,4,3983.226440253137,UPI
C03799,73131.08425358053,9,2,3275.640146331925,UPI
C03800,15874.605262047131,10,1,3221.8161281374128,Card
C03801,85638.56954666827,12,1,3859.6338066740764,UPI
C03802,7106.148686153425,6,7,942.5952454792741,NetBanking
C03803,74079.40428892689,20,2,3815.6680505345225,Card
C03804,86179.10087908855,12,3,22342.327977307617,UPI
C03805,87090.82830368838,11,1,3437.43819091967,Card
C03806,10017.293586960686,8,3,780.5898356430326,Card
C03807,38973.64860748852,11,3,3819.1698771771566,UPI
C03808,124155.00475096067,20,2,28852.941231257035,UPI
C03809,15695.444629012474,7,3,3368.8531683214082,UPI
C03810,49530.15446668661,22,2,4072.343080762746,Card
C03811,32300.5223932281,16,2,3573.5683369055673,UPI
C03812,29509.014259096715,11,1,1977.184287751674,Card
C03813,16707.549830449123,1,4,1786.1848584867298,Card
C03814,51203.8274769125,17,0,5085.528518564723,UPI
C03815,37289.86355876532,19,2,1133.4479052692539,Card
C03816,47096.742908615524,17,1,2518.5470579189014,UPI
C03817,8305.89114290827,2,4,2846.8930848094165,Card
C03818,30848.146690031757,6,2,3328.670671947113,UPI
C03819,13787.000439930616,4,5,2370.8699968944807,UPI
C03820,30652.629830845937,7,2,3177.3858801358333,UPI
C03821,88864.55861566504,17,1,2845.5146356217356,UPI
C03822,42127.213898174894,20,1,4036.5501461724575,Card
C03823,62001.41993377761,21,0,2471.6332555606587,UPI
C03824,38287.10227620946,11,4,3487.1500159477596,UPI
C03825,28252.2068903121,18,2,5301.2016301720205,UPI
C03826,70517.2324440575,18,2,2678.104487019533,UPI
C03827,10442.921570863964,2,7,1275.714395708274,Card
C03828,11751.55355743591,11,2,1075.50086240196,UPI
C03829,7349.527545026239,5,3,1122.445883166109,Card
C03830,16137.125654880441,6,1,2193.134852157593,UPI
C03831,6780.99927024647,4,8,2583.5299591994494,UPI
C03832,78982.75882701698,11,2,4913.607101113079,Card
C03833,15102.832738121575,5,2,2093.049165541255,UPI
C03834,72583.34551333607,11,1,2154.23806636977,UPI
C03835,83284.22012271042,10,0,4123.660010004769,UPI
C03836,13770.101439702823,10,1,1809.493860716825,Card
C03837,14347.199584074646,2,4,1099.7065736077259,Card
C03838,10176.117537009159,3,1,2788.1692679188786,UPI
C03839,23315.391911359664,3,1,1387.8928350523804,Card
C03840,26946.261879018522,10,2,1131.9153255600597,UPI
C03841,171953.16845831054,18,2,15439.30629125665,UPI
C03842,17751.228690032935,4,4,3085.468565404442,UPI
C03843,56878.920338838885,19,0,3987.5934931393053,UPI
C03844,14161.695004431514,8,1,2299.682319802679,Card
C03845,33862.734520785765,15,2,4876.723591026259,UPI
C03846,18945.04786853474,5,9,2219.121516225612,Card
C03847,34327.09270800726,7,4,3693.0645600579046,Card
C03848,32456.415596200208,8,4,1507.3001061103291,Card
C03849,23408.61779584884,5,2,2094.711749233629,NetBanking
C03850,63288.10786711893,14,0,5018.848321176603,UPI
C03851,31332.161195455417,23,1,3277.977427544354,UPI
C03852,33350.396202149976,14,2,5557.626721182051,Card
C03853,59135.02095255157,23,1,2088.251023355763,Card
C03854,207057.91975698152,15,3,27602.406469289203,UPI
C03855,22020.49482760348,7,2,2613.9190888547464,NetBanking
C03856,27865.38527764088,9,1,2687.2858223812214,UPI
C03857,50116.3799061984,21,1,4726.553818683017,Card
C03858,23367.565522364082,3,2,1264.7190400204704,UPI
C03859,84868.27657875133,17,1,3326.9904922448713,Card
C03860,37971.62409977996,5,3,3844.9594485665557,Card
C03861,14508.281652986017,10,3,3795.2937299281216,UPI
C03862,66217.91992134071,9,1,1155.1669007897965,Card
C03863,205282.89762910677,13,2,26462.613082462347,UPI
C03864,32680.63727651387,6,3,3642.8316112137513,Card
C03865,8450.607204402286,10,1,2767.812858380872,UPI
C03866,120189.81273850315,14,3,19986.14616195083,UPI
C03867,60766.352481902446,20,0,4201.273267193416,Card
C03868,81889.81315215823,24,0,2145.2859774979243,Card
C03869,24737.509799861375,7,1,3625.7242083692413,UPI
C03870,39098.48972512863,6,4,2349.8375571386628,UPI
C03871,69988.18911468732,18,2,3655.9569852839118,Card
C03872,31743.0103706952,8,4,2306.6956798988595,Card
C03873,80282.2644969842,17,1,2076.332958184068,Card
C03874,34604.685472284866,18,1,5760.25935838736,UPI
C03875,46790.06444699271,22,1,3492.1301658982666,Card
C03876,27031.635502269295,4,2,1629.9679925498126,UPI
C03877,7009.251809226063,4,5,1869.3847490873216,UPI
C03878,25678.38402653654,6,1,2096.6755736699497,NetBanking
C03879,32424.38659838507,5,2,2269.8193250397876,UPI
C03880,42454.574656515164,16,2,4048.941912473067,UPI
C03881,219088.53110748887,17,3,14083.387027973718,UPI
C03882,44797.18847743198,9,1,5826.803362114041,Card
C03883,29799.24378363017,22,1,4953.05048919559,UPI
C03884,50362.680712985544,20,2,4267.764065051995,Card
C03885,44748.30393138368,23,0,3165.5284920296053,UPI
C03886,18205.496369345157,1,9,2333.8853689944162,Card
C03887,24730.055028013252,5,3,1737.0202973584237,Card
C03888,29210.47337730398,4,2,2417.8108973716894,Card
C03889,84494.31362809049,16,0,1133.0438562247878,UPI
C03890,52411.60432572347,11,1,4878.343395873722,UPI
C03891,29924.2873720114,15,1,5029.989639964295,Card
C03892,39665.46389427746,6,4,2902.3063193046173,Card
C03893,205510.40632750472,14,0,29700.152079872332,UPI
C03894,87091.1322391771,11,0,4918.193980915062,Card
C03895,11749.175281864267,11,4,2768.768076048188,Card
C03896,33349.920517075705,5,2,3729.8493727403998,UPI
C03897,6053.728817243589,6,8,2058.0702299468053,UPI
C03898,54298.00401120361,10,2,5440.575884678021,UPI
C03899,33512.19408314652,6,4,3176.3149064528097,UPI
C03900,83002.79372796779,18,0,2084.7120181004743,UPI
C03901,4993.733240352201,2,7,1268.201602317521,UPI
C03902,32994.14038446646,9,3,1218.9470877788885,UPI
C03903,39177.584890602135,8,0,5975.1983655569675,UPI
C03904,9620.351649375287,9,2,2096.0313176821337,UPI
C03905,29242.55158485996,4,4,2645.3085212482683,UPI
C03906,31084.784374216742,3,1,3223.675226011283,Card
C03907,64978.570225354815,11,2,3894.078000606196,UPI
C03908,28535.289741357337,10,2,1720.9843270842919,UPI
C03909,18829.772905844904,10,2,2403.27809611237,UPI
C03910,19969.52662513949,10,1,909.0693479853722,Card
C03911,204499.77135872174,8,1,12646.584744769414,UPI
C03912,40308.88484420933,8,1,3952.302874266822,UPI
C03913,14325.272541427039,3,3,2090.5307416031083,UPI
C03914,33635.86589670565,8,3,3806.841043217084,UPI
C03915,25205.868869837243,8,4,1403.4076229797647,Card
C03916,77976.5360544416,20,0,2474.4227741721684,UPI
C03917,61058.1820741766,16,2,5488.754927543815,UPI
C03918,67667.48611513471,16,0,5586.544614681402,Card
C03919,19527.719814089625,9,1,954.6764024162583,Card
C03920,8405.30418190701,10,4,2342.710231008019,UPI
C03921,30596.0709844402,8,2,2534.7926986252096,Card
C03922,37096.10914102307,11,3,854.3474668608619,Card
C03923,78940.64391141832,24,0,3351.843869338289,Card
C03924,33033.837224938936,4,4,1198.974200633702,UPI
C03925,38564.968984866784,24,1,4966.544368605784,NetBanking
C03926,34195.809701911945,5,2,833.2467149529045,UPI
C03927,54339.14328067872,17,2,2308.3710353582364,NetBanking
C03928,75040.72445528726,23,0,2027.5611105583903,Card
C03929,59304.03528954285,16,1,3757.2682023512757,Card
C03930,18259.150875755848,3,4,2580.4866157286806,UPI
C03931,18571.21635145424,5,4,1817.6212817862577,UPI
C03932,34086.549992277054,9,3,3865.4702140839595,UPI
C03933,32671.209913789662,8,0,1462.213700238816,UPI
C03934,12000.722706957762,4,3,2483.838368750341,Card
C03935,245569.33674446263,8,2,12077.821777731788,UPI
C03936,61401.84178827166,20,2,4970.5412206012425,Card
C03937,49872.56962937016,15,2,4923.537727677682,Card
C03938,14245.350257312473,6,4,2775.636436518575,NetBanking
C03939,65412.701291203324,12,0,4205.047866586845,UPI
C03940,13751.290899609354,6,1,3418.0696079745867,UPI
C03941,82109.1173321066,24,1,5823.1414410818115,UPI
C03942,154943.53155618566,8,0,17402.67687092845,UPI
C03943,22066.87325245476,9,1,3233.6583619077487,NetBanking
C03944,27751.049997978986,16,2,3348.3390908148745,Card
C03945,34842.49056951385,13,0,2502.473875353796,Card
C03946,17309.407450416882,3,3,1267.0799017814143,Card
C03947,76425.27730366314,19,0,3313.234441803203,Card
C03948,29822.327953839784,6,3,3275.533044673752,NetBanking
C03949,22693.910412023193,7,2,869.7948922143737,UPI
C03950,89075.06347094673,19,0,1530.4383725145271,Card
C03951,66650.24312898924,13,2,1233.2459813123282,UPI
C03952,18743.625055936784,3,2,1724.7897036680044,UPI
C03953,29771.62409088634,8,2,3952.3946354732593,Card
C03954,64028.134640263976,23,0,3872.6322604103566,UPI
C03955,15833.955821728829,5,4,1731.2346580648336,UPI
C03956,80685.71869458506,14,1,19420.88388119647,Card
C03957,19652.673531479544,8,1,3910.142471133392,Card
C03958,25610.544821764885,8,1,1002.6740492013332,UPI
C03959,37795.64126027105,8,4,1949.5880825985887,Card
C03960,26491.6726753921,8,1,3680.8508740012385,NetBanking
C03961,9379.100261888176,5,1,960.909944854867,NetBanking
C03962,14896.50455125857,6,4,2725.983704419359,UPI
C03963,42084.8026003312,14,0,3252.522748433649,Card
C03964,63705.894173594286,23,1,3715.6460631181926,UPI
C03965,25114.995785559597,9,1,2905.0560525946826,UPI
C03966,76785.69544974626,24,2,1545.5222914690255,Card
C03967,12636.213918359545,7,3,1634.2053907468612,NetBanking
C03968,34837.54600681129,6,1,2059.8477034797284,UPI
C03969,87113.4900500589,23,1,4725.148222706599,Card
C03970,127581.10175369529,21,1,11854.279800686854,UPI
C03971,25083.33165165276,10,3,2644.2479742850064,Card
C03972,160956.52349898074,21,2,17995.948310725365,Card
C03973,75663.7372516637,19,1,1129.6486674381508,UPI
C03974,61610.98897470201,10,0,1922.135863818543,UPI
C03975,17228.339858036343,6,4,2159.0063044546177,UPI
C03976,15901.020660065857,8,1,3291.828447347284,UPI
C03977,34474.675557036986,11,4,3990.2911595038295,NetBanking
C03978,87492.47733749152,18,3,14450.755985743766,UPI
C03979,4489.43095511563,4,8,2617.8022946992587,NetBanking
C03980,30259.728342694067,6,1,1863.0058522815998,UPI
C03981,30754.62969604011,15,1,5497.245166343719,Card
C03982,7587.878193621389,6,8,1840.283312665538,Card
C03983,10702.569843811503,10,3,3012.349023409739,UPI
C03984,12228.509380289937,6,3,2780.2212501747713,UPI
C03985,23754.04229476856,11,3,3904.883659919103,UPI
C03986,24616.61826265011,9,3,2021.5321309640685,UPI
C03987,5044.519721664541,1,7,2279.8943613333163,UPI
C03988,8057.821754159527,3,4,2269.8720536163455,UPI
C03989,8476.08695574042,5,3,2185.281824593202,Card
C03990,39334.38057029823,8,2,3848.221168886739,Card
C03991,37989.20511702003,15,0,5704.588001672989,Card
C03992,49491.15152243144,20,2,5352.007766283014,NetBanking
C03993,4818.011454356277,6,8,629.5276167664924,UPI
C03994,12739.941233163445,8,2,2814.3681281907466,UPI
C03995,56765.90611446894,8,1,1815.7140092590294,UPI
C03996,22292.343608778458,5,1,1259.299834760452,Card
C03997,26755.319601030653,10,0,5492.400775252865,Card
C03998,25037.463261610355,10,1,1390.2159530408765,NetBanking
C03999,25876.517718511066,11,0,1990.4814093832426,UPI
C04000,243614.64541460757,12,2,17545.00445894462,UPI
