attempt_id,payment_id,action,attempt_number,timestamp,result,recovered_amount
A00000001,P000001,retry,1,2026-03-26 18:43:00,failed,0.0
A00000002,P000002,message,1,2026-04-26 23:30:00,success,1573.7
A00000003,P000003,retry,1,2026-05-28 17:38:00,failed,0.0
A00000004,P000004,message,1,2026-01-13 18:14:00,success,1802.42
A00000005,P000005,message,1,2026-04-30 21:25:00,failed,0.0
A00000006,P000006,stop,1,2026-01-03 21:13:00,success,5508.24
A00000007,P000007,payment_link,1,2026-02-12 23:02:00,failed,0.0
A00000008,P000008,payment_link,1,2026-05-08 03:11:00,failed,0.0
A00000009,P000009,stop,1,2026-03-10 05:32:00,success,1820.47
A00000010,P000010,stop,1,2026-01-23 19:02:00,failed,0.0
A00000011,P000011,escalate,1,2026-02-19 10:36:00,failed,0.0
A00000012,P000012,payment_link,1,2026-05-22 21:20:00,failed,0.0
A00000013,P000013,payment_link,1,2026-02-07 04:20:00,failed,0.0
A00000014,P000014,retry,1,2026-02-23 17:12:00,failed,0.0
A00000015,P000015,stop,1,2026-01-12 10:47:00,failed,0.0
A00000016,P000016,payment_link,1,2026-02-12 20:16:00,failed,0.0
A00000017,P000017,payment_link,1,2026-03-15 11:21:00,failed,0.0
A00000018,P000018,message,1,2026-03-01 02:00:00,success,2054.68
A00000019,P000019,stop,1,2026-01-16 16:27:00,failed,0.0
A00000020,P000020,stop,1,2026-01-17 01:40:00,failed,0.0
A00000021,P000021,retry,1,2026-06-24 17:37:00,failed,0.0
A00000022,P000022,payment_link,1,2026-03-01 12:31:00,failed,0.0
A00000023,P000023,stop,1,2026-02-20 14:46:00,failed,0.0
A00000024,P000024,payment_link,1,2026-01-16 08:11:00,failed,0.0
A00000025,P000025,payment_link,1,2026-02-08 11:28:00,success,7362.41
A00000026,P000026,message,1,2026-05-29 10:35:00,success,1665.18
A00000027,P000027,stop,1,2026-04-27 05:46:00,failed,0.0
A00000028,P000028,escalate,1,2026-04-05 09:26:00,failed,0.0
A00000029,P000029,retry,1,2026-05-22 13:02:00,failed,0.0
A00000030,P000030,retry,1,2026-05-16 20:38:00,success,1505.35
A00000031,P000031,escalate,1,2026-02-22 20:34:00,failed,0.0
A00000032,P000032,escalate,1,2026-04-02 23:53:00,success,2087.16
A00000033,P000033,retry,1,2026-05-28 16:49:00,success,1712.91
A00000034,P000034,escalate,1,2026-06-24 03:32:00,failed,0.0
A00000035,P000035,stop,1,2026-01-23 06:01:00,failed,0.0
A00000036,P000036,payment_link,1,2026-05-22 19:53:00,success,5451.36
A00000037,P000037,escalate,1,2026-02-07 01:32:00,success,9896.27
A00000038,P000038,stop,1,2026-04-11 18:03:00,failed,0.0
A00000039,P000039,message,1,2026-01-29 17:31:00,success,5760.62
A00000040,P000040,payment_link,1,2026-03-17 07:28:00,failed,0.0
A00000041,P000041,retry,1,2026-02-20 13:44:00,success,1953.29
A00000042,P000042,escalate,1,2026-02-01 10:08:00,success,1291.73
A00000043,P000043,escalate,1,2026-03-05 00:15:00,failed,0.0
A00000044,P000044,payment_link,1,2026-06-08 00:05:00,success,7073.15
A00000045,P000045,stop,1,2026-04-02 23:48:00,failed,0.0
A00000046,P000046,message,1,2026-01-28 17:21:00,failed,0.0
A00000047,P000047,escalate,1,2026-03-31 18:25:00,success,1020.77
A00000048,P000048,retry,1,2026-01-12 16:49:00,failed,0.0
A00000049,P000049,payment_link,1,2026-02-16 21:56:00,success,2441.75
A00000050,P000050,retry,1,2026-02-06 11:46:00,failed,0.0
A00000051,P000051,retry,1,2026-06-10 16:47:00,failed,0.0
A00000052,P000052,message,1,2026-05-03 23:50:00,failed,0.0
A00000053,P000053,payment_link,1,2026-01-20 22:45:00,failed,0.0
A00000054,P000054,escalate,1,2026-01-31 03:55:00,failed,0.0
A00000055,P000055,retry,1,2026-05-04 13:49:00,success,2760.85
A00000056,P000056,payment_link,1,2026-01-27 07:58:00,success,4449.49
A00000057,P000057,retry,1,2026-02-12 19:02:00,success,5300.75
A00000058,P000058,message,1,2026-04-14 17:56:00,success,14568.71
A00000059,P000059,payment_link,1,2026-01-03 13:09:00,failed,0.0
A00000060,P000060,escalate,1,2026-03-16 11:43:00,failed,0.0
A00000061,P000061,stop,1,2026-02-02 11:00:00,failed,0.0
A00000062,P000062,escalate,1,2026-06-22 00:12:00,success,4258.59
A00000063,P000063,payment_link,1,2026-04-02 11:31:00,failed,0.0
A00000064,P000064,escalate,1,2026-04-21 19:50:00,success,1267.03
A00000065,P000065,message,1,2026-03-02 14:10:00,success,4246.82
A00000066,P000066,stop,1,2026-04-27 23:15:00,failed,0.0
A00000067,P000067,retry,1,2026-06-04 11:52:00,failed,0.0
A00000068,P000068,escalate,1,2026-02-10 11:30:00,success,9454.73
A00000069,P000069,escalate,1,2026-01-29 07:33:00,failed,0.0
A00000070,P000070,retry,1,2026-01-21 14:39:00,failed,0.0
A00000071,P000071,retry,1,2026-05-15 23:15:00,failed,0.0
A00000072,P000072,escalate,1,2026-06-06 21:19:00,success,3930.83
A00000073,P000073,payment_link,1,2026-03-08 00:05:00,failed,0.0
A00000074,P000074,message,1,2026-02-09 19:33:00,success,1536.75
A00000075,P000075,retry,1,2026-06-16 21:03:00,failed,0.0
A00000076,P000076,stop,1,2026-04-02 07:15:00,failed,0.0
A00000077,P000077,retry,1,2026-02-12 15:38:00,failed,0.0
A00000078,P000078,retry,1,2026-04-08 13:58:00,success,4526.25
A00000079,P000079,payment_link,1,2026-02-01 13:47:00,failed,0.0
A00000080,P000080,retry,1,2026-03-16 17:18:00,failed,0.0
A00000081,P000081,stop,1,2026-06-15 17:02:00,failed,0.0
A00000082,P000082,retry,1,2026-05-27 10:10:00,success,3353.91
A00000083,P000083,escalate,1,2026-04-24 05:00:00,success,6049.96
A00000084,P000084,retry,1,2026-01-04 06:20:00,failed,0.0
A00000085,P000085,retry,1,2026-02-15 19:39:00,failed,0.0
A00000086,P000086,escalate,1,2026-03-12 12:50:00,failed,0.0
A00000087,P000087,retry,1,2026-06-11 03:14:00,failed,0.0
A00000088,P000088,message,1,2026-04-02 03:24:00,success,1184.5
A00000089,P000089,payment_link,1,2026-03-05 15:49:00,success,3998.5
A00000090,P000090,retry,1,2026-01-02 19:30:00,failed,0.0
A00000091,P000091,escalate,1,2026-01-25 06:39:00,failed,0.0
A00000092,P000092,retry,1,2026-01-25 08:13:00,failed,0.0
A00000093,P000093,escalate,1,2026-04-07 10:10:00,success,3972.56
A00000094,P000094,retry,1,2026-02-13 00:33:00,failed,0.0
A00000095,P000095,retry,1,2026-01-12 18:57:00,success,2336.74
A00000096,P000096,escalate,1,2026-02-16 08:30:00,success,6105.92
A00000097,P000097,escalate,1,2026-06-13 07:09:00,success,20229.75
A00000098,P000098,message,1,2026-05-10 06:33:00,success,3830.93
A00000099,P000099,stop,1,2026-03-01 10:16:00,failed,0.0
A00000100,P000100,payment_link,1,2026-02-20 01:47:00,success,7465.72
A00000101,P000101,stop,1,2026-03-09 07:10:00,failed,0.0
A00000102,P000102,escalate,1,2026-03-08 23:39:00,success,4460.76
A00000103,P000103,stop,1,2026-03-11 11:55:00,failed,0.0
A00000104,P000104,message,1,2026-01-31 08:37:00,success,3163.43
A00000105,P000105,payment_link,1,2026-04-21 21:37:00,failed,0.0
A00000106,P000106,stop,1,2026-06-18 20:57:00,failed,0.0
A00000107,P000107,message,1,2026-02-10 01:11:00,failed,0.0
A00000108,P000108,message,1,2026-02-10 13:28:00,success,3027.12
A00000109,P000109,payment_link,1,2026-03-31 07:19:00,failed,0.0
A00000110,P000110,retry,1,2026-01-30 17:52:00,success,4364.42
A00000111,P000111,payment_link,1,2026-05-18 19:55:00,failed,0.0
A00000112,P000112,message,1,2026-03-05 14:37:00,success,4590.68
A00000113,P000113,message,1,2026-03-24 02:28:00,failed,0.0
A00000114,P000114,message,1,2026-05-01 12:02:00,success,1689.66
A00000115,P000115,message,1,2026-03-13 23:33:00,failed,0.0
A00000116,P000116,payment_link,1,2026-03-26 21:09:00,success,631.66
A00000117,P000117,message,1,2026-04-15 18:03:00,failed,0.0
A00000118,P000118,payment_link,1,2026-03-11 14:20:00,success,2040.72
A00000119,P000119,stop,1,2026-02-25 22:47:00,failed,0.0
A00000120,P000120,payment_link,1,2026-02-13 06:13:00,failed,0.0
A00000121,P000121,retry,1,2026-06-23 06:33:00,failed,0.0
A00000122,P000122,retry,1,2026-04-14 15:51:00,failed,0.0
A00000123,P000123,escalate,1,2026-01-22 19:13:00,failed,0.0
A00000124,P000124,escalate,1,2026-06-04 01:54:00,success,2315.74
A00000125,P000125,retry,1,2026-01-05 12:32:00,success,3191.59
A00000126,P000126,payment_link,1,2026-01-30 23:09:00,failed,0.0
A00000127,P000127,message,1,2026-03-05 12:10:00,failed,0.0
A00000128,P000128,payment_link,1,2026-06-07 08:10:00,failed,0.0
A00000129,P000129,payment_link,1,2026-04-07 11:57:00,success,2307.6
A00000130,P000130,stop,1,2026-02-28 15:52:00,failed,0.0
A00000131,P000131,escalate,1,2026-06-16 09:54:00,failed,0.0
A00000132,P000132,stop,1,2026-03-21 10:52:00,failed,0.0
A00000133,P000133,payment_link,1,2026-04-02 14:28:00,success,2426.06
A00000134,P000134,stop,1,2026-04-11 20:32:00,failed,0.0
A00000135,P000135,retry,1,2026-05-27 05:46:00,success,7040.08
A00000136,P000136,retry,1,2026-03-05 18:13:00,failed,0.0
A00000137,P000137,payment_link,1,2026-02-27 00:22:00,failed,0.0
A00000138,P000138,escalate,1,2026-01-09 06:02:00,failed,0.0
A00000139,P000139,payment_link,1,2026-01-30 20:15:00,failed,0.0
A00000140,P000140,stop,1,2026-06-18 00:07:00,failed,0.0
A00000141,P000141,escalate,1,2026-05-13 21:19:00,success,4732.59
A00000142,P000142,payment_link,1,2026-02-02 07:59:00,success,23435.08
A00000143,P000143,escalate,1,2026-04-15 16:30:00,success,13866.83
A00000144,P000144,payment_link,1,2026-06-08 06:13:00,success,3661.78
A00000145,P000145,escalate,1,2026-06-10 22:22:00,failed,0.0
A00000146,P000146,retry,1,2026-01-13 21:43:00,failed,0.0
A00000147,P000147,message,1,2026-03-12 18:37:00,success,1711.53
A00000148,P000148,escalate,1,2026-04-26 13:44:00,success,4810.43
A00000149,P000149,payment_link,1,2026-03-20 16:46:00,success,5362.96
A00000150,P000150,retry,1,2026-02-20 23:16:00,failed,0.0
A00000151,P000151,escalate,1,2026-03-14 16:09:00,failed,0.0
A00000152,P000152,message,1,2026-04-17 16:52:00,failed,0.0
A00000153,P000153,stop,1,2026-05-08 11:48:00,failed,0.0
A00000154,P000154,message,1,2026-06-01 14:25:00,failed,0.0
A00000155,P000155,escalate,1,2026-05-22 14:23:00,failed,0.0
A00000156,P000156,stop,1,2026-06-14 17:20:00,failed,0.0
A00000157,P000157,escalate,1,2026-03-19 15:08:00,success,2569.93
A00000158,P000158,payment_link,1,2026-01-24 13:16:00,failed,0.0
A00000159,P000159,retry,1,2026-02-17 03:22:00,failed,0.0
A00000160,P000160,payment_link,1,2026-06-21 17:39:00,failed,0.0
A00000161,P000161,retry,1,2026-03-28 02:11:00,failed,0.0
A00000162,P000162,message,1,2026-02-11 20:25:00,failed,0.0
A00000163,P000163,stop,1,2026-01-19 23:22:00,failed,0.0
A00000164,P000164,retry,1,2026-04-29 23:31:00,failed,0.0
A00000165,P000165,retry,1,2026-04-23 22:13:00,success,2899.46
A00000166,P000166,retry,1,2026-03-04 09:28:00,failed,0.0
A00000167,P000167,stop,1,2026-04-01 11:14:00,failed,0.0
A00000168,P000168,message,1,2026-02-10 05:55:00,success,17421.43
A00000169,P000169,retry,1,2026-01-02 21:17:00,success,3678.72
A00000170,P000170,retry,1,2026-01-24 16:10:00,failed,0.0
A00000171,P000171,payment_link,1,2026-02-02 21:16:00,success,3723.16
A00000172,P000172,stop,1,2026-06-28 12:00:00,failed,0.0
A00000173,P000173,retry,1,2026-02-16 12:25:00,failed,0.0
A00000174,P000174,payment_link,1,2026-03-22 12:31:00,success,4682.12
A00000175,P000175,payment_link,1,2026-05-21 18:48:00,success,6048.52
A00000176,P000176,message,1,2026-01-06 04:08:00,failed,0.0
A00000177,P000177,escalate,1,2026-04-19 10:40:00,failed,0.0
A00000178,P000178,stop,1,2026-06-09 01:39:00,failed,0.0
A00000179,P000179,stop,1,2026-06-26 07:18:00,failed,0.0
A00000180,P000180,retry,1,2026-06-06 12:08:00,failed,0.0
A00000181,P000181,payment_link,1,2026-03-09 14:41:00,failed,0.0
A00000182,P000182,payment_link,1,2026-01-21 23:10:00,success,2644.61
A00000183,P000183,retry,1,2026-06-05 00:48:00,failed,0.0
A00000184,P000184,message,1,2026-06-11 16:51:00,failed,0.0
A00000185,P000185,payment_link,1,2026-01-27 08:20:00,success,6019.56
A00000186,P000186,escalate,1,2026-06-28 10:39:00,failed,0.0
A00000187,P000187,message,1,2026-03-19 15:05:00,failed,0.0
A00000188,P000188,stop,1,2026-05-01 23:45:00,failed,0.0
A00000189,P000189,retry,1,2026-02-22 05:24:00,failed,0.0
A00000190,P000190,escalate,1,2026-05-22 23:03:00,success,955.34
A00000191,P000191,retry,1,2026-04-05 23:48:00,failed,0.0
A00000192,P000192,stop,1,2026-02-03 21:01:00,failed,0.0
A00000193,P000193,payment_link,1,2026-01-20 05:25:00,success,8881.72
A00000194,P000194,message,1,2026-05-12 02:10:00,failed,0.0
A00000195,P000195,payment_link,1,2026-06-17 01:59:00,failed,0.0
A00000196,P000196,retry,1,2026-06-18 21:34:00,success,4321.76
A00000197,P000197,retry,1,2026-06-18 02:47:00,failed,0.0
A00000198,P000198,escalate,1,2026-05-14 22:08:00,success,2171.12
A00000199,P000199,stop,1,2026-06-03 16:03:00,failed,0.0
A00000200,P000200,stop,1,2026-01-01 13:16:00,failed,0.0
A00000201,P000201,stop,1,2026-03-08 08:44:00,failed,0.0
A00000202,P000202,retry,1,2026-01-22 17:18:00,failed,0.0
A00000203,P000203,escalate,1,2026-05-29 14:36:00,failed,0.0
A00000204,P000204,payment_link,1,2026-04-09 12:56:00,failed,0.0
A00000205,P000205,message,1,2026-05-16 23:29:00,success,487.42
A00000206,P000206,payment_link,1,2026-01-01 15:47:00,failed,0.0
A00000207,P000207,stop,1,2026-05-30 02:08:00,failed,0.0
A00000208,P000208,retry,1,2026-06-16 11:57:00,success,2559.82
A00000209,P000209,stop,1,2026-05-04 23:13:00,failed,0.0
A00000210,P000210,message,1,2026-04-09 03:58:00,failed,0.0
A00000211,P000211,escalate,1,2026-04-05 12:22:00,success,61827.45
A00000212,P000212,escalate,1,2026-03-04 05:21:00,failed,0.0
A00000213,P000213,stop,1,2026-04-26 14:57:00,success,4215.17
A00000214,P000214,stop,1,2026-03-04 07:36:00,failed,0.0
A00000215,P000215,payment_link,1,2026-01-22 06:04:00,failed,0.0
A00000216,P000216,message,1,2026-06-01 09:45:00,success,3622.04
A00000217,P000217,retry,1,2026-02-08 05:23:00,failed,0.0
A00000218,P000218,message,1,2026-03-14 17:00:00,success,3586.55
A00000219,P000219,stop,1,2026-01-21 19:51:00,failed,0.0
A00000220,P000220,retry,1,2026-02-20 09:41:00,failed,0.0
A00000221,P000221,escalate,1,2026-06-25 19:05:00,failed,0.0
A00000222,P000222,message,1,2026-01-27 22:59:00,failed,0.0
A00000223,P000223,escalate,1,2026-01-12 23:48:00,success,2307.83
A00000224,P000224,escalate,1,2026-06-20 12:21:00,failed,0.0
A00000225,P000225,payment_link,1,2026-03-04 02:27:00,failed,0.0
A00000226,P000226,stop,1,2026-05-24 11:43:00,failed,0.0
A00000227,P000227,payment_link,1,2026-03-24 10:43:00,success,19901.37
A00000228,P000228,message,1,2026-04-08 05:07:00,failed,0.0
A00000229,P000229,payment_link,1,2026-06-24 04:40:00,failed,0.0
A00000230,P000230,escalate,1,2026-03-13 06:26:00,failed,0.0
A00000231,P000231,stop,1,2026-06-14 16:39:00,failed,0.0
A00000232,P000232,escalate,1,2026-01-29 13:57:00,failed,0.0
A00000233,P000233,message,1,2026-05-06 17:06:00,failed,0.0
A00000234,P000234,payment_link,1,2026-04-09 21:32:00,failed,0.0
A00000235,P000235,stop,1,2026-03-25 21:18:00,failed,0.0
A00000236,P000236,message,1,2026-05-28 06:26:00,failed,0.0
A00000237,P000237,message,1,2026-05-06 14:36:00,failed,0.0
A00000238,P000238,escalate,1,2026-01-14 14:02:00,failed,0.0
A00000239,P000239,escalate,1,2026-02-25 05:21:00,success,4059.49
A00000240,P000240,message,1,2026-01-17 07:47:00,failed,0.0
A00000241,P000241,message,1,2026-03-10 05:43:00,success,18764.52
A00000242,P000242,message,1,2026-01-11 09:21:00,success,5017.61
A00000243,P000243,retry,1,2026-02-26 11:13:00,failed,0.0
A00000244,P000244,escalate,1,2026-04-20 08:01:00,failed,0.0
A00000245,P000245,retry,1,2026-01-13 01:03:00,failed,0.0
A00000246,P000246,message,1,2026-02-24 23:25:00,success,4262.23
A00000247,P000247,message,1,2026-03-17 05:24:00,success,39903.29
A00000248,P000248,payment_link,1,2026-05-05 00:45:00,success,5834.83
A00000249,P000249,escalate,1,2026-03-09 00:59:00,success,31004.34
A00000250,P000250,retry,1,2026-03-28 15:05:00,success,1458.6
A00000251,P000251,message,1,2026-02-14 08:38:00,success,4133.99
A00000252,P000252,escalate,1,2026-03-30 17:26:00,success,3580.26
A00000253,P000253,payment_link,1,2026-03-07 21:30:00,failed,0.0
A00000254,P000254,stop,1,2026-03-29 17:31:00,failed,0.0
A00000255,P000255,retry,1,2026-05-31 08:35:00,failed,0.0
A00000256,P000256,retry,1,2026-03-11 20:17:00,success,2673.15
A00000257,P000257,message,1,2026-03-09 17:01:00,success,2958.77
A00000258,P000258,escalate,1,2026-03-25 11:17:00,success,3344.62
A00000259,P000259,escalate,1,2026-01-10 12:25:00,success,22374.21
A00000260,P000260,message,1,2026-05-30 16:55:00,failed,0.0
A00000261,P000261,retry,1,2026-06-23 15:28:00,failed,0.0
A00000262,P000262,payment_link,1,2026-04-07 22:17:00,success,1368.68
A00000263,P000263,escalate,1,2026-03-16 05:08:00,failed,0.0
A00000264,P000264,stop,1,2026-01-13 15:38:00,failed,0.0
A00000265,P000265,message,1,2026-03-31 02:10:00,failed,0.0
A00000266,P000266,stop,1,2026-01-06 13:12:00,failed,0.0
A00000267,P000267,retry,1,2026-01-14 18:17:00,failed,0.0
A00000268,P000268,stop,1,2026-06-18 07:48:00,failed,0.0
A00000269,P000269,message,1,2026-03-15 09:59:00,success,2955.5
A00000270,P000270,escalate,1,2026-03-28 11:19:00,success,4034.42
A00000271,P000271,payment_link,1,2026-05-19 16:31:00,failed,0.0
A00000272,P000272,escalate,1,2026-01-13 13:57:00,failed,0.0
A00000273,P000273,message,1,2026-04-11 21:31:00,success,3012.62
A00000274,P000274,message,1,2026-06-01 20:46:00,success,987.4
A00000275,P000275,stop,1,2026-04-09 07:12:00,failed,0.0
A00000276,P000276,message,1,2026-03-22 08:58:00,success,11723.58
A00000277,P000277,retry,1,2026-06-11 16:41:00,success,2967.07
A00000278,P000278,stop,1,2026-06-28 01:09:00,failed,0.0
A00000279,P000279,stop,1,2026-01-06 12:33:00,failed,0.0
A00000280,P000280,escalate,1,2026-04-05 18:41:00,success,1790.41
A00000281,P000281,escalate,1,2026-04-14 21:43:00,success,10416.14
A00000282,P000282,escalate,1,2026-06-19 06:58:00,success,3419.35
A00000283,P000283,stop,1,2026-01-05 08:55:00,failed,0.0
A00000284,P000284,payment_link,1,2026-04-03 21:36:00,failed,0.0
A00000285,P000285,stop,1,2026-02-12 23:48:00,failed,0.0
A00000286,P000286,stop,1,2026-06-08 14:00:00,failed,0.0
A00000287,P000287,escalate,1,2026-02-04 11:26:00,success,21967.33
A00000288,P000288,message,1,2026-01-26 11:03:00,failed,0.0
A00000289,P000289,stop,1,2026-05-01 22:26:00,failed,0.0
A00000290,P000290,escalate,1,2026-06-26 14:31:00,failed,0.0
A00000291,P000291,retry,1,2026-01-02 19:26:00,success,879.17
A00000292,P000292,message,1,2026-05-09 22:19:00,failed,0.0
A00000293,P000293,escalate,1,2026-01-26 02:43:00,failed,0.0
A00000294,P000294,escalate,1,2026-04-03 14:54:00,failed,0.0
A00000295,P000295,retry,1,2026-01-28 09:28:00,failed,0.0
A00000296,P000296,retry,1,2026-01-14 19:06:00,success,2177.19
A00000297,P000297,retry,1,2026-01-15 17:40:00,success,3182.06
A00000298,P000298,message,1,2026-06-29 06:08:00,failed,0.0
A00000299,P000299,stop,1,2026-06-05 21:13:00,failed,0.0
A00000300,P000300,stop,1,2026-02-19 00:22:00,failed,0.0
A00000301,P000301,payment_link,1,2026-01-23 07:12:00,success,1317.39
A00000302,P000302,escalate,1,2026-01-23 16:07:00,failed,0.0
A00000303,P000303,retry,1,2026-01-14 11:02:00,failed,0.0
A00000304,P000304,stop,1,2026-05-07 07:59:00,failed,0.0
A00000305,P000305,message,1,2026-05-12 05:53:00,success,7922.27
A00000306,P000306,stop,1,2026-05-22 02:19:00,failed,0.0
A00000307,P000307,message,1,2026-04-15 03:44:00,failed,0.0
A00000308,P000308,retry,1,2026-04-22 11:50:00,failed,0.0
A00000309,P000309,message,1,2026-03-29 20:50:00,failed,0.0
A00000310,P000310,payment_link,1,2026-06-09 15:53:00,failed,0.0
A00000311,P000311,message,1,2026-06-01 11:15:00,failed,0.0
A00000312,P000312,payment_link,1,2026-05-27 13:23:00,success,6574.18
A00000313,P000313,message,1,2026-06-18 11:52:00,success,3351.38
A00000314,P000314,stop,1,2026-05-21 17:48:00,failed,0.0
A00000315,P000315,payment_link,1,2026-04-28 07:39:00,success,1880.48
A00000316,P000316,stop,1,2026-03-18 10:07:00,failed,0.0
A00000317,P000317,retry,1,2026-04-12 08:15:00,success,1624.75
A00000318,P000318,retry,1,2026-03-19 21:10:00,success,3332.4
A00000319,P000319,stop,1,2026-01-23 04:05:00,failed,0.0
A00000320,P000320,escalate,1,2026-02-17 13:05:00,failed,0.0
A00000321,P000321,retry,1,2026-06-20 02:35:00,success,3299.92
A00000322,P000322,escalate,1,2026-05-17 10:39:00,success,14993.04
A00000323,P000323,message,1,2026-04-24 07:42:00,success,10164.57
A00000324,P000324,stop,1,2026-02-16 13:03:00,failed,0.0
A00000325,P000325,message,1,2026-05-06 07:04:00,success,6715.39
A00000326,P000326,escalate,1,2026-05-30 08:07:00,failed,0.0
A00000327,P000327,payment_link,1,2026-03-20 12:36:00,success,1857.75
A00000328,P000328,escalate,1,2026-03-12 05:26:00,failed,0.0
A00000329,P000329,retry,1,2026-01-17 23:21:00,failed,0.0
A00000330,P000330,message,1,2026-01-24 20:40:00,success,5502.0
A00000331,P000331,retry,1,2026-02-23 21:41:00,failed,0.0
A00000332,P000332,payment_link,1,2026-03-17 18:09:00,success,1754.49
A00000333,P000333,escalate,1,2026-06-20 07:57:00,failed,0.0
A00000334,P000334,message,1,2026-05-05 08:05:00,success,1366.45
A00000335,P000335,payment_link,1,2026-04-03 02:57:00,failed,0.0
A00000336,P000336,retry,1,2026-01-09 14:14:00,failed,0.0
A00000337,P000337,payment_link,1,2026-01-11 17:04:00,success,2909.86
A00000338,P000338,escalate,1,2026-03-11 21:33:00,failed,0.0
A00000339,P000339,message,1,2026-03-19 05:33:00,failed,0.0
A00000340,P000340,message,1,2026-01-09 05:49:00,success,5699.39
A00000341,P000341,escalate,1,2026-06-22 06:13:00,failed,0.0
A00000342,P000342,payment_link,1,2026-03-09 03:06:00,success,5619.39
A00000343,P000343,stop,1,2026-03-13 10:40:00,failed,0.0
A00000344,P000344,retry,1,2026-05-24 13:50:00,success,1684.64
A00000345,P000345,escalate,1,2026-04-18 16:28:00,success,3527.53
A00000346,P000346,stop,1,2026-04-20 12:52:00,failed,0.0
A00000347,P000347,stop,1,2026-06-27 17:28:00,failed,0.0
A00000348,P000348,retry,1,2026-05-28 11:07:00,failed,0.0
A00000349,P000349,escalate,1,2026-01-06 12:38:00,failed,0.0
A00000350,P000350,payment_link,1,2026-06-15 21:53:00,failed,0.0
A00000351,P000351,retry,1,2026-06-22 04:15:00,success,5357.08
A00000352,P000352,payment_link,1,2026-02-02 08:15:00,failed,0.0
A00000353,P000353,payment_link,1,2026-03-21 07:40:00,success,1676.68
A00000354,P000354,escalate,1,2026-01-22 07:56:00,failed,0.0
A00000355,P000355,escalate,1,2026-05-24 16:52:00,failed,0.0
A00000356,P000356,payment_link,1,2026-01-28 14:46:00,success,1633.59
A00000357,P000357,retry,1,2026-03-19 15:59:00,success,6323.86
A00000358,P000358,stop,1,2026-01-04 23:11:00,failed,0.0
A00000359,P000359,payment_link,1,2026-02-19 18:24:00,success,394.44
A00000360,P000360,message,1,2026-05-04 10:24:00,success,3399.62
A00000361,P000361,payment_link,1,2026-02-10 02:24:00,failed,0.0
A00000362,P000362,escalate,1,2026-04-19 05:50:00,success,3534.26
A00000363,P000363,payment_link,1,2026-01-07 21:18:00,success,1924.82
A00000364,P000364,retry,1,2026-01-26 22:08:00,success,502.36
A00000365,P000365,retry,1,2026-02-21 17:30:00,success,3389.93
A00000366,P000366,stop,1,2026-03-02 12:11:00,failed,0.0
A00000367,P000367,message,1,2026-02-20 17:41:00,failed,0.0
A00000368,P000368,escalate,1,2026-02-25 12:00:00,success,1800.08
A00000369,P000369,stop,1,2026-01-19 00:52:00,failed,0.0
A00000370,P000370,stop,1,2026-06-24 07:51:00,failed,0.0
A00000371,P000371,message,1,2026-04-12 17:56:00,failed,0.0
A00000372,P000372,payment_link,1,2026-01-09 08:48:00,failed,0.0
A00000373,P000373,payment_link,1,2026-02-02 08:01:00,failed,0.0
A00000374,P000374,stop,1,2026-04-22 17:41:00,failed,0.0
A00000375,P000375,retry,1,2026-04-25 08:10:00,success,736.33
A00000376,P000376,payment_link,1,2026-02-18 09:44:00,failed,0.0
A00000377,P000377,retry,1,2026-04-25 12:31:00,failed,0.0
A00000378,P000378,payment_link,1,2026-05-16 15:40:00,success,1636.48
A00000379,P000379,stop,1,2026-05-01 17:48:00,failed,0.0
A00000380,P000380,stop,1,2026-05-22 20:24:00,success,1574.57
A00000381,P000381,message,1,2026-03-26 14:53:00,success,1974.06
A00000382,P000382,message,1,2026-03-23 14:51:00,failed,0.0
A00000383,P000383,message,1,2026-05-24 19:43:00,failed,0.0
A00000384,P000384,message,1,2026-03-17 19:25:00,success,2986.6
A00000385,P000385,escalate,1,2026-04-24 06:26:00,success,1892.14
A00000386,P000386,escalate,1,2026-03-29 08:32:00,failed,0.0
A00000387,P000387,payment_link,1,2026-05-13 04:47:00,success,5001.69
A00000388,P000388,message,1,2026-05-07 07:53:00,success,7401.45
A00000389,P000389,escalate,1,2026-02-17 17:30:00,failed,0.0
A00000390,P000390,escalate,1,2026-01-02 00:16:00,success,4443.3
A00000391,P000391,stop,1,2026-04-17 21:53:00,failed,0.0
A00000392,P000392,escalate,1,2026-05-30 19:15:00,success,528.57
A00000393,P000393,payment_link,1,2026-01-17 01:56:00,success,463.95
A00000394,P000394,message,1,2026-03-02 10:20:00,failed,0.0
A00000395,P000395,escalate,1,2026-04-14 20:51:00,success,956.08
A00000396,P000396,message,1,2026-04-04 05:34:00,success,4353.55
A00000397,P000397,payment_link,1,2026-05-22 11:16:00,success,6658.66
A00000398,P000398,retry,1,2026-03-18 22:02:00,success,3729.1
A00000399,P000399,retry,1,2026-01-24 23:47:00,failed,0.0
A00000400,P000400,stop,1,2026-02-14 14:02:00,failed,0.0
A00000401,P000401,escalate,1,2026-03-26 11:57:00,success,965.15
A00000402,P000402,retry,1,2026-05-09 01:47:00,failed,0.0
A00000403,P000403,message,1,2026-05-12 08:26:00,success,20641.65
A00000404,P000404,payment_link,1,2026-06-19 07:16:00,failed,0.0
A00000405,P000405,message,1,2026-03-15 09:02:00,success,18704.69
A00000406,P000406,message,1,2026-01-08 13:29:00,failed,0.0
A00000407,P000407,escalate,1,2026-06-06 13:28:00,success,2632.25
A00000408,P000408,payment_link,1,2026-06-23 21:13:00,success,1655.99
A00000409,P000409,stop,1,2026-02-18 01:06:00,failed,0.0
A00000410,P000410,escalate,1,2026-02-09 21:19:00,failed,0.0
A00000411,P000411,stop,1,2026-02-20 00:03:00,failed,0.0
A00000412,P000412,message,1,2026-02-06 02:34:00,success,735.14
A00000413,P000413,escalate,1,2026-03-17 01:17:00,failed,0.0
A00000414,P000414,escalate,1,2026-06-02 02:25:00,failed,0.0
A00000415,P000415,message,1,2026-01-21 15:15:00,success,20728.94
A00000416,P000416,message,1,2026-03-02 03:45:00,success,27630.54
A00000417,P000417,escalate,1,2026-05-04 06:33:00,failed,0.0
A00000418,P000418,payment_link,1,2026-06-03 00:18:00,success,1077.85
A00000419,P000419,payment_link,1,2026-06-08 19:10:00,failed,0.0
A00000420,P000420,stop,1,2026-05-25 23:47:00,failed,0.0
A00000421,P000421,payment_link,1,2026-01-10 12:22:00,success,2438.21
A00000422,P000422,retry,1,2026-05-21 11:52:00,failed,0.0
A00000423,P000423,message,1,2026-02-23 05:28:00,failed,0.0
A00000424,P000424,retry,1,2026-04-11 01:38:00,failed,0.0
A00000425,P000425,message,1,2026-05-17 08:12:00,failed,0.0
A00000426,P000426,retry,1,2026-03-08 15:41:00,success,1257.78
A00000427,P000427,stop,1,2026-04-11 02:33:00,failed,0.0
A00000428,P000428,message,1,2026-01-04 03:55:00,failed,0.0
A00000429,P000429,message,1,2026-03-15 15:58:00,success,1750.36
A00000430,P000430,retry,1,2026-04-13 19:43:00,success,2047.85
A00000431,P000431,message,1,2026-05-04 05:01:00,failed,0.0
A00000432,P000432,retry,1,2026-02-08 03:27:00,success,1641.95
A00000433,P000433,message,1,2026-01-18 05:58:00,success,1384.59
A00000434,P000434,escalate,1,2026-01-15 09:28:00,success,1298.72
A00000435,P000435,payment_link,1,2026-01-19 15:38:00,success,2972.7
A00000436,P000436,payment_link,1,2026-05-13 20:03:00,success,4372.92
A00000437,P000437,escalate,1,2026-06-07 14:07:00,failed,0.0
A00000438,P000438,message,1,2026-01-13 01:42:00,failed,0.0
A00000439,P000439,payment_link,1,2026-03-22 08:08:00,success,970.53
A00000440,P000440,payment_link,1,2026-05-13 22:19:00,success,1240.16
A00000441,P000441,message,1,2026-06-25 20:48:00,success,1585.03
A00000442,P000442,retry,1,2026-02-13 09:45:00,success,2230.75
A00000443,P000443,message,1,2026-01-30 14:50:00,success,2765.55
A00000444,P000444,retry,1,2026-02-27 22:06:00,failed,0.0
A00000445,P000445,escalate,1,2026-02-08 16:30:00,failed,0.0
A00000446,P000446,retry,1,2026-02-14 11:07:00,success,5504.36
A00000447,P000447,payment_link,1,2026-03-07 21:02:00,failed,0.0
A00000448,P000448,stop,1,2026-03-01 22:47:00,failed,0.0
A00000449,P000449,stop,1,2026-06-29 19:34:00,failed,0.0
A00000450,P000450,stop,1,2026-01-08 07:37:00,failed,0.0
A00000451,P000451,message,1,2026-01-11 20:44:00,failed,0.0
A00000452,P000452,retry,1,2026-01-12 20:42:00,failed,0.0
A00000453,P000453,stop,1,2026-02-09 12:52:00,failed,0.0
A00000454,P000454,stop,1,2026-06-04 03:59:00,success,5399.54
A00000455,P000455,payment_link,1,2026-06-11 13:26:00,success,2934.83
A00000456,P000456,message,1,2026-03-21 02:54:00,failed,0.0
A00000457,P000457,escalate,1,2026-02-27 00:28:00,failed,0.0
A00000458,P000458,message,1,2026-02-25 12:04:00,failed,0.0
A00000459,P000459,retry,1,2026-06-28 00:21:00,failed,0.0
A00000460,P000460,payment_link,1,2026-03-31 04:25:00,failed,0.0
A00000461,P000461,escalate,1,2026-02-19 02:48:00,failed,0.0
A00000462,P000462,payment_link,1,2026-01-16 14:46:00,failed,0.0
A00000463,P000463,payment_link,1,2026-06-02 06:48:00,success,999.06
A00000464,P000464,retry,1,2026-03-11 05:47:00,success,2083.9
A00000465,P000465,stop,1,2026-06-11 14:04:00,failed,0.0
A00000466,P000466,escalate,1,2026-04-21 11:03:00,success,2048.01
A00000467,P000467,stop,1,2026-01-23 07:47:00,failed,0.0
A00000468,P000468,payment_link,1,2026-04-22 11:07:00,success,3910.92
A00000469,P000469,message,1,2026-05-16 15:24:00,success,1892.51
A00000470,P000470,retry,1,2026-02-12 08:10:00,failed,0.0
A00000471,P000471,stop,1,2026-04-19 01:46:00,success,4054.08
A00000472,P000472,stop,1,2026-03-28 01:28:00,failed,0.0
A00000473,P000473,escalate,1,2026-03-03 16:47:00,success,4065.14
A00000474,P000474,message,1,2026-06-16 01:01:00,success,1662.4
A00000475,P000475,escalate,1,2026-04-06 13:25:00,failed,0.0
A00000476,P000476,message,1,2026-03-18 18:53:00,failed,0.0
A00000477,P000477,stop,1,2026-04-01 05:20:00,failed,0.0
A00000478,P000478,payment_link,1,2026-06-19 07:51:00,failed,0.0
A00000479,P000479,payment_link,1,2026-06-26 08:34:00,failed,0.0
A00000480,P000480,message,1,2026-03-20 19:32:00,failed,0.0
A00000481,P000481,escalate,1,2026-05-11 12:59:00,failed,0.0
A00000482,P000482,escalate,1,2026-01-17 20:42:00,failed,0.0
A00000483,P000483,stop,1,2026-01-17 23:03:00,failed,0.0
A00000484,P000484,retry,1,2026-01-01 06:48:00,success,3947.79
A00000485,P000485,payment_link,1,2026-06-14 03:25:00,success,1960.92
A00000486,P000486,message,1,2026-06-02 12:29:00,failed,0.0
A00000487,P000487,payment_link,1,2026-02-26 03:59:00,success,2663.17
A00000488,P000488,escalate,1,2026-03-17 04:07:00,failed,0.0
A00000489,P000489,escalate,1,2026-04-13 17:03:00,failed,0.0
A00000490,P000490,retry,1,2026-05-26 20:37:00,failed,0.0
A00000491,P000491,stop,1,2026-01-20 15:08:00,failed,0.0
A00000492,P000492,stop,1,2026-06-05 12:29:00,failed,0.0
A00000493,P000493,stop,1,2026-05-09 13:11:00,failed,0.0
A00000494,P000494,retry,1,2026-03-19 17:41:00,success,5196.53
A00000495,P000495,stop,1,2026-06-04 03:29:00,failed,0.0
A00000496,P000496,escalate,1,2026-05-25 09:25:00,success,1468.44
A00000497,P000497,retry,1,2026-04-09 04:31:00,success,1468.1
A00000498,P000498,escalate,1,2026-04-11 07:04:00,failed,0.0
A00000499,P000499,payment_link,1,2026-03-13 09:26:00,success,4731.89
A00000500,P000500,escalate,1,2026-02-08 17:27:00,failed,0.0
A00000501,P000501,stop,1,2026-05-21 12:32:00,failed,0.0
A00000502,P000502,stop,1,2026-05-11 00:47:00,failed,0.0
A00000503,P000503,stop,1,2026-05-16 16:38:00,failed,0.0
A00000504,P000504,stop,1,2026-06-05 12:39:00,failed,0.0
A00000505,P000505,retry,1,2026-01-19 12:05:00,failed,0.0
A00000506,P000506,escalate,1,2026-04-01 00:01:00,failed,0.0
A00000507,P000507,message,1,2026-06-06 08:42:00,failed,0.0
A00000508,P000508,escalate,1,2026-04-01 11:03:00,failed,0.0
A00000509,P000509,retry,1,2026-04-09 07:45:00,success,4977.3
A00000510,P000510,retry,1,2026-01-22 04:21:00,success,880.24
A00000511,P000511,payment_link,1,2026-01-19 15:36:00,success,6131.94
A00000512,P000512,retry,1,2026-03-26 15:58:00,failed,0.0
A00000513,P000513,stop,1,2026-06-13 15:00:00,failed,0.0
A00000514,P000514,stop,1,2026-01-04 17:36:00,failed,0.0
A00000515,P000515,message,1,2026-05-20 02:58:00,success,6821.16
A00000516,P000516,message,1,2026-05-07 22:20:00,success,1611.79
A00000517,P000517,message,1,2026-01-28 14:10:00,failed,0.0
A00000518,P000518,stop,1,2026-04-12 07:47:00,failed,0.0
A00000519,P000519,message,1,2026-02-13 20:24:00,failed,0.0
A00000520,P000520,retry,1,2026-06-29 01:31:00,failed,0.0
A00000521,P000521,payment_link,1,2026-04-20 02:02:00,failed,0.0
A00000522,P000522,message,1,2026-03-23 05:07:00,success,5304.23
A00000523,P000523,stop,1,2026-03-08 05:29:00,failed,0.0
A00000524,P000524,stop,1,2026-06-15 15:00:00,failed,0.0
A00000525,P000525,stop,1,2026-02-02 04:33:00,failed,0.0
A00000526,P000526,escalate,1,2026-06-08 11:35:00,failed,0.0
A00000527,P000527,retry,1,2026-05-18 23:58:00,success,2046.78
A00000528,P000528,retry,1,2026-05-12 23:56:00,success,9019.84
A00000529,P000529,escalate,1,2026-05-25 23:12:00,failed,0.0
A00000530,P000530,retry,1,2026-06-16 00:59:00,success,3251.31
A00000531,P000531,message,1,2026-02-22 19:02:00,success,986.2
A00000532,P000532,escalate,1,2026-03-08 10:17:00,failed,0.0
A00000533,P000533,message,1,2026-02-09 06:43:00,success,7203.38
A00000534,P000534,stop,1,2026-01-30 08:43:00,failed,0.0
A00000535,P000535,escalate,1,2026-04-10 11:59:00,failed,0.0
A00000536,P000536,retry,1,2026-04-26 20:21:00,failed,0.0
A00000537,P000537,escalate,1,2026-03-17 02:06:00,success,936.14
A00000538,P000538,escalate,1,2026-03-19 19:55:00,success,1678.23
A00000539,P000539,message,1,2026-01-16 04:26:00,failed,0.0
A00000540,P000540,payment_link,1,2026-05-05 07:31:00,success,2129.3
A00000541,P000541,payment_link,1,2026-06-06 06:46:00,success,2683.41
A00000542,P000542,payment_link,1,2026-03-31 14:17:00,success,4167.33
A00000543,P000543,retry,1,2026-05-04 01:41:00,failed,0.0
A00000544,P000544,payment_link,1,2026-05-18 17:52:00,failed,0.0
A00000545,P000545,escalate,1,2026-03-04 17:12:00,failed,0.0
A00000546,P000546,stop,1,2026-02-17 17:09:00,failed,0.0
A00000547,P000547,stop,1,2026-06-17 02:52:00,failed,0.0
A00000548,P000548,escalate,1,2026-05-20 00:45:00,failed,0.0
A00000549,P000549,payment_link,1,2026-06-11 02:16:00,failed,0.0
A00000550,P000550,payment_link,1,2026-02-25 05:29:00,success,2093.5
A00000551,P000551,message,1,2026-05-16 05:08:00,failed,0.0
A00000552,P000552,message,1,2026-02-01 19:47:00,failed,0.0
A00000553,P000553,retry,1,2026-03-03 21:16:00,failed,0.0
A00000554,P000554,message,1,2026-01-10 16:35:00,failed,0.0
A00000555,P000555,retry,1,2026-05-18 10:55:00,failed,0.0
A00000556,P000556,escalate,1,2026-05-18 18:11:00,success,4544.29
A00000557,P000557,message,1,2026-06-24 06:25:00,failed,0.0
A00000558,P000558,retry,1,2026-04-05 17:07:00,failed,0.0
A00000559,P000559,escalate,1,2026-04-27 23:04:00,failed,0.0
A00000560,P000560,retry,1,2026-03-03 04:46:00,failed,0.0
A00000561,P000561,message,1,2026-06-14 13:55:00,success,7708.24
A00000562,P000562,retry,1,2026-06-02 16:05:00,success,17849.66
A00000563,P000563,escalate,1,2026-03-30 06:55:00,success,2293.66
A00000564,P000564,payment_link,1,2026-05-16 05:25:00,success,3224.44
A00000565,P000565,escalate,1,2026-04-18 09:50:00,success,3029.81
A00000566,P000566,escalate,1,2026-04-08 07:10:00,failed,0.0
A00000567,P000567,message,1,2026-03-29 06:57:00,success,2495.98
A00000568,P000568,retry,1,2026-06-09 19:13:00,success,5748.59
A00000569,P000569,retry,1,2026-05-14 22:31:00,success,1281.58
A00000570,P000570,payment_link,1,2026-04-23 15:21:00,failed,0.0
A00000571,P000571,stop,1,2026-04-27 16:20:00,failed,0.0
A00000572,P000572,payment_link,1,2026-02-19 08:36:00,success,2386.06
A00000573,P000573,payment_link,1,2026-01-21 05:52:00,success,1841.02
A00000574,P000574,message,1,2026-02-11 02:02:00,success,6347.08
A00000575,P000575,payment_link,1,2026-06-09 00:12:00,failed,0.0
A00000576,P000576,escalate,1,2026-05-30 02:17:00,failed,0.0
A00000577,P000577,payment_link,1,2026-05-19 23:16:00,success,2402.95
A00000578,P000578,payment_link,1,2026-05-22 04:38:00,failed,0.0
A00000579,P000579,message,1,2026-03-05 19:00:00,success,1819.8
A00000580,P000580,retry,1,2026-01-18 09:49:00,failed,0.0
A00000581,P000581,retry,1,2026-02-19 20:57:00,success,3282.71
A00000582,P000582,payment_link,1,2026-06-09 02:35:00,failed,0.0
A00000583,P000583,retry,1,2026-03-24 06:08:00,success,1610.87
A00000584,P000584,stop,1,2026-04-30 22:21:00,failed,0.0
A00000585,P000585,stop,1,2026-01-02 08:33:00,failed,0.0
A00000586,P000586,retry,1,2026-02-26 00:55:00,success,688.89
A00000587,P000587,stop,1,2026-02-08 03:28:00,failed,0.0
A00000588,P000588,message,1,2026-06-24 02:45:00,success,3362.39
A00000589,P000589,stop,1,2026-01-25 14:17:00,failed,0.0
A00000590,P000590,message,1,2026-02-26 19:51:00,success,1654.46
A00000591,P000591,stop,1,2026-06-08 03:36:00,failed,0.0
A00000592,P000592,escalate,1,2026-02-12 07:38:00,failed,0.0
A00000593,P000593,message,1,2026-06-15 10:42:00,failed,0.0
A00000594,P000594,stop,1,2026-06-08 23:55:00,failed,0.0
A00000595,P000595,stop,1,2026-06-09 16:11:00,success,851.34
A00000596,P000596,payment_link,1,2026-06-04 18:30:00,success,5670.88
A00000597,P000597,escalate,1,2026-02-10 03:23:00,failed,0.0
A00000598,P000598,stop,1,2026-03-19 09:43:00,failed,0.0
A00000599,P000599,payment_link,1,2026-04-06 13:44:00,failed,0.0
A00000600,P000600,stop,1,2026-04-15 18:52:00,success,4737.84
A00000601,P000601,payment_link,1,2026-05-10 16:38:00,success,5025.31
A00000602,P000602,escalate,1,2026-04-09 04:23:00,failed,0.0
A00000603,P000603,retry,1,2026-05-13 18:39:00,success,872.24
A00000604,P000604,retry,1,2026-06-19 00:36:00,failed,0.0
A00000605,P000605,message,1,2026-01-08 13:19:00,success,5206.55
A00000606,P000606,stop,1,2026-01-27 01:11:00,failed,0.0
A00000607,P000607,retry,1,2026-05-08 23:25:00,failed,0.0
A00000608,P000608,retry,1,2026-01-15 13:38:00,failed,0.0
A00000609,P000609,stop,1,2026-03-11 00:01:00,failed,0.0
A00000610,P000610,message,1,2026-05-14 19:22:00,success,1227.0
A00000611,P000611,escalate,1,2026-03-25 02:50:00,success,4107.57
A00000612,P000612,retry,1,2026-04-28 00:55:00,success,3568.08
A00000613,P000613,payment_link,1,2026-01-06 16:25:00,success,1474.29
A00000614,P000614,escalate,1,2026-04-17 05:23:00,failed,0.0
A00000615,P000615,payment_link,1,2026-06-02 13:55:00,failed,0.0
A00000616,P000616,payment_link,1,2026-03-29 14:19:00,success,18013.96
A00000617,P000617,stop,1,2026-05-31 05:11:00,failed,0.0
A00000618,P000618,stop,1,2026-03-12 18:37:00,failed,0.0
A00000619,P000619,message,1,2026-06-19 21:13:00,success,1936.49
A00000620,P000620,retry,1,2026-01-17 19:57:00,success,36029.03
A00000621,P000621,stop,1,2026-05-25 06:37:00,failed,0.0
A00000622,P000622,escalate,1,2026-04-16 19:19:00,failed,0.0
A00000623,P000623,payment_link,1,2026-05-27 13:51:00,success,837.43
A00000624,P000624,payment_link,1,2026-06-05 13:04:00,failed,0.0
A00000625,P000625,message,1,2026-04-05 11:25:00,failed,0.0
A00000626,P000626,stop,1,2026-04-05 03:14:00,success,3995.98
A00000627,P000627,message,1,2026-05-21 21:41:00,failed,0.0
A00000628,P000628,stop,1,2026-05-10 04:59:00,failed,0.0
A00000629,P000629,payment_link,1,2026-03-24 03:57:00,failed,0.0
A00000630,P000630,stop,1,2026-03-23 14:55:00,failed,0.0
A00000631,P000631,payment_link,1,2026-05-11 02:53:00,success,2236.28
A00000632,P000632,stop,1,2026-04-24 04:57:00,failed,0.0
A00000633,P000633,escalate,1,2026-04-17 06:07:00,failed,0.0
A00000634,P000634,escalate,1,2026-01-30 01:41:00,success,9898.64
A00000635,P000635,escalate,1,2026-05-30 08:36:00,failed,0.0
A00000636,P000636,stop,1,2026-05-20 04:47:00,failed,0.0
A00000637,P000637,message,1,2026-02-01 08:10:00,success,39472.11
A00000638,P000638,escalate,1,2026-05-15 19:07:00,success,1875.83
A00000639,P000639,retry,1,2026-04-29 11:01:00,failed,0.0
A00000640,P000640,message,1,2026-06-22 16:34:00,failed,0.0
A00000641,P000641,stop,1,2026-06-06 19:24:00,failed,0.0
A00000642,P000642,message,1,2026-04-23 14:37:00,failed,0.0
A00000643,P000643,escalate,1,2026-06-23 05:49:00,failed,0.0
A00000644,P000644,stop,1,2026-05-19 00:03:00,failed,0.0
A00000645,P000645,message,1,2026-05-05 19:53:00,success,765.21
A00000646,P000646,retry,1,2026-03-26 02:06:00,failed,0.0
A00000647,P000647,stop,1,2026-03-16 17:16:00,failed,0.0
A00000648,P000648,payment_link,1,2026-01-26 00:19:00,failed,0.0
A00000649,P000649,payment_link,1,2026-05-22 11:39:00,success,3893.54
A00000650,P000650,retry,1,2026-05-20 22:30:00,success,3539.68
A00000651,P000651,stop,1,2026-02-08 22:31:00,success,4933.66
A00000652,P000652,escalate,1,2026-01-29 07:18:00,failed,0.0
A00000653,P000653,retry,1,2026-04-23 15:04:00,success,3699.6
A00000654,P000654,stop,1,2026-04-04 03:13:00,failed,0.0
A00000655,P000655,payment_link,1,2026-03-31 22:15:00,failed,0.0
A00000656,P000656,escalate,1,2026-03-02 13:23:00,failed,0.0
A00000657,P000657,retry,1,2026-04-05 01:56:00,failed,0.0
A00000658,P000658,message,1,2026-01-05 05:27:00,success,3069.36
A00000659,P000659,stop,1,2026-06-09 02:21:00,failed,0.0
A00000660,P000660,escalate,1,2026-03-20 06:01:00,failed,0.0
A00000661,P000661,payment_link,1,2026-03-29 14:36:00,failed,0.0
A00000662,P000662,message,1,2026-03-08 19:43:00,success,1015.87
A00000663,P000663,retry,1,2026-04-27 08:40:00,failed,0.0
A00000664,P000664,escalate,1,2026-02-13 22:03:00,success,10434.66
A00000665,P000665,payment_link,1,2026-02-14 08:29:00,success,5598.68
A00000666,P000666,retry,1,2026-05-29 06:48:00,failed,0.0
A00000667,P000667,message,1,2026-04-17 00:28:00,failed,0.0
A00000668,P000668,stop,1,2026-01-26 08:32:00,failed,0.0
A00000669,P000669,escalate,1,2026-03-08 13:10:00,failed,0.0
A00000670,P000670,escalate,1,2026-01-07 05:43:00,success,5207.65
A00000671,P000671,message,1,2026-04-26 15:28:00,failed,0.0
A00000672,P000672,payment_link,1,2026-06-04 20:17:00,failed,0.0
A00000673,P000673,message,1,2026-06-08 08:54:00,success,1295.67
A00000674,P000674,stop,1,2026-02-05 21:21:00,success,6640.44
A00000675,P000675,retry,1,2026-03-03 17:25:00,success,27364.53
A00000676,P000676,payment_link,1,2026-03-25 07:30:00,failed,0.0
A00000677,P000677,payment_link,1,2026-06-05 23:26:00,success,2379.85
A00000678,P000678,stop,1,2026-06-21 14:53:00,failed,0.0
A00000679,P000679,escalate,1,2026-03-21 16:23:00,success,1686.75
A00000680,P000680,retry,1,2026-04-24 18:29:00,failed,0.0
A00000681,P000681,payment_link,1,2026-03-22 12:54:00,success,1793.14
A00000682,P000682,message,1,2026-05-10 00:54:00,success,1304.92
A00000683,P000683,escalate,1,2026-01-17 17:44:00,success,1529.2
A00000684,P000684,message,1,2026-02-19 20:03:00,success,2502.54
A00000685,P000685,stop,1,2026-03-11 09:51:00,failed,0.0
A00000686,P000686,stop,1,2026-05-03 07:05:00,success,1968.06
A00000687,P000687,payment_link,1,2026-04-14 20:44:00,failed,0.0
A00000688,P000688,stop,1,2026-03-29 02:07:00,failed,0.0
A00000689,P000689,message,1,2026-05-20 06:30:00,failed,0.0
A00000690,P000690,payment_link,1,2026-03-28 10:19:00,failed,0.0
A00000691,P000691,escalate,1,2026-04-27 16:56:00,success,1300.75
A00000692,P000692,message,1,2026-01-19 17:21:00,success,482.41
A00000693,P000693,message,1,2026-03-24 01:37:00,success,6044.2
A00000694,P000694,escalate,1,2026-06-15 16:33:00,failed,0.0
A00000695,P000695,retry,1,2026-01-13 13:04:00,failed,0.0
A00000696,P000696,message,1,2026-03-14 07:01:00,failed,0.0
A00000697,P000697,escalate,1,2026-06-18 02:48:00,success,3876.85
A00000698,P000698,escalate,1,2026-06-15 21:38:00,failed,0.0
A00000699,P000699,message,1,2026-06-20 12:35:00,failed,0.0
A00000700,P000700,stop,1,2026-02-16 14:53:00,failed,0.0
A00000701,P000701,stop,1,2026-06-05 14:52:00,failed,0.0
A00000702,P000702,stop,1,2026-03-18 14:49:00,failed,0.0
A00000703,P000703,retry,1,2026-05-28 16:18:00,failed,0.0
A00000704,P000704,payment_link,1,2026-04-17 15:44:00,success,2725.07
A00000705,P000705,payment_link,1,2026-05-13 09:11:00,success,4599.57
A00000706,P000706,payment_link,1,2026-05-25 03:52:00,failed,0.0
A00000707,P000707,payment_link,1,2026-05-03 13:13:00,failed,0.0
A00000708,P000708,escalate,1,2026-04-05 18:02:00,failed,0.0
A00000709,P000709,retry,1,2026-01-19 06:10:00,success,3233.86
A00000710,P000710,message,1,2026-02-22 19:03:00,success,6904.69
A00000711,P000711,retry,1,2026-06-19 06:05:00,success,1647.25
A00000712,P000712,escalate,1,2026-02-20 13:02:00,success,947.33
A00000713,P000713,escalate,1,2026-06-02 17:36:00,success,3586.91
A00000714,P000714,retry,1,2026-02-22 15:43:00,failed,0.0
A00000715,P000715,message,1,2026-02-27 08:20:00,success,2142.65
A00000716,P000716,stop,1,2026-02-28 19:25:00,failed,0.0
A00000717,P000717,message,1,2026-03-13 04:47:00,success,1672.2
A00000718,P000718,retry,1,2026-06-19 18:29:00,failed,0.0
A00000719,P000719,payment_link,1,2026-05-03 10:15:00,failed,0.0
A00000720,P000720,payment_link,1,2026-03-01 05:53:00,failed,0.0
A00000721,P000721,stop,1,2026-06-17 13:50:00,failed,0.0
A00000722,P000722,message,1,2026-02-22 14:54:00,failed,0.0
A00000723,P000723,stop,1,2026-02-04 18:44:00,failed,0.0
A00000724,P000724,payment_link,1,2026-06-16 19:46:00,success,1818.12
A00000725,P000725,escalate,1,2026-03-22 09:27:00,failed,0.0
A00000726,P000726,message,1,2026-05-16 12:49:00,success,3356.95
A00000727,P000727,escalate,1,2026-01-08 15:44:00,failed,0.0
A00000728,P000728,stop,1,2026-06-06 02:21:00,failed,0.0
A00000729,P000729,stop,1,2026-05-17 09:26:00,failed,0.0
A00000730,P000730,payment_link,1,2026-03-03 23:15:00,success,308.53
A00000731,P000731,retry,1,2026-04-12 05:11:00,failed,0.0
A00000732,P000732,escalate,1,2026-05-13 23:09:00,success,4440.58
A00000733,P000733,escalate,1,2026-05-06 13:32:00,failed,0.0
A00000734,P000734,message,1,2026-03-28 07:51:00,failed,0.0
A00000735,P000735,payment_link,1,2026-01-23 02:38:00,success,13615.27
A00000736,P000736,stop,1,2026-03-15 21:54:00,failed,0.0
A00000737,P000737,stop,1,2026-06-05 03:43:00,failed,0.0
A00000738,P000738,escalate,1,2026-05-05 11:11:00,failed,0.0
A00000739,P000739,message,1,2026-04-22 00:02:00,failed,0.0
A00000740,P000740,stop,1,2026-06-05 09:59:00,success,4334.13
A00000741,P000741,stop,1,2026-03-02 11:45:00,failed,0.0
A00000742,P000742,retry,1,2026-01-30 21:34:00,success,4717.54
A00000743,P000743,message,1,2026-05-10 15:12:00,failed,0.0
A00000744,P000744,message,1,2026-01-21 22:26:00,failed,0.0
A00000745,P000745,payment_link,1,2026-02-14 03:22:00,failed,0.0
A00000746,P000746,stop,1,2026-06-06 21:49:00,failed,0.0
A00000747,P000747,stop,1,2026-02-15 00:15:00,failed,0.0
A00000748,P000748,retry,1,2026-01-14 16:50:00,failed,0.0
A00000749,P000749,stop,1,2026-06-20 02:29:00,failed,0.0
A00000750,P000750,escalate,1,2026-05-13 07:00:00,failed,0.0
A00000751,P000751,escalate,1,2026-03-03 02:33:00,failed,0.0
A00000752,P000752,payment_link,1,2026-01-25 20:33:00,success,6053.87
A00000753,P000753,stop,1,2026-04-07 03:35:00,failed,0.0
A00000754,P000754,escalate,1,2026-02-25 03:21:00,success,4661.09
A00000755,P000755,escalate,1,2026-04-11 06:08:00,success,11741.66
A00000756,P000756,message,1,2026-05-27 23:50:00,success,17923.6
A00000757,P000757,retry,1,2026-04-29 15:14:00,failed,0.0
A00000758,P000758,escalate,1,2026-06-08 21:58:00,failed,0.0
A00000759,P000759,payment_link,1,2026-01-30 04:41:00,success,3188.17
A00000760,P000760,payment_link,1,2026-05-23 12:58:00,failed,0.0
A00000761,P000761,message,1,2026-05-08 22:09:00,failed,0.0
A00000762,P000762,stop,1,2026-03-07 00:38:00,failed,0.0
A00000763,P000763,payment_link,1,2026-05-21 13:57:00,failed,0.0
A00000764,P000764,retry,1,2026-05-05 02:23:00,failed,0.0
A00000765,P000765,payment_link,1,2026-01-16 18:10:00,failed,0.0
A00000766,P000766,payment_link,1,2026-06-18 19:25:00,failed,0.0
A00000767,P000767,message,1,2026-04-06 06:49:00,failed,0.0
A00000768,P000768,escalate,1,2026-03-27 20:53:00,failed,0.0
A00000769,P000769,stop,1,2026-04-02 07:48:00,failed,0.0
A00000770,P000770,stop,1,2026-05-29 17:54:00,failed,0.0
A00000771,P000771,payment_link,1,2026-05-10 01:35:00,success,2856.88
A00000772,P000772,message,1,2026-05-22 22:13:00,failed,0.0
A00000773,P000773,payment_link,1,2026-05-16 05:08:00,success,1653.65
A00000774,P000774,payment_link,1,2026-06-29 12:28:00,success,10474.34
A00000775,P000775,message,1,2026-06-10 08:31:00,failed,0.0
A00000776,P000776,payment_link,1,2026-06-10 13:18:00,failed,0.0
A00000777,P000777,escalate,1,2026-01-08 15:43:00,success,5406.16
A00000778,P000778,stop,1,2026-05-18 10:55:00,failed,0.0
A00000779,P000779,message,1,2026-04-05 07:53:00,success,1836.79
A00000780,P000780,escalate,1,2026-05-02 03:47:00,success,5304.94
A00000781,P000781,escalate,1,2026-01-10 00:57:00,failed,0.0
A00000782,P000782,escalate,1,2026-03-16 12:08:00,failed,0.0
A00000783,P000783,escalate,1,2026-05-01 21:55:00,failed,0.0
A00000784,P000784,payment_link,1,2026-02-27 19:39:00,failed,0.0
A00000785,P000785,payment_link,1,2026-06-22 04:53:00,success,2000.42
A00000786,P000786,retry,1,2026-03-10 02:51:00,failed,0.0
A00000787,P000787,payment_link,1,2026-01-09 08:05:00,failed,0.0
A00000788,P000788,message,1,2026-02-16 04:50:00,failed,0.0
A00000789,P000789,payment_link,1,2026-05-19 16:01:00,failed,0.0
A00000790,P000790,escalate,1,2026-03-19 07:04:00,success,1860.39
A00000791,P000791,escalate,1,2026-03-09 02:15:00,failed,0.0
A00000792,P000792,payment_link,1,2026-04-25 08:18:00,success,2491.51
A00000793,P000793,payment_link,1,2026-01-21 04:52:00,success,11116.95
A00000794,P000794,retry,1,2026-05-26 04:18:00,failed,0.0
A00000795,P000795,retry,1,2026-04-14 12:38:00,failed,0.0
A00000796,P000796,retry,1,2026-04-28 12:38:00,success,5642.42
A00000797,P000797,payment_link,1,2026-02-03 04:25:00,success,20667.05
A00000798,P000798,retry,1,2026-03-09 22:47:00,failed,0.0
A00000799,P000799,message,1,2026-06-17 01:26:00,success,3453.33
A00000800,P000800,message,1,2026-04-23 12:54:00,failed,0.0
A00000801,P000801,message,1,2026-05-26 05:48:00,failed,0.0
A00000802,P000802,message,1,2026-05-13 22:49:00,success,4945.08
A00000803,P000803,message,1,2026-03-09 02:14:00,failed,0.0
A00000804,P000804,message,1,2026-01-22 00:52:00,failed,0.0
A00000805,P000805,message,1,2026-05-06 23:23:00,failed,0.0
A00000806,P000806,payment_link,1,2026-02-22 05:38:00,success,2078.15
A00000807,P000807,message,1,2026-04-12 00:49:00,failed,0.0
A00000808,P000808,payment_link,1,2026-06-10 16:37:00,failed,0.0
A00000809,P000809,escalate,1,2026-03-01 22:34:00,failed,0.0
A00000810,P000810,stop,1,2026-03-07 06:02:00,failed,0.0
A00000811,P000811,payment_link,1,2026-05-12 09:33:00,success,5855.36
A00000812,P000812,stop,1,2026-06-27 01:42:00,failed,0.0
A00000813,P000813,stop,1,2026-02-09 03:44:00,failed,0.0
A00000814,P000814,stop,1,2026-01-25 07:47:00,failed,0.0
A00000815,P000815,payment_link,1,2026-06-23 23:16:00,success,36234.78
A00000816,P000816,payment_link,1,2026-03-04 09:51:00,success,1097.94
A00000817,P000817,message,1,2026-01-09 20:57:00,failed,0.0
A00000818,P000818,retry,1,2026-03-10 02:17:00,failed,0.0
A00000819,P000819,escalate,1,2026-06-14 05:37:00,success,2505.04
A00000820,P000820,payment_link,1,2026-06-01 23:10:00,success,1922.99
A00000821,P000821,message,1,2026-03-11 02:08:00,failed,0.0
A00000822,P000822,message,1,2026-05-30 23:38:00,failed,0.0
A00000823,P000823,message,1,2026-01-26 02:45:00,failed,0.0
A00000824,P000824,message,1,2026-04-04 04:14:00,failed,0.0
A00000825,P000825,escalate,1,2026-05-28 20:40:00,failed,0.0
A00000826,P000826,stop,1,2026-02-03 05:45:00,failed,0.0
A00000827,P000827,message,1,2026-05-01 02:22:00,success,1191.33
A00000828,P000828,escalate,1,2026-03-01 22:14:00,failed,0.0
A00000829,P000829,retry,1,2026-01-21 20:50:00,failed,0.0
A00000830,P000830,retry,1,2026-02-23 01:32:00,success,3848.1
A00000831,P000831,retry,1,2026-04-25 01:10:00,success,822.41
A00000832,P000832,message,1,2026-01-01 12:16:00,failed,0.0
A00000833,P000833,payment_link,1,2026-05-26 16:04:00,failed,0.0
A00000834,P000834,escalate,1,2026-05-24 05:11:00,failed,0.0
A00000835,P000835,stop,1,2026-05-05 15:18:00,failed,0.0
A00000836,P000836,payment_link,1,2026-05-14 03:09:00,failed,0.0
A00000837,P000837,stop,1,2026-03-04 21:45:00,failed,0.0
A00000838,P000838,escalate,1,2026-06-23 18:57:00,success,1272.31
A00000839,P000839,escalate,1,2026-06-09 12:40:00,success,2289.73
A00000840,P000840,retry,1,2026-04-25 04:38:00,success,75037.94
A00000841,P000841,stop,1,2026-02-09 14:48:00,failed,0.0
A00000842,P000842,payment_link,1,2026-01-10 19:50:00,failed,0.0
A00000843,P000843,payment_link,1,2026-03-04 09:31:00,failed,0.0
A00000844,P000844,escalate,1,2026-01-29 15:49:00,success,4214.75
A00000845,P000845,payment_link,1,2026-03-15 23:31:00,success,2798.35
A00000846,P000846,escalate,1,2026-04-14 00:47:00,failed,0.0
A00000847,P000847,escalate,1,2026-02-06 08:39:00,failed,0.0
A00000848,P000848,retry,1,2026-02-26 03:43:00,success,4155.13
A00000849,P000849,stop,1,2026-05-04 15:07:00,failed,0.0
A00000850,P000850,retry,1,2026-03-19 06:35:00,failed,0.0
A00000851,P000851,retry,1,2026-03-20 00:19:00,success,4791.03
A00000852,P000852,payment_link,1,2026-02-22 06:14:00,failed,0.0
A00000853,P000853,escalate,1,2026-06-26 09:19:00,success,2701.14
A00000854,P000854,escalate,1,2026-03-29 21:11:00,failed,0.0
A00000855,P000855,retry,1,2026-03-18 02:40:00,failed,0.0
A00000856,P000856,message,1,2026-04-03 19:58:00,failed,0.0
A00000857,P000857,stop,1,2026-06-18 20:56:00,failed,0.0
A00000858,P000858,retry,1,2026-06-26 00:26:00,success,2413.56
A00000859,P000859,stop,1,2026-01-26 04:24:00,failed,0.0
A00000860,P000860,retry,1,2026-03-01 15:07:00,failed,0.0
A00000861,P000861,message,1,2026-02-07 08:29:00,success,1569.37
A00000862,P000862,retry,1,2026-01-10 12:14:00,success,2473.52
A00000863,P000863,escalate,1,2026-01-19 05:28:00,failed,0.0
A00000864,P000864,payment_link,1,2026-02-03 01:17:00,failed,0.0
A00000865,P000865,escalate,1,2026-02-25 21:41:00,failed,0.0
A00000866,P000866,message,1,2026-01-02 22:02:00,failed,0.0
A00000867,P000867,retry,1,2026-06-19 18:31:00,success,3900.6
A00000868,P000868,message,1,2026-01-13 06:13:00,failed,0.0
A00000869,P000869,message,1,2026-06-07 05:51:00,success,33581.34
A00000870,P000870,escalate,1,2026-02-04 06:57:00,failed,0.0
A00000871,P000871,escalate,1,2026-02-08 19:42:00,success,26621.74
A00000872,P000872,message,1,2026-04-12 01:24:00,failed,0.0
A00000873,P000873,retry,1,2026-03-22 13:52:00,failed,0.0
A00000874,P000874,stop,1,2026-05-27 23:46:00,failed,0.0
A00000875,P000875,message,1,2026-06-21 13:11:00,failed,0.0
A00000876,P000876,message,1,2026-04-15 19:58:00,failed,0.0
A00000877,P000877,message,1,2026-05-14 07:55:00,success,1344.51
A00000878,P000878,message,1,2026-03-15 05:38:00,failed,0.0
A00000879,P000879,retry,1,2026-02-28 09:27:00,success,10901.61
A00000880,P000880,message,1,2026-01-05 00:39:00,success,11407.5
A00000881,P000881,payment_link,1,2026-03-30 13:36:00,success,3078.44
A00000882,P000882,payment_link,1,2026-05-09 02:34:00,success,4652.94
A00000883,P000883,payment_link,1,2026-03-23 13:23:00,success,3117.46
A00000884,P000884,escalate,1,2026-02-08 12:19:00,failed,0.0
A00000885,P000885,payment_link,1,2026-01-24 19:19:00,failed,0.0
A00000886,P000886,payment_link,1,2026-04-04 23:14:00,failed,0.0
A00000887,P000887,payment_link,1,2026-06-16 10:07:00,success,14387.84
A00000888,P000888,message,1,2026-04-21 05:09:00,failed,0.0
A00000889,P000889,payment_link,1,2026-06-17 23:38:00,success,6412.68
A00000890,P000890,message,1,2026-02-07 07:50:00,success,4281.21
A00000891,P000891,retry,1,2026-06-09 18:15:00,success,556.68
A00000892,P000892,payment_link,1,2026-04-14 04:22:00,failed,0.0
A00000893,P000893,message,1,2026-03-05 20:14:00,failed,0.0
A00000894,P000894,retry,1,2026-02-09 18:55:00,success,1983.93
A00000895,P000895,message,1,2026-02-02 12:31:00,success,1785.12
A00000896,P000896,payment_link,1,2026-05-22 04:08:00,success,2966.13
A00000897,P000897,retry,1,2026-01-14 15:02:00,failed,0.0
A00000898,P000898,retry,1,2026-04-13 13:46:00,failed,0.0
A00000899,P000899,stop,1,2026-03-15 08:16:00,failed,0.0
A00000900,P000900,payment_link,1,2026-05-28 16:59:00,failed,0.0
A00000901,P000901,stop,1,2026-06-02 11:25:00,success,3658.44
A00000902,P000902,retry,1,2026-02-14 09:12:00,failed,0.0
A00000903,P000903,stop,1,2026-03-06 03:56:00,failed,0.0
A00000904,P000904,payment_link,1,2026-06-04 16:07:00,success,7054.77
A00000905,P000905,escalate,1,2026-02-18 12:49:00,failed,0.0
A00000906,P000906,stop,1,2026-03-17 19:41:00,failed,0.0
A00000907,P000907,message,1,2026-04-23 18:29:00,failed,0.0
A00000908,P000908,escalate,1,2026-02-19 04:27:00,failed,0.0
A00000909,P000909,payment_link,1,2026-05-28 05:01:00,failed,0.0
A00000910,P000910,stop,1,2026-01-18 17:08:00,failed,0.0
A00000911,P000911,retry,1,2026-02-23 18:44:00,success,955.28
A00000912,P000912,payment_link,1,2026-05-14 23:30:00,failed,0.0
A00000913,P000913,stop,1,2026-01-16 04:33:00,failed,0.0
A00000914,P000914,escalate,1,2026-05-02 09:44:00,failed,0.0
A00000915,P000915,retry,1,2026-01-24 06:33:00,success,8029.82
A00000916,P000916,retry,1,2026-02-11 08:36:00,failed,0.0
A00000917,P000917,escalate,1,2026-04-11 16:32:00,success,1663.53
A00000918,P000918,payment_link,1,2026-06-29 07:07:00,failed,0.0
A00000919,P000919,retry,1,2026-01-13 20:17:00,failed,0.0
A00000920,P000920,retry,1,2026-04-24 21:03:00,failed,0.0
A00000921,P000921,message,1,2026-04-26 04:13:00,failed,0.0
A00000922,P000922,stop,1,2026-02-15 15:47:00,failed,0.0
A00000923,P000923,message,1,2026-04-21 03:46:00,failed,0.0
A00000924,P000924,retry,1,2026-02-14 06:56:00,success,2947.13
A00000925,P000925,message,1,2026-01-03 00:50:00,failed,0.0
A00000926,P000926,stop,1,2026-04-11 23:24:00,failed,0.0
A00000927,P000927,retry,1,2026-05-30 09:29:00,success,3244.0
A00000928,P000928,escalate,1,2026-02-08 10:29:00,failed,0.0
A00000929,P000929,escalate,1,2026-06-07 13:29:00,failed,0.0
A00000930,P000930,retry,1,2026-06-07 04:22:00,failed,0.0
A00000931,P000931,escalate,1,2026-04-20 05:21:00,success,3372.47
A00000932,P000932,payment_link,1,2026-02-07 01:37:00,failed,0.0
A00000933,P000933,stop,1,2026-05-07 00:14:00,failed,0.0
A00000934,P000934,escalate,1,2026-04-09 15:07:00,failed,0.0
A00000935,P000935,payment_link,1,2026-06-24 12:41:00,failed,0.0
A00000936,P000936,escalate,1,2026-06-11 19:14:00,failed,0.0
A00000937,P000937,stop,1,2026-01-14 20:17:00,success,8890.34
A00000938,P000938,escalate,1,2026-05-31 04:39:00,failed,0.0
A00000939,P000939,escalate,1,2026-03-12 18:58:00,failed,0.0
A00000940,P000940,retry,1,2026-06-06 06:27:00,success,16971.44
A00000941,P000941,payment_link,1,2026-05-27 11:07:00,success,5348.65
A00000942,P000942,stop,1,2026-04-12 02:53:00,failed,0.0
A00000943,P000943,retry,1,2026-01-26 09:42:00,failed,0.0
A00000944,P000944,escalate,1,2026-03-01 21:04:00,failed,0.0
A00000945,P000945,retry,1,2026-01-29 01:32:00,success,1601.7
A00000946,P000946,escalate,1,2026-02-12 11:12:00,failed,0.0
A00000947,P000947,message,1,2026-03-27 17:39:00,success,5177.68
A00000948,P000948,escalate,1,2026-05-06 12:51:00,success,2821.67
A00000949,P000949,message,1,2026-06-07 23:03:00,failed,0.0
A00000950,P000950,payment_link,1,2026-06-06 13:09:00,success,2843.38
A00000951,P000951,escalate,1,2026-03-20 05:00:00,failed,0.0
A00000952,P000952,escalate,1,2026-04-27 00:48:00,success,2777.38
A00000953,P000953,retry,1,2026-03-19 13:51:00,success,648.96
A00000954,P000954,message,1,2026-03-02 08:45:00,failed,0.0
A00000955,P000955,escalate,1,2026-06-20 22:09:00,failed,0.0
A00000956,P000956,payment_link,1,2026-03-14 08:36:00,success,3663.81
A00000957,P000957,escalate,1,2026-03-04 02:46:00,success,5453.76
A00000958,P000958,message,1,2026-02-14 17:26:00,success,868.43
A00000959,P000959,escalate,1,2026-04-20 09:13:00,failed,0.0
A00000960,P000960,message,1,2026-04-07 08:03:00,failed,0.0
A00000961,P000961,escalate,1,2026-03-13 03:48:00,success,2572.15
A00000962,P000962,escalate,1,2026-04-29 08:41:00,success,1217.25
A00000963,P000963,escalate,1,2026-06-10 05:25:00,success,3240.12
A00000964,P000964,stop,1,2026-02-26 10:59:00,success,2380.05
A00000965,P000965,retry,1,2026-06-06 12:37:00,failed,0.0
A00000966,P000966,retry,1,2026-01-05 04:48:00,success,464.91
A00000967,P000967,stop,1,2026-04-24 08:16:00,failed,0.0
A00000968,P000968,retry,1,2026-06-02 05:27:00,failed,0.0
A00000969,P000969,escalate,1,2026-04-24 10:13:00,failed,0.0
A00000970,P000970,stop,1,2026-05-03 14:04:00,failed,0.0
A00000971,P000971,escalate,1,2026-05-07 19:02:00,success,22213.64
A00000972,P000972,stop,1,2026-02-09 13:28:00,failed,0.0
A00000973,P000973,escalate,1,2026-06-12 18:36:00,success,4367.58
A00000974,P000974,payment_link,1,2026-01-23 21:36:00,success,1196.64
A00000975,P000975,escalate,1,2026-04-13 17:33:00,success,1825.61
A00000976,P000976,payment_link,1,2026-03-13 21:51:00,failed,0.0
A00000977,P000977,retry,1,2026-05-29 02:22:00,failed,0.0
A00000978,P000978,payment_link,1,2026-03-22 02:35:00,success,1212.77
A00000979,P000979,message,1,2026-05-29 09:09:00,success,6744.33
A00000980,P000980,stop,1,2026-01-26 16:29:00,failed,0.0
A00000981,P000981,payment_link,1,2026-01-08 23:47:00,success,1055.05
A00000982,P000982,retry,1,2026-02-26 15:34:00,failed,0.0
A00000983,P000983,retry,1,2026-06-25 15:59:00,success,33070.83
A00000984,P000984,payment_link,1,2026-03-15 18:55:00,success,4871.2
A00000985,P000985,message,1,2026-01-27 11:18:00,failed,0.0
A00000986,P000986,message,1,2026-05-22 11:59:00,failed,0.0
A00000987,P000987,message,1,2026-03-01 00:03:00,success,5869.29
A00000988,P000988,escalate,1,2026-05-13 13:17:00,failed,0.0
A00000989,P000989,payment_link,1,2026-05-11 13:27:00,failed,0.0
A00000990,P000990,escalate,1,2026-04-01 09:57:00,failed,0.0
A00000991,P000991,payment_link,1,2026-01-18 04:24:00,failed,0.0
A00000992,P000992,stop,1,2026-03-12 03:24:00,failed,0.0
A00000993,P000993,message,1,2026-04-13 15:18:00,failed,0.0
A00000994,P000994,message,1,2026-06-09 06:07:00,failed,0.0
A00000995,P000995,message,1,2026-03-30 23:33:00,failed,0.0
A00000996,P000996,retry,1,2026-01-31 21:06:00,failed,0.0
A00000997,P000997,retry,1,2026-06-26 19:43:00,failed,0.0
A00000998,P000998,escalate,1,2026-06-09 11:23:00,failed,0.0
A00000999,P000999,stop,1,2026-01-31 01:57:00,failed,0.0
A00001000,P001000,retry,1,2026-05-13 15:48:00,success,12143.56
A00001001,P001001,escalate,1,2026-01-05 04:54:00,success,2963.92
A00001002,P001002,payment_link,1,2026-05-10 16:18:00,success,719.37
A00001003,P001003,escalate,1,2026-05-30 00:01:00,failed,0.0
A00001004,P001004,retry,1,2026-01-21 20:24:00,failed,0.0
A00001005,P001005,payment_link,1,2026-06-16 02:27:00,success,2674.4
A00001006,P001006,escalate,1,2026-01-01 07:28:00,success,4361.1
A00001007,P001007,stop,1,2026-05-03 20:28:00,failed,0.0
A00001008,P001008,retry,1,2026-05-22 09:20:00,success,3087.41
A00001009,P001009,escalate,1,2026-05-11 16:10:00,success,3147.17
A00001010,P001010,message,1,2026-06-28 17:19:00,success,2647.74
A00001011,P001011,stop,1,2026-06-24 07:23:00,failed,0.0
A00001012,P001012,retry,1,2026-05-05 13:24:00,success,7468.21
A00001013,P001013,payment_link,1,2026-06-02 02:58:00,failed,0.0
A00001014,P001014,message,1,2026-01-12 02:57:00,success,4696.74
A00001015,P001015,payment_link,1,2026-02-25 01:51:00,success,2077.77
A00001016,P001016,stop,1,2026-04-17 14:36:00,failed,0.0
A00001017,P001017,escalate,1,2026-02-02 08:29:00,failed,0.0
A00001018,P001018,retry,1,2026-03-23 14:32:00,failed,0.0
A00001019,P001019,stop,1,2026-01-13 05:28:00,failed,0.0
A00001020,P001020,message,1,2026-03-22 17:54:00,success,1874.14
A00001021,P001021,retry,1,2026-05-12 00:19:00,success,2606.61
A00001022,P001022,retry,1,2026-03-04 04:26:00,failed,0.0
A00001023,P001023,stop,1,2026-03-24 05:08:00,failed,0.0
A00001024,P001024,escalate,1,2026-06-11 16:43:00,failed,0.0
A00001025,P001025,payment_link,1,2026-04-25 00:58:00,success,1508.2
A00001026,P001026,payment_link,1,2026-03-14 16:18:00,success,1850.92
A00001027,P001027,escalate,1,2026-02-04 22:33:00,failed,0.0
A00001028,P001028,payment_link,1,2026-02-07 07:50:00,failed,0.0
A00001029,P001029,payment_link,1,2026-06-06 08:40:00,failed,0.0
A00001030,P001030,payment_link,1,2026-01-18 16:04:00,failed,0.0
A00001031,P001031,message,1,2026-06-04 02:05:00,success,2714.24
A00001032,P001032,escalate,1,2026-06-16 12:23:00,success,1870.89
A00001033,P001033,retry,1,2026-04-16 20:54:00,failed,0.0
A00001034,P001034,message,1,2026-06-18 17:39:00,success,5259.5
A00001035,P001035,retry,1,2026-04-01 18:05:00,success,2953.68
A00001036,P001036,escalate,1,2026-04-15 11:10:00,failed,0.0
A00001037,P001037,retry,1,2026-01-14 02:29:00,failed,0.0
A00001038,P001038,escalate,1,2026-04-03 18:27:00,success,1574.74
A00001039,P001039,stop,1,2026-06-12 10:52:00,failed,0.0
A00001040,P001040,retry,1,2026-04-28 22:04:00,failed,0.0
A00001041,P001041,message,1,2026-04-30 01:35:00,failed,0.0
A00001042,P001042,retry,1,2026-05-15 07:25:00,success,1977.57
A00001043,P001043,retry,1,2026-04-16 19:41:00,failed,0.0
A00001044,P001044,escalate,1,2026-02-03 14:48:00,success,7112.04
A00001045,P001045,escalate,1,2026-01-03 03:21:00,failed,0.0
A00001046,P001046,stop,1,2026-05-22 16:39:00,failed,0.0
A00001047,P001047,payment_link,1,2026-05-27 04:50:00,failed,0.0
A00001048,P001048,payment_link,1,2026-05-06 20:12:00,success,995.36
A00001049,P001049,message,1,2026-05-15 14:05:00,failed,0.0
A00001050,P001050,payment_link,1,2026-06-04 17:17:00,success,11038.84
A00001051,P001051,message,1,2026-02-07 09:21:00,failed,0.0
A00001052,P001052,escalate,1,2026-02-08 07:32:00,failed,0.0
A00001053,P001053,payment_link,1,2026-02-12 09:05:00,success,7554.21
A00001054,P001054,retry,1,2026-06-07 21:29:00,success,7530.5
A00001055,P001055,escalate,1,2026-02-22 20:06:00,failed,0.0
A00001056,P001056,payment_link,1,2026-04-16 00:08:00,success,6325.63
A00001057,P001057,message,1,2026-01-25 05:21:00,failed,0.0
A00001058,P001058,stop,1,2026-05-05 13:44:00,failed,0.0
A00001059,P001059,message,1,2026-03-10 14:19:00,success,4948.13
A00001060,P001060,stop,1,2026-06-14 03:39:00,success,23339.23
A00001061,P001061,escalate,1,2026-04-06 23:36:00,failed,0.0
A00001062,P001062,payment_link,1,2026-05-17 01:09:00,success,6712.24
A00001063,P001063,stop,1,2026-06-02 20:04:00,failed,0.0
A00001064,P001064,message,1,2026-03-14 00:27:00,failed,0.0
A00001065,P001065,payment_link,1,2026-01-08 05:28:00,failed,0.0
A00001066,P001066,retry,1,2026-02-14 16:04:00,failed,0.0
A00001067,P001067,retry,1,2026-04-22 02:14:00,failed,0.0
A00001068,P001068,escalate,1,2026-02-24 14:18:00,failed,0.0
A00001069,P001069,message,1,2026-05-12 08:43:00,failed,0.0
A00001070,P001070,retry,1,2026-06-08 06:28:00,failed,0.0
A00001071,P001071,message,1,2026-01-25 21:17:00,success,1958.5
A00001072,P001072,stop,1,2026-05-23 13:37:00,failed,0.0
A00001073,P001073,stop,1,2026-06-03 07:45:00,failed,0.0
A00001074,P001074,retry,1,2026-01-11 04:55:00,failed,0.0
A00001075,P001075,retry,1,2026-02-05 10:21:00,failed,0.0
A00001076,P001076,payment_link,1,2026-04-18 02:24:00,success,7234.33
A00001077,P001077,retry,1,2026-04-09 02:39:00,failed,0.0
A00001078,P001078,message,1,2026-05-25 07:08:00,failed,0.0
A00001079,P001079,escalate,1,2026-04-04 22:29:00,success,23937.0
A00001080,P001080,escalate,1,2026-05-26 12:03:00,failed,0.0
A00001081,P001081,retry,1,2026-04-05 22:35:00,success,7035.06
A00001082,P001082,message,1,2026-06-09 22:37:00,failed,0.0
A00001083,P001083,retry,1,2026-06-25 11:27:00,failed,0.0
A00001084,P001084,stop,1,2026-04-25 08:10:00,failed,0.0
A00001085,P001085,message,1,2026-01-07 21:41:00,success,3594.16
A00001086,P001086,message,1,2026-02-03 05:39:00,failed,0.0
A00001087,P001087,retry,1,2026-06-09 12:04:00,failed,0.0
A00001088,P001088,payment_link,1,2026-04-08 02:15:00,success,3386.89
A00001089,P001089,stop,1,2026-03-12 21:35:00,failed,0.0
A00001090,P001090,message,1,2026-01-15 14:27:00,failed,0.0
A00001091,P001091,payment_link,1,2026-05-04 16:10:00,success,12318.98
A00001092,P001092,message,1,2026-04-12 19:17:00,success,3393.63
A00001093,P001093,payment_link,1,2026-04-02 10:05:00,failed,0.0
A00001094,P001094,message,1,2026-02-07 08:37:00,success,3095.03
A00001095,P001095,stop,1,2026-03-16 05:48:00,success,7112.97
A00001096,P001096,stop,1,2026-02-12 04:00:00,success,660.77
A00001097,P001097,payment_link,1,2026-03-01 08:21:00,success,4984.52
A00001098,P001098,stop,1,2026-04-08 09:23:00,failed,0.0
A00001099,P001099,retry,1,2026-05-16 19:30:00,failed,0.0
A00001100,P001100,escalate,1,2026-03-26 12:02:00,success,1472.89
A00001101,P001101,payment_link,1,2026-02-01 05:52:00,success,4593.42
A00001102,P001102,stop,1,2026-05-29 14:01:00,failed,0.0
A00001103,P001103,message,1,2026-06-28 15:47:00,failed,0.0
A00001104,P001104,stop,1,2026-01-02 13:51:00,failed,0.0
A00001105,P001105,retry,1,2026-01-09 08:00:00,failed,0.0
A00001106,P001106,message,1,2026-02-20 20:44:00,failed,0.0
A00001107,P001107,stop,1,2026-01-27 22:17:00,failed,0.0
A00001108,P001108,payment_link,1,2026-04-07 11:05:00,failed,0.0
A00001109,P001109,stop,1,2026-05-03 17:45:00,failed,0.0
A00001110,P001110,retry,1,2026-01-11 12:08:00,failed,0.0
A00001111,P001111,message,1,2026-04-06 23:38:00,success,3853.38
A00001112,P001112,message,1,2026-04-20 11:06:00,failed,0.0
A00001113,P001113,retry,1,2026-05-09 15:57:00,failed,0.0
A00001114,P001114,stop,1,2026-06-21 16:08:00,failed,0.0
A00001115,P001115,stop,1,2026-02-05 00:13:00,failed,0.0
A00001116,P001116,payment_link,1,2026-05-01 13:53:00,success,11911.28
A00001117,P001117,retry,1,2026-02-19 09:35:00,success,4378.46
A00001118,P001118,escalate,1,2026-05-24 19:58:00,failed,0.0
A00001119,P001119,stop,1,2026-02-26 00:13:00,failed,0.0
A00001120,P001120,retry,1,2026-06-14 08:05:00,failed,0.0
A00001121,P001121,escalate,1,2026-06-29 13:19:00,success,4040.73
A00001122,P001122,payment_link,1,2026-04-18 18:20:00,failed,0.0
A00001123,P001123,escalate,1,2026-02-26 05:47:00,success,25434.62
A00001124,P001124,stop,1,2026-05-10 23:48:00,failed,0.0
A00001125,P001125,escalate,1,2026-05-02 09:02:00,failed,0.0
A00001126,P001126,stop,1,2026-02-14 20:43:00,failed,0.0
A00001127,P001127,message,1,2026-04-18 20:52:00,success,1473.59
A00001128,P001128,retry,1,2026-06-25 08:58:00,success,20679.53
A00001129,P001129,message,1,2026-04-15 05:31:00,success,2583.87
A00001130,P001130,retry,1,2026-01-29 06:24:00,success,13061.18
A00001131,P001131,message,1,2026-01-02 11:03:00,failed,0.0
A00001132,P001132,stop,1,2026-03-26 04:46:00,failed,0.0
A00001133,P001133,message,1,2026-04-22 04:15:00,failed,0.0
A00001134,P001134,payment_link,1,2026-05-31 23:38:00,failed,0.0
A00001135,P001135,escalate,1,2026-03-02 17:12:00,success,8764.65
A00001136,P001136,stop,1,2026-03-02 19:24:00,failed,0.0
A00001137,P001137,retry,1,2026-02-23 17:45:00,success,1676.97
A00001138,P001138,payment_link,1,2026-01-19 19:33:00,failed,0.0
A00001139,P001139,stop,1,2026-06-09 07:18:00,failed,0.0
A00001140,P001140,escalate,1,2026-05-10 20:43:00,failed,0.0
A00001141,P001141,stop,1,2026-05-23 20:38:00,failed,0.0
A00001142,P001142,stop,1,2026-05-28 00:32:00,failed,0.0
A00001143,P001143,payment_link,1,2026-06-23 08:21:00,success,2918.44
A00001144,P001144,escalate,1,2026-01-09 03:10:00,success,2965.94
A00001145,P001145,message,1,2026-04-23 12:05:00,success,3211.66
A00001146,P001146,stop,1,2026-06-27 21:01:00,failed,0.0
A00001147,P001147,message,1,2026-02-18 02:20:00,success,1726.79
A00001148,P001148,message,1,2026-03-11 09:51:00,success,4838.2
A00001149,P001149,retry,1,2026-01-02 10:08:00,failed,0.0
A00001150,P001150,stop,1,2026-02-12 22:41:00,failed,0.0
A00001151,P001151,stop,1,2026-02-03 08:29:00,failed,0.0
A00001152,P001152,retry,1,2026-03-12 22:00:00,failed,0.0
A00001153,P001153,message,1,2026-06-26 00:14:00,failed,0.0
A00001154,P001154,payment_link,1,2026-04-11 10:59:00,failed,0.0
A00001155,P001155,escalate,1,2026-02-24 08:52:00,failed,0.0
A00001156,P001156,escalate,1,2026-03-11 15:02:00,success,1905.96
A00001157,P001157,stop,1,2026-02-01 19:41:00,failed,0.0
A00001158,P001158,stop,1,2026-04-24 19:00:00,failed,0.0
A00001159,P001159,payment_link,1,2026-03-01 18:24:00,failed,0.0
A00001160,P001160,stop,1,2026-04-04 00:07:00,failed,0.0
A00001161,P001161,retry,1,2026-06-18 13:10:00,failed,0.0
A00001162,P001162,message,1,2026-05-24 20:55:00,success,6418.37
A00001163,P001163,message,1,2026-01-04 21:39:00,failed,0.0
A00001164,P001164,escalate,1,2026-02-28 07:41:00,failed,0.0
A00001165,P001165,escalate,1,2026-01-23 07:14:00,failed,0.0
A00001166,P001166,payment_link,1,2026-04-18 15:31:00,success,13740.33
A00001167,P001167,retry,1,2026-06-06 04:18:00,success,4107.3
A00001168,P001168,retry,1,2026-01-14 21:54:00,failed,0.0
A00001169,P001169,escalate,1,2026-05-01 15:34:00,failed,0.0
A00001170,P001170,stop,1,2026-01-11 17:26:00,failed,0.0
A00001171,P001171,payment_link,1,2026-02-06 03:58:00,success,3892.85
A00001172,P001172,retry,1,2026-01-08 02:52:00,success,587.57
A00001173,P001173,retry,1,2026-03-19 16:26:00,failed,0.0
A00001174,P001174,escalate,1,2026-01-29 20:32:00,failed,0.0
A00001175,P001175,retry,1,2026-01-14 02:51:00,failed,0.0
A00001176,P001176,payment_link,1,2026-04-17 14:02:00,failed,0.0
A00001177,P001177,escalate,1,2026-06-20 00:09:00,success,3583.58
A00001178,P001178,stop,1,2026-03-18 22:26:00,failed,0.0
A00001179,P001179,message,1,2026-05-13 02:21:00,failed,0.0
A00001180,P001180,message,1,2026-04-03 01:08:00,failed,0.0
A00001181,P001181,message,1,2026-04-20 07:10:00,success,4200.06
A00001182,P001182,message,1,2026-03-23 11:23:00,success,953.74
A00001183,P001183,message,1,2026-02-13 05:01:00,failed,0.0
A00001184,P001184,retry,1,2026-06-04 18:41:00,success,3008.28
A00001185,P001185,stop,1,2026-04-19 17:31:00,failed,0.0
A00001186,P001186,message,1,2026-06-29 04:41:00,success,1019.45
A00001187,P001187,stop,1,2026-04-18 08:30:00,failed,0.0
A00001188,P001188,message,1,2026-06-22 14:55:00,failed,0.0
A00001189,P001189,message,1,2026-06-22 20:13:00,success,3122.86
A00001190,P001190,payment_link,1,2026-01-20 12:00:00,failed,0.0
A00001191,P001191,stop,1,2026-04-15 04:58:00,failed,0.0
A00001192,P001192,stop,1,2026-06-14 19:55:00,failed,0.0
A00001193,P001193,stop,1,2026-02-20 02:54:00,failed,0.0
A00001194,P001194,payment_link,1,2026-05-29 04:59:00,failed,0.0
A00001195,P001195,payment_link,1,2026-01-28 23:28:00,success,2644.57
A00001196,P001196,stop,1,2026-01-15 15:25:00,success,2055.21
A00001197,P001197,retry,1,2026-05-18 05:39:00,success,1851.68
A00001198,P001198,escalate,1,2026-05-02 23:01:00,success,1090.89
A00001199,P001199,payment_link,1,2026-06-22 23:34:00,failed,0.0
A00001200,P001200,payment_link,1,2026-05-10 04:13:00,failed,0.0
A00001201,P001201,escalate,1,2026-06-24 05:27:00,success,1562.36
A00001202,P001202,payment_link,1,2026-04-30 14:36:00,success,2110.6
A00001203,P001203,escalate,1,2026-04-17 13:39:00,failed,0.0
A00001204,P001204,message,1,2026-04-03 07:38:00,success,9750.46
A00001205,P001205,stop,1,2026-04-09 11:22:00,failed,0.0
A00001206,P001206,message,1,2026-05-26 23:19:00,success,24431.32
A00001207,P001207,escalate,1,2026-04-24 04:46:00,success,1241.0
A00001208,P001208,payment_link,1,2026-05-15 06:48:00,failed,0.0
A00001209,P001209,message,1,2026-04-02 22:16:00,failed,0.0
A00001210,P001210,stop,1,2026-04-12 10:56:00,failed,0.0
A00001211,P001211,payment_link,1,2026-05-03 22:28:00,failed,0.0
A00001212,P001212,payment_link,1,2026-03-19 12:10:00,failed,0.0
A00001213,P001213,payment_link,1,2026-02-28 11:49:00,success,5354.38
A00001214,P001214,escalate,1,2026-02-15 22:52:00,success,1712.13
A00001215,P001215,escalate,1,2026-05-10 15:05:00,success,5806.53
A00001216,P001216,retry,1,2026-05-13 12:52:00,failed,0.0
A00001217,P001217,stop,1,2026-01-23 04:15:00,failed,0.0
A00001218,P001218,escalate,1,2026-02-04 22:20:00,failed,0.0
A00001219,P001219,escalate,1,2026-01-05 13:12:00,failed,0.0
A00001220,P001220,message,1,2026-02-20 09:53:00,success,3897.43
A00001221,P001221,escalate,1,2026-02-15 23:10:00,success,23468.05
A00001222,P001222,retry,1,2026-04-17 10:21:00,success,5707.39
A00001223,P001223,stop,1,2026-01-20 13:01:00,failed,0.0
A00001224,P001224,retry,1,2026-05-15 22:30:00,failed,0.0
A00001225,P001225,payment_link,1,2026-05-15 04:28:00,success,3626.88
A00001226,P001226,retry,1,2026-04-12 01:44:00,success,490.97
A00001227,P001227,payment_link,1,2026-06-21 16:41:00,failed,0.0
A00001228,P001228,payment_link,1,2026-02-06 00:28:00,success,3319.27
A00001229,P001229,escalate,1,2026-06-03 01:20:00,success,3907.71
A00001230,P001230,message,1,2026-02-23 01:03:00,success,2698.18
A00001231,P001231,stop,1,2026-04-13 11:19:00,failed,0.0
A00001232,P001232,payment_link,1,2026-06-19 08:53:00,success,19166.9
A00001233,P001233,escalate,1,2026-06-15 17:45:00,failed,0.0
A00001234,P001234,escalate,1,2026-05-06 10:03:00,failed,0.0
A00001235,P001235,retry,1,2026-04-30 14:17:00,failed,0.0
A00001236,P001236,stop,1,2026-02-16 07:31:00,failed,0.0
A00001237,P001237,message,1,2026-05-09 07:12:00,failed,0.0
A00001238,P001238,retry,1,2026-04-23 13:38:00,success,1798.27
A00001239,P001239,message,1,2026-02-21 18:23:00,success,1848.26
A00001240,P001240,retry,1,2026-04-29 04:03:00,failed,0.0
A00001241,P001241,escalate,1,2026-01-02 00:28:00,failed,0.0
A00001242,P001242,message,1,2026-02-13 21:20:00,failed,0.0
A00001243,P001243,message,1,2026-03-17 12:17:00,failed,0.0
A00001244,P001244,stop,1,2026-04-11 08:09:00,failed,0.0
A00001245,P001245,escalate,1,2026-03-19 10:40:00,failed,0.0
A00001246,P001246,payment_link,1,2026-02-18 18:09:00,success,3563.05
A00001247,P001247,stop,1,2026-06-03 09:53:00,failed,0.0
A00001248,P001248,payment_link,1,2026-06-05 15:19:00,failed,0.0
A00001249,P001249,payment_link,1,2026-04-29 21:24:00,failed,0.0
A00001250,P001250,stop,1,2026-01-01 20:34:00,failed,0.0
A00001251,P001251,stop,1,2026-03-25 10:42:00,failed,0.0
A00001252,P001252,retry,1,2026-02-13 01:15:00,failed,0.0
A00001253,P001253,stop,1,2026-03-01 00:00:00,failed,0.0
A00001254,P001254,payment_link,1,2026-02-17 02:02:00,failed,0.0
A00001255,P001255,message,1,2026-06-22 10:57:00,failed,0.0
A00001256,P001256,message,1,2026-05-19 00:36:00,failed,0.0
A00001257,P001257,escalate,1,2026-05-15 20:15:00,failed,0.0
A00001258,P001258,payment_link,1,2026-06-10 22:18:00,failed,0.0
A00001259,P001259,payment_link,1,2026-03-11 14:41:00,success,4815.64
A00001260,P001260,payment_link,1,2026-02-03 01:20:00,success,7967.17
A00001261,P001261,escalate,1,2026-05-29 12:18:00,success,1071.34
A00001262,P001262,escalate,1,2026-05-05 19:09:00,failed,0.0
A00001263,P001263,escalate,1,2026-05-05 10:22:00,success,1972.68
A00001264,P001264,stop,1,2026-03-13 07:54:00,failed,0.0
A00001265,P001265,retry,1,2026-02-11 21:41:00,success,1775.93
A00001266,P001266,retry,1,2026-06-06 04:49:00,success,1770.43
A00001267,P001267,stop,1,2026-02-07 18:16:00,failed,0.0
A00001268,P001268,payment_link,1,2026-01-17 11:45:00,failed,0.0
A00001269,P001269,retry,1,2026-01-14 06:40:00,failed,0.0
A00001270,P001270,retry,1,2026-03-07 07:51:00,failed,0.0
A00001271,P001271,payment_link,1,2026-06-15 08:18:00,failed,0.0
A00001272,P001272,retry,1,2026-03-10 04:34:00,failed,0.0
A00001273,P001273,payment_link,1,2026-06-27 21:04:00,failed,0.0
A00001274,P001274,message,1,2026-02-06 21:31:00,success,1510.14
A00001275,P001275,retry,1,2026-03-01 09:21:00,failed,0.0
A00001276,P001276,escalate,1,2026-06-21 12:23:00,failed,0.0
A00001277,P001277,message,1,2026-03-23 19:59:00,failed,0.0
A00001278,P001278,payment_link,1,2026-01-14 03:16:00,success,3433.05
A00001279,P001279,stop,1,2026-05-28 17:59:00,failed,0.0
A00001280,P001280,stop,1,2026-03-27 10:34:00,failed,0.0
A00001281,P001281,escalate,1,2026-05-29 11:55:00,success,2196.47
A00001282,P001282,payment_link,1,2026-03-18 17:44:00,success,1441.95
A00001283,P001283,retry,1,2026-06-05 15:14:00,failed,0.0
A00001284,P001284,escalate,1,2026-05-17 03:28:00,failed,0.0
A00001285,P001285,payment_link,1,2026-03-22 00:28:00,success,28911.6
A00001286,P001286,message,1,2026-05-22 00:14:00,failed,0.0
A00001287,P001287,message,1,2026-05-03 13:18:00,failed,0.0
A00001288,P001288,escalate,1,2026-03-03 12:53:00,success,2936.1
A00001289,P001289,message,1,2026-06-18 22:19:00,success,5008.24
A00001290,P001290,escalate,1,2026-02-09 23:19:00,failed,0.0
A00001291,P001291,payment_link,1,2026-06-26 23:21:00,success,16686.03
A00001292,P001292,retry,1,2026-01-07 14:36:00,success,4017.3
A00001293,P001293,escalate,1,2026-06-29 20:14:00,failed,0.0
A00001294,P001294,escalate,1,2026-02-26 02:11:00,failed,0.0
A00001295,P001295,message,1,2026-04-06 05:06:00,failed,0.0
A00001296,P001296,message,1,2026-05-25 07:50:00,success,1617.48
A00001297,P001297,stop,1,2026-03-15 23:27:00,success,6580.57
A00001298,P001298,payment_link,1,2026-04-13 17:30:00,failed,0.0
A00001299,P001299,retry,1,2026-03-08 01:43:00,success,3609.26
A00001300,P001300,escalate,1,2026-03-06 16:39:00,failed,0.0
A00001301,P001301,retry,1,2026-03-16 17:57:00,failed,0.0
A00001302,P001302,escalate,1,2026-03-04 03:18:00,failed,0.0
A00001303,P001303,stop,1,2026-06-11 16:54:00,failed,0.0
A00001304,P001304,retry,1,2026-01-03 03:27:00,success,5693.69
A00001305,P001305,stop,1,2026-04-12 12:28:00,failed,0.0
A00001306,P001306,stop,1,2026-06-15 13:32:00,failed,0.0
A00001307,P001307,message,1,2026-01-05 19:55:00,failed,0.0
A00001308,P001308,stop,1,2026-04-02 14:31:00,failed,0.0
A00001309,P001309,escalate,1,2026-01-13 04:21:00,success,1155.17
A00001310,P001310,escalate,1,2026-06-07 22:15:00,success,2273.66
A00001311,P001311,stop,1,2026-02-25 19:11:00,failed,0.0
A00001312,P001312,escalate,1,2026-05-28 07:09:00,failed,0.0
A00001313,P001313,payment_link,1,2026-05-06 01:24:00,failed,0.0
A00001314,P001314,retry,1,2026-01-16 13:49:00,success,1286.74
A00001315,P001315,message,1,2026-03-28 21:47:00,success,5907.94
A00001316,P001316,payment_link,1,2026-02-14 08:27:00,failed,0.0
A00001317,P001317,payment_link,1,2026-04-18 15:58:00,failed,0.0
A00001318,P001318,retry,1,2026-06-20 05:42:00,failed,0.0
A00001319,P001319,retry,1,2026-05-16 05:44:00,success,14932.97
A00001320,P001320,payment_link,1,2026-02-10 11:14:00,success,5710.93
A00001321,P001321,message,1,2026-06-19 14:37:00,failed,0.0
A00001322,P001322,escalate,1,2026-04-07 05:30:00,failed,0.0
A00001323,P001323,retry,1,2026-01-11 07:04:00,failed,0.0
A00001324,P001324,stop,1,2026-03-02 14:41:00,failed,0.0
A00001325,P001325,stop,1,2026-03-16 04:38:00,failed,0.0
A00001326,P001326,retry,1,2026-02-23 09:53:00,failed,0.0
A00001327,P001327,message,1,2026-05-13 13:18:00,failed,0.0
A00001328,P001328,message,1,2026-01-12 06:54:00,failed,0.0
A00001329,P001329,message,1,2026-02-05 01:55:00,failed,0.0
A00001330,P001330,stop,1,2026-05-01 03:45:00,failed,0.0
A00001331,P001331,escalate,1,2026-02-09 11:27:00,failed,0.0
A00001332,P001332,retry,1,2026-05-23 04:52:00,failed,0.0
A00001333,P001333,stop,1,2026-04-03 22:33:00,failed,0.0
A00001334,P001334,retry,1,2026-06-18 17:23:00,failed,0.0
A00001335,P001335,escalate,1,2026-03-29 23:02:00,failed,0.0
A00001336,P001336,payment_link,1,2026-02-08 04:00:00,failed,0.0
A00001337,P001337,payment_link,1,2026-06-04 07:06:00,failed,0.0
A00001338,P001338,payment_link,1,2026-02-20 20:58:00,failed,0.0
A00001339,P001339,escalate,1,2026-04-23 10:20:00,success,5853.21
A00001340,P001340,message,1,2026-04-14 17:50:00,failed,0.0
A00001341,P001341,retry,1,2026-01-14 07:44:00,failed,0.0
A00001342,P001342,message,1,2026-03-21 05:42:00,success,2169.0
A00001343,P001343,payment_link,1,2026-01-22 10:44:00,success,1561.1
A00001344,P001344,escalate,1,2026-05-05 03:59:00,failed,0.0
A00001345,P001345,message,1,2026-06-03 10:40:00,failed,0.0
A00001346,P001346,payment_link,1,2026-05-21 07:43:00,success,4186.48
A00001347,P001347,retry,1,2026-05-09 08:52:00,failed,0.0
A00001348,P001348,stop,1,2026-04-02 08:14:00,failed,0.0
A00001349,P001349,payment_link,1,2026-05-20 17:00:00,failed,0.0
A00001350,P001350,escalate,1,2026-06-03 18:06:00,success,2231.25
A00001351,P001351,stop,1,2026-03-21 17:55:00,success,792.15
A00001352,P001352,payment_link,1,2026-06-16 07:01:00,failed,0.0
A00001353,P001353,retry,1,2026-05-28 17:38:00,success,29151.91
A00001354,P001354,retry,1,2026-06-28 02:21:00,success,22185.93
A00001355,P001355,escalate,1,2026-05-07 13:42:00,failed,0.0
A00001356,P001356,payment_link,1,2026-02-27 03:55:00,failed,0.0
A00001357,P001357,payment_link,1,2026-05-23 04:52:00,failed,0.0
A00001358,P001358,stop,1,2026-03-24 19:05:00,failed,0.0
A00001359,P001359,retry,1,2026-02-19 19:26:00,success,16427.61
A00001360,P001360,stop,1,2026-06-23 08:31:00,failed,0.0
A00001361,P001361,payment_link,1,2026-04-10 18:53:00,success,7195.61
A00001362,P001362,retry,1,2026-02-27 04:45:00,success,9337.19
A00001363,P001363,escalate,1,2026-01-24 12:16:00,failed,0.0
A00001364,P001364,message,1,2026-03-28 21:25:00,success,3114.16
A00001365,P001365,message,1,2026-02-26 20:27:00,success,3035.71
A00001366,P001366,stop,1,2026-02-16 04:35:00,failed,0.0
A00001367,P001367,retry,1,2026-03-21 09:01:00,success,3966.62
A00001368,P001368,retry,1,2026-06-05 18:40:00,failed,0.0
A00001369,P001369,payment_link,1,2026-04-29 10:33:00,success,1428.25
A00001370,P001370,message,1,2026-02-22 17:20:00,failed,0.0
A00001371,P001371,retry,1,2026-04-06 21:09:00,failed,0.0
A00001372,P001372,stop,1,2026-06-20 22:10:00,failed,0.0
A00001373,P001373,stop,1,2026-01-28 16:26:00,failed,0.0
A00001374,P001374,stop,1,2026-02-25 11:01:00,failed,0.0
A00001375,P001375,retry,1,2026-02-09 20:51:00,failed,0.0
A00001376,P001376,payment_link,1,2026-03-23 02:45:00,failed,0.0
A00001377,P001377,message,1,2026-06-01 08:32:00,failed,0.0
A00001378,P001378,message,1,2026-04-21 05:27:00,success,4080.62
A00001379,P001379,message,1,2026-02-20 19:08:00,failed,0.0
A00001380,P001380,payment_link,1,2026-05-13 08:05:00,success,2124.45
A00001381,P001381,payment_link,1,2026-06-02 02:10:00,success,35547.22
A00001382,P001382,payment_link,1,2026-01-23 08:21:00,success,2364.72
A00001383,P001383,message,1,2026-06-12 19:06:00,failed,0.0
A00001384,P001384,payment_link,1,2026-02-25 22:45:00,success,2735.91
A00001385,P001385,message,1,2026-01-19 06:55:00,failed,0.0
A00001386,P001386,escalate,1,2026-03-05 06:47:00,success,1275.42
A00001387,P001387,retry,1,2026-04-02 14:40:00,failed,0.0
A00001388,P001388,payment_link,1,2026-06-20 00:30:00,failed,0.0
A00001389,P001389,payment_link,1,2026-01-03 05:30:00,failed,0.0
A00001390,P001390,message,1,2026-06-16 15:34:00,success,2848.94
A00001391,P001391,retry,1,2026-02-22 22:26:00,success,5445.84
A00001392,P001392,message,1,2026-06-25 00:09:00,failed,0.0
A00001393,P001393,message,1,2026-03-22 08:06:00,failed,0.0
A00001394,P001394,payment_link,1,2026-04-02 10:31:00,failed,0.0
A00001395,P001395,message,1,2026-06-11 23:20:00,failed,0.0
A00001396,P001396,message,1,2026-01-04 20:52:00,success,711.23
A00001397,P001397,stop,1,2026-06-26 03:39:00,failed,0.0
A00001398,P001398,payment_link,1,2026-01-03 18:03:00,success,1463.48
A00001399,P001399,retry,1,2026-03-27 07:11:00,failed,0.0
A00001400,P001400,retry,1,2026-06-16 09:08:00,success,12757.88
A00001401,P001401,retry,1,2026-06-25 03:38:00,success,8226.36
A00001402,P001402,escalate,1,2026-05-16 11:14:00,success,666.29
A00001403,P001403,stop,1,2026-02-21 15:07:00,failed,0.0
A00001404,P001404,escalate,1,2026-02-16 04:32:00,failed,0.0
A00001405,P001405,stop,1,2026-06-12 10:40:00,failed,0.0
A00001406,P001406,payment_link,1,2026-06-09 08:02:00,success,965.34
A00001407,P001407,retry,1,2026-02-27 16:50:00,success,4523.57
A00001408,P001408,stop,1,2026-05-31 19:37:00,failed,0.0
A00001409,P001409,retry,1,2026-02-15 03:47:00,success,4012.08
A00001410,P001410,stop,1,2026-02-17 10:17:00,failed,0.0
A00001411,P001411,payment_link,1,2026-03-31 14:07:00,failed,0.0
A00001412,P001412,escalate,1,2026-02-14 07:16:00,success,2500.54
A00001413,P001413,payment_link,1,2026-01-26 16:35:00,failed,0.0
A00001414,P001414,message,1,2026-04-29 19:57:00,success,3873.63
A00001415,P001415,message,1,2026-03-27 23:25:00,failed,0.0
A00001416,P001416,escalate,1,2026-06-16 20:43:00,failed,0.0
A00001417,P001417,escalate,1,2026-04-21 03:02:00,failed,0.0
A00001418,P001418,escalate,1,2026-02-20 08:14:00,success,2398.58
A00001419,P001419,payment_link,1,2026-01-10 07:37:00,success,1352.06
A00001420,P001420,retry,1,2026-02-14 12:14:00,failed,0.0
A00001421,P001421,retry,1,2026-05-11 19:06:00,failed,0.0
A00001422,P001422,stop,1,2026-02-09 18:20:00,failed,0.0
A00001423,P001423,escalate,1,2026-03-30 02:52:00,failed,0.0
A00001424,P001424,payment_link,1,2026-01-10 02:13:00,success,5170.08
A00001425,P001425,retry,1,2026-05-27 07:30:00,success,6560.02
A00001426,P001426,message,1,2026-01-09 15:30:00,failed,0.0
A00001427,P001427,escalate,1,2026-01-29 13:47:00,failed,0.0
A00001428,P001428,message,1,2026-03-07 13:27:00,failed,0.0
A00001429,P001429,message,1,2026-05-16 22:58:00,success,1232.13
A00001430,P001430,stop,1,2026-05-30 10:39:00,failed,0.0
A00001431,P001431,payment_link,1,2026-06-13 21:15:00,success,4761.35
A00001432,P001432,retry,1,2026-01-27 07:21:00,failed,0.0
A00001433,P001433,stop,1,2026-04-28 21:33:00,failed,0.0
A00001434,P001434,message,1,2026-01-17 18:57:00,success,5245.99
A00001435,P001435,message,1,2026-06-10 10:24:00,failed,0.0
A00001436,P001436,escalate,1,2026-06-09 21:54:00,failed,0.0
A00001437,P001437,escalate,1,2026-06-24 17:49:00,failed,0.0
A00001438,P001438,payment_link,1,2026-03-24 02:15:00,success,1692.32
A00001439,P001439,retry,1,2026-05-30 15:45:00,failed,0.0
A00001440,P001440,payment_link,1,2026-02-01 01:20:00,failed,0.0
A00001441,P001441,stop,1,2026-06-13 15:35:00,success,8104.42
A00001442,P001442,escalate,1,2026-03-25 02:20:00,success,3422.78
A00001443,P001443,payment_link,1,2026-04-21 13:21:00,failed,0.0
A00001444,P001444,message,1,2026-01-22 09:38:00,success,5419.78
A00001445,P001445,retry,1,2026-06-04 15:17:00,success,2395.99
A00001446,P001446,stop,1,2026-04-01 00:07:00,failed,0.0
A00001447,P001447,payment_link,1,2026-01-26 04:27:00,failed,0.0
A00001448,P001448,message,1,2026-04-30 15:58:00,failed,0.0
A00001449,P001449,escalate,1,2026-01-23 13:20:00,success,2432.83
A00001450,P001450,stop,1,2026-06-06 14:26:00,failed,0.0
A00001451,P001451,stop,1,2026-03-03 06:09:00,failed,0.0
A00001452,P001452,escalate,1,2026-05-15 21:37:00,failed,0.0
A00001453,P001453,payment_link,1,2026-01-25 14:47:00,success,3176.48
A00001454,P001454,payment_link,1,2026-02-18 11:23:00,success,3298.53
A00001455,P001455,escalate,1,2026-04-16 00:27:00,failed,0.0
A00001456,P001456,retry,1,2026-03-24 19:28:00,failed,0.0
A00001457,P001457,stop,1,2026-06-06 06:33:00,failed,0.0
A00001458,P001458,escalate,1,2026-05-12 11:41:00,failed,0.0
A00001459,P001459,escalate,1,2026-01-06 20:12:00,success,3818.79
A00001460,P001460,retry,1,2026-05-13 10:35:00,failed,0.0
A00001461,P001461,message,1,2026-01-11 00:04:00,success,1685.01
A00001462,P001462,message,1,2026-04-18 19:54:00,failed,0.0
A00001463,P001463,payment_link,1,2026-05-14 16:08:00,success,3034.84
A00001464,P001464,stop,1,2026-02-27 09:15:00,failed,0.0
A00001465,P001465,retry,1,2026-03-15 05:35:00,failed,0.0
A00001466,P001466,stop,1,2026-01-05 01:24:00,failed,0.0
A00001467,P001467,payment_link,1,2026-05-24 06:20:00,failed,0.0
A00001468,P001468,message,1,2026-03-24 05:58:00,failed,0.0
A00001469,P001469,retry,1,2026-06-29 08:33:00,failed,0.0
A00001470,P001470,message,1,2026-05-04 06:34:00,success,5626.37
A00001471,P001471,retry,1,2026-02-25 15:50:00,failed,0.0
A00001472,P001472,message,1,2026-06-12 02:49:00,failed,0.0
A00001473,P001473,stop,1,2026-05-21 08:17:00,failed,0.0
A00001474,P001474,message,1,2026-04-30 16:36:00,success,2152.2
A00001475,P001475,stop,1,2026-01-17 12:15:00,success,19831.4
A00001476,P001476,stop,1,2026-03-21 02:36:00,failed,0.0
A00001477,P001477,escalate,1,2026-05-27 12:29:00,failed,0.0
A00001478,P001478,retry,1,2026-01-24 03:19:00,success,2703.6
A00001479,P001479,retry,1,2026-01-20 20:59:00,failed,0.0
A00001480,P001480,stop,1,2026-05-28 12:50:00,failed,0.0
A00001481,P001481,payment_link,1,2026-03-31 13:20:00,success,3920.05
A00001482,P001482,stop,1,2026-04-19 12:40:00,failed,0.0
A00001483,P001483,escalate,1,2026-03-10 23:18:00,failed,0.0
A00001484,P001484,payment_link,1,2026-01-04 03:09:00,failed,0.0
A00001485,P001485,stop,1,2026-02-24 10:26:00,failed,0.0
A00001486,P001486,escalate,1,2026-05-10 21:19:00,success,10097.63
A00001487,P001487,retry,1,2026-03-13 09:44:00,failed,0.0
A00001488,P001488,message,1,2026-05-04 22:56:00,success,4748.94
A00001489,P001489,retry,1,2026-01-16 05:21:00,failed,0.0
A00001490,P001490,payment_link,1,2026-06-02 22:07:00,success,2454.74
A00001491,P001491,stop,1,2026-03-23 15:48:00,failed,0.0
A00001492,P001492,message,1,2026-03-26 06:53:00,failed,0.0
A00001493,P001493,retry,1,2026-04-13 12:22:00,failed,0.0
A00001494,P001494,payment_link,1,2026-06-27 19:24:00,failed,0.0
A00001495,P001495,stop,1,2026-04-21 13:48:00,failed,0.0
A00001496,P001496,message,1,2026-04-16 21:53:00,success,4745.57
A00001497,P001497,escalate,1,2026-02-15 21:30:00,failed,0.0
A00001498,P001498,payment_link,1,2026-04-20 05:41:00,success,2240.33
A00001499,P001499,stop,1,2026-06-10 23:25:00,failed,0.0
A00001500,P001500,message,1,2026-01-05 10:03:00,failed,0.0
A00001501,P001501,stop,1,2026-05-23 01:14:00,failed,0.0
A00001502,P001502,retry,1,2026-04-19 03:19:00,failed,0.0
A00001503,P001503,stop,1,2026-04-12 11:17:00,failed,0.0
A00001504,P001504,payment_link,1,2026-01-11 16:30:00,failed,0.0
A00001505,P001505,stop,1,2026-02-18 07:36:00,failed,0.0
A00001506,P001506,message,1,2026-01-12 02:37:00,failed,0.0
A00001507,P001507,escalate,1,2026-06-02 20:38:00,failed,0.0
A00001508,P001508,payment_link,1,2026-06-15 17:12:00,success,1067.47
A00001509,P001509,retry,1,2026-03-13 16:08:00,failed,0.0
A00001510,P001510,retry,1,2026-06-24 04:13:00,failed,0.0
A00001511,P001511,payment_link,1,2026-04-28 17:15:00,success,1211.92
A00001512,P001512,message,1,2026-06-04 01:48:00,success,4940.05
A00001513,P001513,retry,1,2026-05-25 08:52:00,success,3937.01
A00001514,P001514,escalate,1,2026-03-04 04:18:00,success,4239.28
A00001515,P001515,retry,1,2026-05-25 22:07:00,success,1656.77
A00001516,P001516,escalate,1,2026-05-01 18:53:00,failed,0.0
A00001517,P001517,payment_link,1,2026-06-28 18:36:00,success,2852.27
A00001518,P001518,payment_link,1,2026-05-12 23:25:00,failed,0.0
A00001519,P001519,message,1,2026-02-18 18:13:00,failed,0.0
A00001520,P001520,stop,1,2026-05-04 15:23:00,failed,0.0
A00001521,P001521,message,1,2026-02-24 16:26:00,success,26767.32
A00001522,P001522,stop,1,2026-04-25 04:37:00,failed,0.0
A00001523,P001523,message,1,2026-05-02 18:52:00,success,2723.74
A00001524,P001524,payment_link,1,2026-05-18 17:52:00,failed,0.0
A00001525,P001525,escalate,1,2026-05-03 19:08:00,success,2658.04
A00001526,P001526,stop,1,2026-02-08 10:37:00,failed,0.0
A00001527,P001527,message,1,2026-01-17 22:43:00,success,3357.35
A00001528,P001528,escalate,1,2026-02-16 14:08:00,failed,0.0
A00001529,P001529,escalate,1,2026-06-01 03:49:00,failed,0.0
A00001530,P001530,retry,1,2026-03-01 04:48:00,success,3080.85
A00001531,P001531,payment_link,1,2026-02-27 03:47:00,success,1627.03
A00001532,P001532,payment_link,1,2026-06-07 21:13:00,failed,0.0
A00001533,P001533,stop,1,2026-02-24 21:23:00,failed,0.0
A00001534,P001534,payment_link,1,2026-03-06 15:02:00,success,4509.85
A00001535,P001535,payment_link,1,2026-01-03 15:35:00,failed,0.0
A00001536,P001536,retry,1,2026-03-24 22:57:00,success,7363.62
A00001537,P001537,payment_link,1,2026-01-16 01:06:00,failed,0.0
A00001538,P001538,payment_link,1,2026-06-17 15:51:00,failed,0.0
A00001539,P001539,retry,1,2026-04-02 16:30:00,failed,0.0
A00001540,P001540,escalate,1,2026-06-15 12:32:00,failed,0.0
A00001541,P001541,retry,1,2026-04-28 04:50:00,success,1825.13
A00001542,P001542,message,1,2026-02-05 13:18:00,failed,0.0
A00001543,P001543,retry,1,2026-02-27 17:44:00,success,3656.56
A00001544,P001544,retry,1,2026-04-08 20:14:00,success,2467.43
A00001545,P001545,escalate,1,2026-04-15 10:47:00,failed,0.0
A00001546,P001546,stop,1,2026-02-08 15:12:00,failed,0.0
A00001547,P001547,escalate,1,2026-02-03 02:21:00,success,5305.84
A00001548,P001548,retry,1,2026-03-21 04:16:00,success,3043.03
A00001549,P001549,retry,1,2026-02-08 22:13:00,failed,0.0
A00001550,P001550,retry,1,2026-06-24 02:00:00,success,2364.44
A00001551,P001551,retry,1,2026-05-27 12:18:00,success,1643.37
A00001552,P001552,payment_link,1,2026-05-22 02:52:00,failed,0.0
A00001553,P001553,stop,1,2026-04-11 00:53:00,failed,0.0
A00001554,P001554,payment_link,1,2026-06-06 00:42:00,failed,0.0
A00001555,P001555,escalate,1,2026-05-03 14:42:00,success,4169.93
A00001556,P001556,payment_link,1,2026-01-03 04:05:00,success,3038.69
A00001557,P001557,message,1,2026-04-26 19:20:00,failed,0.0
A00001558,P001558,payment_link,1,2026-02-05 15:10:00,success,1022.82
A00001559,P001559,escalate,1,2026-04-30 07:13:00,success,927.57
A00001560,P001560,message,1,2026-03-27 06:56:00,success,2773.05
A00001561,P001561,retry,1,2026-05-20 19:46:00,failed,0.0
A00001562,P001562,escalate,1,2026-04-19 12:51:00,failed,0.0
A00001563,P001563,retry,1,2026-02-28 05:06:00,success,840.5
A00001564,P001564,retry,1,2026-05-27 21:27:00,success,1054.63
A00001565,P001565,message,1,2026-04-22 15:50:00,success,905.6
A00001566,P001566,message,1,2026-04-15 04:40:00,failed,0.0
A00001567,P001567,message,1,2026-06-06 08:47:00,failed,0.0
A00001568,P001568,payment_link,1,2026-05-27 04:54:00,success,9021.43
A00001569,P001569,stop,1,2026-06-16 21:36:00,failed,0.0
A00001570,P001570,payment_link,1,2026-05-25 17:16:00,failed,0.0
A00001571,P001571,escalate,1,2026-02-18 01:46:00,failed,0.0
A00001572,P001572,retry,1,2026-05-11 02:52:00,failed,0.0
A00001573,P001573,stop,1,2026-02-13 03:16:00,failed,0.0
A00001574,P001574,stop,1,2026-06-17 04:44:00,failed,0.0
A00001575,P001575,payment_link,1,2026-01-05 21:10:00,success,6342.19
A00001576,P001576,escalate,1,2026-01-16 16:05:00,success,3344.7
A00001577,P001577,payment_link,1,2026-03-09 19:12:00,failed,0.0
A00001578,P001578,payment_link,1,2026-04-04 10:15:00,failed,0.0
A00001579,P001579,escalate,1,2026-05-15 08:14:00,failed,0.0
A00001580,P001580,escalate,1,2026-06-22 23:52:00,failed,0.0
A00001581,P001581,message,1,2026-03-03 09:25:00,success,1471.76
A00001582,P001582,stop,1,2026-04-08 20:25:00,failed,0.0
A00001583,P001583,payment_link,1,2026-03-13 21:20:00,success,11547.49
A00001584,P001584,retry,1,2026-05-11 23:09:00,failed,0.0
A00001585,P001585,message,1,2026-03-05 16:51:00,failed,0.0
A00001586,P001586,message,1,2026-03-08 10:58:00,success,20307.28
A00001587,P001587,stop,1,2026-02-20 12:51:00,failed,0.0
A00001588,P001588,message,1,2026-04-15 22:08:00,failed,0.0
A00001589,P001589,retry,1,2026-02-07 12:47:00,success,4315.35
A00001590,P001590,stop,1,2026-03-11 18:27:00,failed,0.0
A00001591,P001591,message,1,2026-06-10 15:49:00,success,1756.17
A00001592,P001592,retry,1,2026-01-08 13:19:00,failed,0.0
A00001593,P001593,stop,1,2026-01-18 18:17:00,failed,0.0
A00001594,P001594,stop,1,2026-06-05 19:30:00,failed,0.0
A00001595,P001595,stop,1,2026-04-16 17:17:00,failed,0.0
A00001596,P001596,message,1,2026-06-24 09:00:00,failed,0.0
A00001597,P001597,retry,1,2026-01-31 13:11:00,success,29534.88
A00001598,P001598,stop,1,2026-04-28 18:25:00,failed,0.0
A00001599,P001599,retry,1,2026-05-13 05:32:00,success,381.15
A00001600,P001600,retry,1,2026-02-08 13:08:00,failed,0.0
A00001601,P001601,escalate,1,2026-06-18 20:40:00,failed,0.0
A00001602,P001602,message,1,2026-05-22 06:48:00,failed,0.0
A00001603,P001603,stop,1,2026-02-20 12:21:00,failed,0.0
A00001604,P001604,stop,1,2026-04-08 04:08:00,failed,0.0
A00001605,P001605,escalate,1,2026-06-12 22:18:00,failed,0.0
A00001606,P001606,retry,1,2026-03-06 14:09:00,success,2799.19
A00001607,P001607,message,1,2026-04-18 11:48:00,failed,0.0
A00001608,P001608,escalate,1,2026-02-07 10:57:00,failed,0.0
A00001609,P001609,escalate,1,2026-03-01 11:33:00,failed,0.0
A00001610,P001610,message,1,2026-06-13 21:16:00,failed,0.0
A00001611,P001611,stop,1,2026-06-08 04:12:00,failed,0.0
A00001612,P001612,payment_link,1,2026-06-12 23:20:00,failed,0.0
A00001613,P001613,retry,1,2026-01-17 00:30:00,failed,0.0
A00001614,P001614,stop,1,2026-01-18 07:57:00,failed,0.0
A00001615,P001615,stop,1,2026-05-04 18:19:00,success,4499.02
A00001616,P001616,payment_link,1,2026-05-12 17:01:00,success,723.61
A00001617,P001617,stop,1,2026-05-12 14:05:00,success,3851.02
A00001618,P001618,stop,1,2026-03-29 09:49:00,failed,0.0
A00001619,P001619,retry,1,2026-02-12 12:58:00,success,5921.13
A00001620,P001620,message,1,2026-06-08 06:58:00,success,1969.94
A00001621,P001621,stop,1,2026-03-12 07:47:00,failed,0.0
A00001622,P001622,payment_link,1,2026-01-29 17:30:00,failed,0.0
A00001623,P001623,stop,1,2026-01-10 10:31:00,failed,0.0
A00001624,P001624,payment_link,1,2026-02-05 03:17:00,success,4928.63
A00001625,P001625,payment_link,1,2026-03-10 15:55:00,success,2162.68
A00001626,P001626,payment_link,1,2026-02-09 03:13:00,failed,0.0
A00001627,P001627,message,1,2026-01-23 09:42:00,success,4893.97
A00001628,P001628,message,1,2026-01-15 07:02:00,success,693.46
A00001629,P001629,stop,1,2026-06-08 15:36:00,failed,0.0
A00001630,P001630,payment_link,1,2026-03-10 18:48:00,failed,0.0
A00001631,P001631,stop,1,2026-05-07 22:53:00,failed,0.0
A00001632,P001632,escalate,1,2026-01-24 01:23:00,failed,0.0
A00001633,P001633,message,1,2026-04-24 21:50:00,success,1440.66
A00001634,P001634,stop,1,2026-05-30 00:01:00,failed,0.0
A00001635,P001635,stop,1,2026-05-30 17:42:00,failed,0.0
A00001636,P001636,stop,1,2026-02-17 09:31:00,failed,0.0
A00001637,P001637,retry,1,2026-06-09 18:08:00,success,12202.19
A00001638,P001638,escalate,1,2026-03-08 07:32:00,failed,0.0
A00001639,P001639,message,1,2026-03-25 14:14:00,failed,0.0
A00001640,P001640,retry,1,2026-03-20 22:48:00,success,3833.83
A00001641,P001641,retry,1,2026-05-01 09:07:00,failed,0.0
A00001642,P001642,retry,1,2026-06-06 09:46:00,failed,0.0
A00001643,P001643,stop,1,2026-04-05 00:05:00,failed,0.0
A00001644,P001644,stop,1,2026-04-19 08:14:00,failed,0.0
A00001645,P001645,retry,1,2026-06-19 11:14:00,failed,0.0
A00001646,P001646,stop,1,2026-05-26 04:07:00,failed,0.0
A00001647,P001647,escalate,1,2026-02-25 21:02:00,success,7196.79
A00001648,P001648,escalate,1,2026-01-28 03:21:00,success,16195.83
A00001649,P001649,stop,1,2026-01-09 09:10:00,failed,0.0
A00001650,P001650,payment_link,1,2026-03-18 01:01:00,failed,0.0
A00001651,P001651,message,1,2026-03-04 18:10:00,failed,0.0
A00001652,P001652,retry,1,2026-01-06 17:04:00,failed,0.0
A00001653,P001653,message,1,2026-01-06 19:56:00,success,5961.88
A00001654,P001654,stop,1,2026-03-26 02:58:00,failed,0.0
A00001655,P001655,payment_link,1,2026-05-15 14:16:00,success,6358.61
A00001656,P001656,stop,1,2026-04-19 06:31:00,failed,0.0
A00001657,P001657,escalate,1,2026-02-05 13:51:00,failed,0.0
A00001658,P001658,payment_link,1,2026-04-05 22:42:00,success,2744.93
A00001659,P001659,retry,1,2026-01-12 04:20:00,success,6770.42
A00001660,P001660,escalate,1,2026-01-30 03:56:00,failed,0.0
A00001661,P001661,message,1,2026-04-02 02:10:00,success,3472.52
A00001662,P001662,message,1,2026-04-30 10:34:00,success,973.04
A00001663,P001663,payment_link,1,2026-06-04 20:05:00,failed,0.0
A00001664,P001664,escalate,1,2026-02-11 00:00:00,failed,0.0
A00001665,P001665,retry,1,2026-03-02 09:41:00,success,2969.23
A00001666,P001666,message,1,2026-04-03 13:16:00,success,3757.58
A00001667,P001667,payment_link,1,2026-02-27 00:04:00,success,7339.78
A00001668,P001668,retry,1,2026-01-04 21:35:00,success,1613.69
A00001669,P001669,escalate,1,2026-04-13 11:00:00,failed,0.0
A00001670,P001670,escalate,1,2026-02-01 12:46:00,failed,0.0
A00001671,P001671,message,1,2026-03-19 03:07:00,failed,0.0
A00001672,P001672,payment_link,1,2026-05-28 16:36:00,failed,0.0
A00001673,P001673,stop,1,2026-06-04 23:56:00,failed,0.0
A00001674,P001674,stop,1,2026-01-02 10:55:00,failed,0.0
A00001675,P001675,payment_link,1,2026-03-20 03:19:00,failed,0.0
A00001676,P001676,stop,1,2026-03-06 00:13:00,failed,0.0
A00001677,P001677,payment_link,1,2026-01-29 18:30:00,success,841.94
A00001678,P001678,escalate,1,2026-03-08 11:35:00,success,7636.39
A00001679,P001679,payment_link,1,2026-02-12 18:09:00,failed,0.0
A00001680,P001680,message,1,2026-01-18 15:21:00,failed,0.0
A00001681,P001681,payment_link,1,2026-03-11 05:58:00,failed,0.0
A00001682,P001682,stop,1,2026-04-18 04:22:00,failed,0.0
A00001683,P001683,payment_link,1,2026-03-12 11:50:00,success,3093.8
A00001684,P001684,message,1,2026-04-11 19:43:00,failed,0.0
A00001685,P001685,payment_link,1,2026-02-08 12:54:00,failed,0.0
A00001686,P001686,escalate,1,2026-02-26 16:41:00,success,4463.27
A00001687,P001687,escalate,1,2026-02-05 21:54:00,failed,0.0
A00001688,P001688,stop,1,2026-03-09 05:14:00,failed,0.0
A00001689,P001689,retry,1,2026-06-07 09:08:00,success,3938.23
A00001690,P001690,escalate,1,2026-05-06 22:52:00,failed,0.0
A00001691,P001691,stop,1,2026-05-17 09:27:00,failed,0.0
A00001692,P001692,payment_link,1,2026-05-03 05:11:00,failed,0.0
A00001693,P001693,stop,1,2026-01-02 09:25:00,failed,0.0
A00001694,P001694,retry,1,2026-03-17 05:42:00,failed,0.0
A00001695,P001695,payment_link,1,2026-04-20 15:20:00,success,2051.38
A00001696,P001696,stop,1,2026-05-24 19:15:00,failed,0.0
A00001697,P001697,stop,1,2026-06-01 04:32:00,failed,0.0
A00001698,P001698,stop,1,2026-06-14 07:42:00,failed,0.0
A00001699,P001699,retry,1,2026-02-25 04:01:00,success,7572.22
A00001700,P001700,message,1,2026-03-15 22:07:00,failed,0.0
A00001701,P001701,stop,1,2026-03-22 14:08:00,failed,0.0
A00001702,P001702,stop,1,2026-05-03 09:35:00,failed,0.0
A00001703,P001703,stop,1,2026-06-14 08:39:00,failed,0.0
A00001704,P001704,message,1,2026-05-17 21:56:00,success,1111.07
A00001705,P001705,escalate,1,2026-05-21 20:36:00,failed,0.0
A00001706,P001706,payment_link,1,2026-06-13 20:35:00,success,2983.2
A00001707,P001707,retry,1,2026-06-01 12:30:00,failed,0.0
A00001708,P001708,escalate,1,2026-02-08 08:26:00,success,5803.81
A00001709,P001709,stop,1,2026-05-12 11:56:00,failed,0.0
A00001710,P001710,message,1,2026-03-19 04:34:00,success,2555.3
A00001711,P001711,stop,1,2026-05-26 13:09:00,failed,0.0
A00001712,P001712,stop,1,2026-03-19 08:02:00,failed,0.0
A00001713,P001713,message,1,2026-03-02 04:01:00,success,19336.7
A00001714,P001714,retry,1,2026-03-25 06:09:00,failed,0.0
A00001715,P001715,retry,1,2026-02-15 20:43:00,failed,0.0
A00001716,P001716,escalate,1,2026-06-25 09:54:00,failed,0.0
A00001717,P001717,stop,1,2026-02-26 21:25:00,failed,0.0
A00001718,P001718,message,1,2026-05-12 20:50:00,failed,0.0
A00001719,P001719,stop,1,2026-05-13 09:57:00,failed,0.0
A00001720,P001720,retry,1,2026-02-01 04:47:00,success,1724.3
A00001721,P001721,stop,1,2026-03-30 16:27:00,failed,0.0
A00001722,P001722,message,1,2026-05-15 22:00:00,failed,0.0
A00001723,P001723,retry,1,2026-05-01 20:04:00,failed,0.0
A00001724,P001724,stop,1,2026-05-23 07:07:00,failed,0.0
A00001725,P001725,escalate,1,2026-06-09 22:27:00,failed,0.0
A00001726,P001726,escalate,1,2026-03-18 21:46:00,success,975.73
A00001727,P001727,payment_link,1,2026-04-25 06:55:00,failed,0.0
A00001728,P001728,retry,1,2026-02-14 10:10:00,success,1259.93
A00001729,P001729,message,1,2026-01-19 14:50:00,failed,0.0
A00001730,P001730,escalate,1,2026-06-09 04:16:00,failed,0.0
A00001731,P001731,message,1,2026-05-07 06:49:00,failed,0.0
A00001732,P001732,stop,1,2026-01-03 22:44:00,failed,0.0
A00001733,P001733,escalate,1,2026-01-19 12:58:00,failed,0.0
A00001734,P001734,message,1,2026-04-21 05:06:00,failed,0.0
A00001735,P001735,stop,1,2026-01-21 23:14:00,failed,0.0
A00001736,P001736,stop,1,2026-04-03 02:46:00,failed,0.0
A00001737,P001737,payment_link,1,2026-06-05 14:45:00,failed,0.0
A00001738,P001738,escalate,1,2026-03-30 17:50:00,success,6211.4
A00001739,P001739,message,1,2026-02-11 22:51:00,failed,0.0
A00001740,P001740,message,1,2026-05-21 10:23:00,failed,0.0
A00001741,P001741,escalate,1,2026-02-05 12:27:00,failed,0.0
A00001742,P001742,retry,1,2026-02-04 13:44:00,success,1883.45
A00001743,P001743,payment_link,1,2026-04-15 02:16:00,failed,0.0
A00001744,P001744,stop,1,2026-01-21 21:27:00,failed,0.0
A00001745,P001745,message,1,2026-06-27 21:00:00,failed,0.0
A00001746,P001746,retry,1,2026-06-24 00:09:00,success,6035.73
A00001747,P001747,stop,1,2026-04-15 02:38:00,failed,0.0
A00001748,P001748,message,1,2026-05-26 19:33:00,failed,0.0
A00001749,P001749,message,1,2026-01-04 23:18:00,failed,0.0
A00001750,P001750,escalate,1,2026-03-19 17:03:00,failed,0.0
A00001751,P001751,retry,1,2026-01-26 07:14:00,failed,0.0
A00001752,P001752,message,1,2026-03-20 10:46:00,failed,0.0
A00001753,P001753,stop,1,2026-02-03 10:30:00,failed,0.0
A00001754,P001754,message,1,2026-02-13 17:58:00,success,4273.14
A00001755,P001755,retry,1,2026-06-06 23:52:00,success,13798.28
A00001756,P001756,escalate,1,2026-01-15 00:58:00,failed,0.0
A00001757,P001757,message,1,2026-05-27 19:05:00,success,2205.84
A00001758,P001758,message,1,2026-01-08 05:04:00,success,1303.33
A00001759,P001759,stop,1,2026-04-10 06:05:00,success,2275.35
A00001760,P001760,retry,1,2026-02-06 14:54:00,failed,0.0
A00001761,P001761,payment_link,1,2026-02-28 14:04:00,success,1447.07
A00001762,P001762,escalate,1,2026-06-27 09:52:00,failed,0.0
A00001763,P001763,stop,1,2026-03-22 01:52:00,success,13354.7
A00001764,P001764,stop,1,2026-01-01 04:35:00,failed,0.0
A00001765,P001765,payment_link,1,2026-05-20 16:55:00,failed,0.0
A00001766,P001766,message,1,2026-03-11 10:50:00,success,6272.84
A00001767,P001767,stop,1,2026-02-28 21:01:00,failed,0.0
A00001768,P001768,payment_link,1,2026-03-16 06:15:00,failed,0.0
A00001769,P001769,escalate,1,2026-05-27 23:55:00,failed,0.0
A00001770,P001770,payment_link,1,2026-06-06 08:48:00,failed,0.0
A00001771,P001771,retry,1,2026-01-19 08:11:00,success,3360.71
A00001772,P001772,payment_link,1,2026-03-03 00:12:00,failed,0.0
A00001773,P001773,escalate,1,2026-02-20 20:30:00,failed,0.0
A00001774,P001774,stop,1,2026-06-24 07:14:00,failed,0.0
A00001775,P001775,escalate,1,2026-02-15 06:42:00,success,1283.28
A00001776,P001776,payment_link,1,2026-06-29 11:52:00,success,6286.82
A00001777,P001777,payment_link,1,2026-05-06 22:13:00,success,1653.68
A00001778,P001778,message,1,2026-06-09 12:58:00,failed,0.0
A00001779,P001779,message,1,2026-01-13 12:06:00,failed,0.0
A00001780,P001780,retry,1,2026-02-18 00:58:00,success,7330.79
A00001781,P001781,stop,1,2026-04-16 11:46:00,failed,0.0
A00001782,P001782,payment_link,1,2026-04-01 13:15:00,success,643.67
A00001783,P001783,stop,1,2026-01-29 01:18:00,failed,0.0
A00001784,P001784,escalate,1,2026-01-10 03:00:00,failed,0.0
A00001785,P001785,stop,1,2026-02-27 16:41:00,failed,0.0
A00001786,P001786,stop,1,2026-06-08 00:05:00,failed,0.0
A00001787,P001787,stop,1,2026-04-25 06:34:00,failed,0.0
A00001788,P001788,retry,1,2026-02-02 05:37:00,failed,0.0
A00001789,P001789,message,1,2026-01-25 23:08:00,failed,0.0
A00001790,P001790,retry,1,2026-05-20 08:57:00,success,2501.4
A00001791,P001791,escalate,1,2026-01-15 17:29:00,success,1034.28
A00001792,P001792,stop,1,2026-03-12 14:06:00,success,2634.29
A00001793,P001793,message,1,2026-06-21 09:06:00,failed,0.0
A00001794,P001794,payment_link,1,2026-01-18 14:12:00,failed,0.0
A00001795,P001795,message,1,2026-06-13 20:01:00,success,4585.33
A00001796,P001796,stop,1,2026-02-15 04:56:00,failed,0.0
A00001797,P001797,payment_link,1,2026-04-27 19:48:00,success,3325.87
A00001798,P001798,escalate,1,2026-04-24 21:16:00,success,9113.2
A00001799,P001799,message,1,2026-06-10 14:27:00,failed,0.0
A00001800,P001800,message,1,2026-01-16 04:40:00,success,5704.15
A00001801,P001801,message,1,2026-04-11 06:47:00,success,1741.57
A00001802,P001802,retry,1,2026-02-22 09:32:00,success,3156.98
A00001803,P001803,retry,1,2026-03-20 11:11:00,failed,0.0
A00001804,P001804,retry,1,2026-03-19 09:30:00,success,2599.1
A00001805,P001805,stop,1,2026-03-17 16:24:00,failed,0.0
A00001806,P001806,message,1,2026-03-07 12:26:00,success,4338.93
A00001807,P001807,payment_link,1,2026-05-26 03:47:00,failed,0.0
A00001808,P001808,payment_link,1,2026-06-04 21:59:00,success,3201.98
A00001809,P001809,payment_link,1,2026-04-22 21:58:00,success,6375.08
A00001810,P001810,message,1,2026-03-12 06:35:00,failed,0.0
A00001811,P001811,retry,1,2026-06-18 18:30:00,success,2464.16
A00001812,P001812,message,1,2026-04-13 05:45:00,failed,0.0
A00001813,P001813,escalate,1,2026-06-06 03:16:00,success,2536.82
A00001814,P001814,payment_link,1,2026-06-12 04:21:00,failed,0.0
A00001815,P001815,escalate,1,2026-01-09 00:16:00,failed,0.0
A00001816,P001816,retry,1,2026-06-10 15:40:00,failed,0.0
A00001817,P001817,payment_link,1,2026-06-04 00:10:00,failed,0.0
A00001818,P001818,message,1,2026-04-16 17:25:00,failed,0.0
A00001819,P001819,payment_link,1,2026-01-11 13:36:00,success,2503.8
A00001820,P001820,stop,1,2026-05-17 03:16:00,failed,0.0
A00001821,P001821,message,1,2026-02-06 01:23:00,success,5876.59
A00001822,P001822,retry,1,2026-01-06 06:26:00,failed,0.0
A00001823,P001823,retry,1,2026-01-21 00:35:00,failed,0.0
A00001824,P001824,message,1,2026-04-18 20:37:00,success,12259.1
A00001825,P001825,stop,1,2026-01-27 01:50:00,failed,0.0
A00001826,P001826,payment_link,1,2026-05-25 01:23:00,failed,0.0
A00001827,P001827,retry,1,2026-02-15 12:16:00,success,3670.08
A00001828,P001828,retry,1,2026-05-27 15:27:00,failed,0.0
A00001829,P001829,stop,1,2026-03-15 15:03:00,failed,0.0
A00001830,P001830,stop,1,2026-06-01 18:22:00,failed,0.0
A00001831,P001831,escalate,1,2026-02-07 04:27:00,failed,0.0
A00001832,P001832,escalate,1,2026-05-10 12:20:00,success,31343.56
A00001833,P001833,retry,1,2026-05-14 21:02:00,success,1310.37
A00001834,P001834,stop,1,2026-06-12 10:18:00,failed,0.0
A00001835,P001835,escalate,1,2026-06-14 04:10:00,success,6263.73
A00001836,P001836,retry,1,2026-05-09 09:06:00,failed,0.0
A00001837,P001837,stop,1,2026-02-18 01:50:00,success,2046.66
A00001838,P001838,escalate,1,2026-04-18 04:35:00,failed,0.0
A00001839,P001839,message,1,2026-03-05 02:14:00,failed,0.0
A00001840,P001840,escalate,1,2026-06-10 07:18:00,success,3505.6
A00001841,P001841,payment_link,1,2026-05-05 03:19:00,success,13973.17
A00001842,P001842,retry,1,2026-06-09 01:46:00,failed,0.0
A00001843,P001843,payment_link,1,2026-06-23 02:26:00,failed,0.0
A00001844,P001844,retry,1,2026-05-25 22:40:00,failed,0.0
A00001845,P001845,retry,1,2026-05-05 05:48:00,failed,0.0
A00001846,P001846,escalate,1,2026-03-06 21:37:00,failed,0.0
A00001847,P001847,payment_link,1,2026-06-13 19:34:00,success,5204.17
A00001848,P001848,stop,1,2026-06-15 09:03:00,failed,0.0
A00001849,P001849,stop,1,2026-04-17 20:37:00,success,6607.49
A00001850,P001850,stop,1,2026-06-02 10:27:00,failed,0.0
A00001851,P001851,payment_link,1,2026-04-13 11:57:00,failed,0.0
A00001852,P001852,escalate,1,2026-05-30 22:47:00,failed,0.0
A00001853,P001853,message,1,2026-03-03 18:23:00,success,5306.05
A00001854,P001854,retry,1,2026-02-14 08:58:00,failed,0.0
A00001855,P001855,payment_link,1,2026-04-01 11:45:00,failed,0.0
A00001856,P001856,escalate,1,2026-05-12 07:45:00,failed,0.0
A00001857,P001857,stop,1,2026-06-26 22:53:00,failed,0.0
A00001858,P001858,escalate,1,2026-01-17 16:58:00,failed,0.0
A00001859,P001859,stop,1,2026-04-29 08:45:00,failed,0.0
A00001860,P001860,stop,1,2026-03-23 00:24:00,failed,0.0
A00001861,P001861,escalate,1,2026-04-26 09:50:00,success,3724.87
A00001862,P001862,message,1,2026-03-18 04:05:00,success,3782.29
A00001863,P001863,escalate,1,2026-06-28 22:49:00,success,2621.58
A00001864,P001864,retry,1,2026-05-19 03:08:00,failed,0.0
A00001865,P001865,stop,1,2026-05-20 05:56:00,failed,0.0
A00001866,P001866,stop,1,2026-05-20 09:33:00,failed,0.0
A00001867,P001867,retry,1,2026-05-15 01:54:00,failed,0.0
A00001868,P001868,escalate,1,2026-06-28 08:39:00,success,4778.43
A00001869,P001869,payment_link,1,2026-01-20 12:08:00,success,6004.04
A00001870,P001870,payment_link,1,2026-03-09 03:21:00,success,1479.71
A00001871,P001871,stop,1,2026-04-12 14:00:00,failed,0.0
A00001872,P001872,retry,1,2026-05-06 00:17:00,success,1797.88
A00001873,P001873,payment_link,1,2026-05-16 11:57:00,success,59417.63
A00001874,P001874,message,1,2026-03-25 21:09:00,success,2714.88
A00001875,P001875,retry,1,2026-05-27 06:35:00,failed,0.0
A00001876,P001876,stop,1,2026-05-03 08:22:00,failed,0.0
A00001877,P001877,retry,1,2026-02-13 21:10:00,success,17555.82
A00001878,P001878,payment_link,1,2026-05-05 09:21:00,success,743.77
A00001879,P001879,message,1,2026-02-07 16:23:00,failed,0.0
A00001880,P001880,retry,1,2026-05-18 10:33:00,failed,0.0
A00001881,P001881,message,1,2026-05-13 06:16:00,failed,0.0
A00001882,P001882,payment_link,1,2026-03-26 02:53:00,failed,0.0
A00001883,P001883,message,1,2026-02-26 13:12:00,failed,0.0
A00001884,P001884,escalate,1,2026-01-27 07:37:00,failed,0.0
A00001885,P001885,retry,1,2026-05-05 21:31:00,failed,0.0
A00001886,P001886,message,1,2026-03-02 10:45:00,failed,0.0
A00001887,P001887,payment_link,1,2026-03-02 01:56:00,failed,0.0
A00001888,P001888,escalate,1,2026-02-11 18:40:00,failed,0.0
A00001889,P001889,stop,1,2026-03-03 11:04:00,failed,0.0
A00001890,P001890,retry,1,2026-02-05 00:50:00,failed,0.0
A00001891,P001891,stop,1,2026-02-27 03:21:00,failed,0.0
A00001892,P001892,stop,1,2026-05-22 06:58:00,failed,0.0
A00001893,P001893,retry,1,2026-06-13 14:31:00,failed,0.0
A00001894,P001894,retry,1,2026-05-27 00:04:00,success,4276.0
A00001895,P001895,stop,1,2026-04-11 19:07:00,failed,0.0
A00001896,P001896,retry,1,2026-01-06 17:38:00,success,7601.52
A00001897,P001897,escalate,1,2026-01-14 13:17:00,failed,0.0
A00001898,P001898,message,1,2026-05-07 15:51:00,failed,0.0
A00001899,P001899,retry,1,2026-05-03 13:44:00,failed,0.0
A00001900,P001900,retry,1,2026-02-15 03:01:00,success,2230.9
A00001901,P001901,payment_link,1,2026-03-19 11:08:00,failed,0.0
A00001902,P001902,stop,1,2026-02-09 08:09:00,success,3923.14
A00001903,P001903,retry,1,2026-02-12 09:17:00,failed,0.0
A00001904,P001904,message,1,2026-05-11 11:35:00,success,2003.14
A00001905,P001905,retry,1,2026-02-21 03:46:00,failed,0.0
A00001906,P001906,escalate,1,2026-03-26 17:20:00,success,2172.76
A00001907,P001907,payment_link,1,2026-03-11 16:45:00,failed,0.0
A00001908,P001908,stop,1,2026-01-27 23:33:00,failed,0.0
A00001909,P001909,message,1,2026-04-13 15:13:00,success,1631.14
A00001910,P001910,stop,1,2026-02-13 11:10:00,failed,0.0
A00001911,P001911,payment_link,1,2026-02-18 22:08:00,success,1851.7
A00001912,P001912,retry,1,2026-06-12 08:00:00,success,2568.14
A00001913,P001913,stop,1,2026-06-07 23:23:00,failed,0.0
A00001914,P001914,message,1,2026-03-18 05:47:00,failed,0.0
A00001915,P001915,payment_link,1,2026-01-21 15:20:00,success,4543.89
A00001916,P001916,retry,1,2026-05-11 12:54:00,success,2397.53
A00001917,P001917,payment_link,1,2026-06-09 20:25:00,success,2930.7
A00001918,P001918,retry,1,2026-05-02 06:57:00,failed,0.0
A00001919,P001919,message,1,2026-06-11 09:26:00,success,5051.22
A00001920,P001920,stop,1,2026-04-18 01:44:00,failed,0.0
A00001921,P001921,message,1,2026-01-06 04:13:00,success,4934.39
A00001922,P001922,retry,1,2026-06-19 11:11:00,failed,0.0
A00001923,P001923,message,1,2026-03-17 14:09:00,failed,0.0
A00001924,P001924,escalate,1,2026-03-05 06:51:00,failed,0.0
A00001925,P001925,stop,1,2026-02-12 04:47:00,failed,0.0
A00001926,P001926,retry,1,2026-04-27 17:01:00,success,2789.24
A00001927,P001927,stop,1,2026-01-15 20:01:00,failed,0.0
A00001928,P001928,stop,1,2026-05-21 16:23:00,failed,0.0
A00001929,P001929,retry,1,2026-05-03 19:23:00,failed,0.0
A00001930,P001930,retry,1,2026-01-13 17:11:00,success,965.64
A00001931,P001931,payment_link,1,2026-01-09 21:13:00,failed,0.0
A00001932,P001932,escalate,1,2026-05-15 16:41:00,failed,0.0
A00001933,P001933,retry,1,2026-05-02 11:42:00,failed,0.0
A00001934,P001934,message,1,2026-06-23 19:26:00,success,6676.66
A00001935,P001935,escalate,1,2026-06-11 01:52:00,success,4471.16
A00001936,P001936,stop,1,2026-01-06 18:34:00,failed,0.0
A00001937,P001937,payment_link,1,2026-06-17 06:06:00,failed,0.0
A00001938,P001938,retry,1,2026-06-05 19:26:00,success,3402.58
A00001939,P001939,escalate,1,2026-01-30 04:24:00,failed,0.0
A00001940,P001940,message,1,2026-03-11 06:03:00,success,2621.06
A00001941,P001941,retry,1,2026-03-18 20:33:00,success,4819.64
A00001942,P001942,payment_link,1,2026-03-03 04:34:00,success,10061.94
A00001943,P001943,message,1,2026-01-10 02:27:00,failed,0.0
A00001944,P001944,message,1,2026-05-31 16:26:00,success,4245.11
A00001945,P001945,escalate,1,2026-06-19 12:15:00,failed,0.0
A00001946,P001946,retry,1,2026-03-11 07:54:00,failed,0.0
A00001947,P001947,retry,1,2026-02-13 06:51:00,failed,0.0
A00001948,P001948,stop,1,2026-04-28 03:16:00,failed,0.0
A00001949,P001949,payment_link,1,2026-04-28 01:40:00,success,2910.7
A00001950,P001950,payment_link,1,2026-03-08 04:03:00,failed,0.0
A00001951,P001951,message,1,2026-05-12 23:41:00,failed,0.0
A00001952,P001952,retry,1,2026-05-05 21:31:00,failed,0.0
A00001953,P001953,retry,1,2026-01-23 20:31:00,failed,0.0
A00001954,P001954,escalate,1,2026-03-25 10:46:00,success,1084.69
A00001955,P001955,escalate,1,2026-01-26 01:34:00,failed,0.0
A00001956,P001956,message,1,2026-04-01 12:04:00,success,32808.33
A00001957,P001957,payment_link,1,2026-03-19 14:30:00,success,4455.76
A00001958,P001958,payment_link,1,2026-06-03 08:52:00,failed,0.0
A00001959,P001959,payment_link,1,2026-06-07 08:44:00,failed,0.0
A00001960,P001960,escalate,1,2026-01-03 15:07:00,failed,0.0
A00001961,P001961,message,1,2026-03-06 02:25:00,success,11403.88
A00001962,P001962,retry,1,2026-03-09 05:00:00,failed,0.0
A00001963,P001963,payment_link,1,2026-06-23 23:06:00,success,1775.15
A00001964,P001964,payment_link,1,2026-01-01 06:22:00,success,3265.67
A00001965,P001965,message,1,2026-02-24 13:55:00,success,7359.15
A00001966,P001966,payment_link,1,2026-05-12 00:16:00,success,7432.58
A00001967,P001967,escalate,1,2026-03-19 08:11:00,failed,0.0
A00001968,P001968,escalate,1,2026-03-26 20:45:00,success,2417.88
A00001969,P001969,retry,1,2026-06-06 11:46:00,success,8240.28
A00001970,P001970,stop,1,2026-01-14 08:23:00,failed,0.0
A00001971,P001971,stop,1,2026-05-03 03:22:00,failed,0.0
A00001972,P001972,message,1,2026-01-19 05:40:00,success,1019.58
A00001973,P001973,stop,1,2026-03-09 07:41:00,failed,0.0
A00001974,P001974,message,1,2026-02-10 04:29:00,failed,0.0
A00001975,P001975,payment_link,1,2026-06-17 05:30:00,success,1084.7
A00001976,P001976,message,1,2026-02-16 08:33:00,failed,0.0
A00001977,P001977,message,1,2026-03-12 12:40:00,success,1026.73
A00001978,P001978,retry,1,2026-03-07 19:58:00,failed,0.0
A00001979,P001979,stop,1,2026-03-24 10:22:00,failed,0.0
A00001980,P001980,message,1,2026-01-12 05:22:00,success,3236.97
A00001981,P001981,message,1,2026-06-18 12:06:00,failed,0.0
A00001982,P001982,escalate,1,2026-06-15 09:31:00,failed,0.0
A00001983,P001983,retry,1,2026-04-20 09:04:00,success,5218.9
A00001984,P001984,message,1,2026-03-04 05:33:00,failed,0.0
A00001985,P001985,retry,1,2026-03-16 10:04:00,failed,0.0
A00001986,P001986,message,1,2026-06-06 09:40:00,failed,0.0
A00001987,P001987,escalate,1,2026-06-17 03:54:00,success,23993.66
A00001988,P001988,stop,1,2026-04-09 19:55:00,failed,0.0
A00001989,P001989,escalate,1,2026-02-28 10:09:00,failed,0.0
A00001990,P001990,payment_link,1,2026-05-18 07:07:00,failed,0.0
A00001991,P001991,retry,1,2026-04-01 10:15:00,success,3534.41
A00001992,P001992,stop,1,2026-02-19 20:28:00,failed,0.0
A00001993,P001993,payment_link,1,2026-03-28 08:25:00,success,1577.15
A00001994,P001994,retry,1,2026-04-26 03:38:00,success,36079.85
A00001995,P001995,stop,1,2026-02-18 04:49:00,failed,0.0
A00001996,P001996,escalate,1,2026-01-28 19:01:00,success,2496.65
A00001997,P001997,retry,1,2026-03-20 03:40:00,failed,0.0
A00001998,P001998,escalate,1,2026-04-03 02:18:00,success,1983.85
A00001999,P001999,stop,1,2026-04-29 07:44:00,failed,0.0
A00002000,P002000,stop,1,2026-04-10 17:26:00,failed,0.0
A00002001,P002001,message,1,2026-02-25 15:58:00,failed,0.0
A00002002,P002002,message,1,2026-02-05 08:50:00,failed,0.0
A00002003,P002003,stop,1,2026-05-15 20:58:00,failed,0.0
A00002004,P002004,payment_link,1,2026-03-02 22:23:00,failed,0.0
A00002005,P002005,stop,1,2026-03-08 18:07:00,failed,0.0
A00002006,P002006,message,1,2026-06-05 20:46:00,failed,0.0
A00002007,P002007,escalate,1,2026-02-03 02:50:00,failed,0.0
A00002008,P002008,retry,1,2026-01-28 18:06:00,success,3905.39
A00002009,P002009,escalate,1,2026-01-12 16:01:00,failed,0.0
A00002010,P002010,retry,1,2026-06-22 22:45:00,failed,0.0
A00002011,P002011,message,1,2026-06-04 23:17:00,success,2032.7
A00002012,P002012,payment_link,1,2026-06-10 14:03:00,failed,0.0
A00002013,P002013,message,1,2026-05-08 12:02:00,failed,0.0
A00002014,P002014,escalate,1,2026-02-26 04:18:00,success,4982.46
A00002015,P002015,message,1,2026-03-29 23:22:00,failed,0.0
A00002016,P002016,escalate,1,2026-05-05 22:07:00,failed,0.0
A00002017,P002017,retry,1,2026-03-05 16:06:00,success,1804.55
A00002018,P002018,escalate,1,2026-02-04 11:41:00,success,1541.47
A00002019,P002019,message,1,2026-03-31 23:14:00,success,4025.99
A00002020,P002020,payment_link,1,2026-04-25 16:45:00,failed,0.0
A00002021,P002021,message,1,2026-01-17 07:05:00,failed,0.0
A00002022,P002022,stop,1,2026-02-01 08:05:00,success,9212.56
A00002023,P002023,message,1,2026-06-15 15:51:00,success,9371.5
A00002024,P002024,message,1,2026-03-05 11:21:00,failed,0.0
A00002025,P002025,retry,1,2026-03-01 21:09:00,failed,0.0
A00002026,P002026,escalate,1,2026-05-30 02:28:00,success,7526.69
A00002027,P002027,stop,1,2026-03-09 04:12:00,failed,0.0
A00002028,P002028,escalate,1,2026-01-21 19:37:00,success,25429.47
A00002029,P002029,message,1,2026-05-08 03:10:00,failed,0.0
A00002030,P002030,payment_link,1,2026-03-04 05:05:00,success,3507.36
A00002031,P002031,message,1,2026-02-15 22:10:00,success,5861.01
A00002032,P002032,retry,1,2026-03-01 07:09:00,failed,0.0
A00002033,P002033,stop,1,2026-05-19 15:51:00,failed,0.0
A00002034,P002034,escalate,1,2026-04-02 09:39:00,success,2019.51
A00002035,P002035,escalate,1,2026-03-23 03:24:00,failed,0.0
A00002036,P002036,payment_link,1,2026-02-23 18:55:00,success,14279.73
A00002037,P002037,message,1,2026-06-29 10:27:00,failed,0.0
A00002038,P002038,stop,1,2026-06-16 04:47:00,failed,0.0
A00002039,P002039,payment_link,1,2026-06-27 07:00:00,failed,0.0
A00002040,P002040,payment_link,1,2026-04-02 06:23:00,failed,0.0
A00002041,P002041,message,1,2026-05-12 12:53:00,failed,0.0
A00002042,P002042,message,1,2026-06-05 22:21:00,failed,0.0
A00002043,P002043,stop,1,2026-05-29 20:52:00,failed,0.0
A00002044,P002044,stop,1,2026-01-19 23:09:00,failed,0.0
A00002045,P002045,stop,1,2026-01-10 02:03:00,failed,0.0
A00002046,P002046,escalate,1,2026-03-14 09:32:00,failed,0.0
A00002047,P002047,escalate,1,2026-03-20 15:26:00,failed,0.0
A00002048,P002048,stop,1,2026-06-15 12:05:00,failed,0.0
A00002049,P002049,escalate,1,2026-04-08 10:55:00,success,3539.36
A00002050,P002050,escalate,1,2026-05-08 22:48:00,success,1494.19
A00002051,P002051,message,1,2026-06-19 17:25:00,failed,0.0
A00002052,P002052,payment_link,1,2026-05-10 13:57:00,failed,0.0
A00002053,P002053,retry,1,2026-02-01 17:10:00,success,2844.43
A00002054,P002054,payment_link,1,2026-01-03 07:14:00,success,3296.06
A00002055,P002055,message,1,2026-03-19 17:36:00,failed,0.0
A00002056,P002056,stop,1,2026-03-09 01:57:00,failed,0.0
A00002057,P002057,retry,1,2026-06-02 21:12:00,failed,0.0
A00002058,P002058,retry,1,2026-02-03 04:42:00,success,2812.62
A00002059,P002059,retry,1,2026-05-30 18:55:00,success,3532.87
A00002060,P002060,payment_link,1,2026-01-15 17:00:00,failed,0.0
A00002061,P002061,stop,1,2026-01-08 12:49:00,failed,0.0
A00002062,P002062,payment_link,1,2026-04-10 06:55:00,success,2028.63
A00002063,P002063,retry,1,2026-06-22 00:31:00,failed,0.0
A00002064,P002064,stop,1,2026-05-07 05:38:00,success,8213.1
A00002065,P002065,retry,1,2026-04-01 16:30:00,success,1239.2
A00002066,P002066,message,1,2026-01-20 21:15:00,failed,0.0
A00002067,P002067,stop,1,2026-05-29 06:09:00,failed,0.0
A00002068,P002068,escalate,1,2026-01-07 03:36:00,failed,0.0
A00002069,P002069,retry,1,2026-04-05 11:58:00,success,5690.2
A00002070,P002070,stop,1,2026-05-17 22:21:00,failed,0.0
A00002071,P002071,escalate,1,2026-02-18 00:33:00,success,639.44
A00002072,P002072,stop,1,2026-06-05 19:58:00,failed,0.0
A00002073,P002073,retry,1,2026-04-07 23:00:00,success,1940.35
A00002074,P002074,message,1,2026-04-02 00:39:00,success,83442.31
A00002075,P002075,payment_link,1,2026-04-08 02:18:00,success,2954.43
A00002076,P002076,stop,1,2026-03-09 08:01:00,failed,0.0
A00002077,P002077,stop,1,2026-03-06 19:27:00,failed,0.0
A00002078,P002078,stop,1,2026-03-22 17:32:00,success,4087.19
A00002079,P002079,message,1,2026-02-28 22:17:00,failed,0.0
A00002080,P002080,payment_link,1,2026-01-30 11:09:00,success,681.02
A00002081,P002081,retry,1,2026-05-13 05:51:00,failed,0.0
A00002082,P002082,retry,1,2026-01-09 20:51:00,success,4765.28
A00002083,P002083,retry,1,2026-02-27 00:02:00,failed,0.0
A00002084,P002084,escalate,1,2026-04-18 04:30:00,failed,0.0
A00002085,P002085,stop,1,2026-06-01 09:07:00,failed,0.0
A00002086,P002086,stop,1,2026-01-04 08:04:00,failed,0.0
A00002087,P002087,retry,1,2026-04-19 20:52:00,failed,0.0
A00002088,P002088,retry,1,2026-06-06 07:56:00,failed,0.0
A00002089,P002089,payment_link,1,2026-04-20 03:57:00,failed,0.0
A00002090,P002090,retry,1,2026-03-30 03:33:00,failed,0.0
A00002091,P002091,message,1,2026-04-04 00:51:00,failed,0.0
A00002092,P002092,message,1,2026-01-04 10:23:00,success,6954.06
A00002093,P002093,escalate,1,2026-06-14 08:38:00,failed,0.0
A00002094,P002094,stop,1,2026-06-14 16:15:00,failed,0.0
A00002095,P002095,escalate,1,2026-06-08 04:10:00,success,2946.34
A00002096,P002096,stop,1,2026-05-04 23:13:00,failed,0.0
A00002097,P002097,message,1,2026-04-28 10:38:00,failed,0.0
A00002098,P002098,retry,1,2026-02-20 17:32:00,success,2089.35
A00002099,P002099,payment_link,1,2026-05-22 21:49:00,failed,0.0
A00002100,P002100,message,1,2026-03-17 05:45:00,failed,0.0
A00002101,P002101,retry,1,2026-04-27 17:21:00,failed,0.0
A00002102,P002102,escalate,1,2026-02-07 08:27:00,failed,0.0
A00002103,P002103,retry,1,2026-06-27 05:02:00,success,3386.94
A00002104,P002104,stop,1,2026-06-07 15:10:00,failed,0.0
A00002105,P002105,stop,1,2026-05-03 15:02:00,failed,0.0
A00002106,P002106,message,1,2026-05-26 11:58:00,success,1768.93
A00002107,P002107,retry,1,2026-05-22 15:54:00,failed,0.0
A00002108,P002108,stop,1,2026-06-08 01:23:00,failed,0.0
A00002109,P002109,retry,1,2026-03-17 07:41:00,success,5300.72
A00002110,P002110,retry,1,2026-06-27 16:54:00,failed,0.0
A00002111,P002111,retry,1,2026-02-12 07:39:00,failed,0.0
A00002112,P002112,payment_link,1,2026-04-24 16:25:00,failed,0.0
A00002113,P002113,stop,1,2026-03-28 12:02:00,failed,0.0
A00002114,P002114,escalate,1,2026-05-25 17:39:00,failed,0.0
A00002115,P002115,message,1,2026-06-26 18:28:00,failed,0.0
A00002116,P002116,message,1,2026-05-05 23:32:00,success,4276.93
A00002117,P002117,stop,1,2026-05-14 01:39:00,failed,0.0
A00002118,P002118,message,1,2026-04-06 11:55:00,success,967.5
A00002119,P002119,stop,1,2026-06-13 04:13:00,failed,0.0
A00002120,P002120,retry,1,2026-05-13 06:58:00,success,4434.02
A00002121,P002121,stop,1,2026-01-05 12:11:00,failed,0.0
A00002122,P002122,payment_link,1,2026-01-17 05:55:00,failed,0.0
A00002123,P002123,retry,1,2026-05-25 21:28:00,success,17136.0
A00002124,P002124,payment_link,1,2026-03-18 19:05:00,failed,0.0
A00002125,P002125,escalate,1,2026-03-03 09:27:00,failed,0.0
A00002126,P002126,payment_link,1,2026-01-06 14:28:00,success,25304.41
A00002127,P002127,stop,1,2026-06-26 03:24:00,failed,0.0
A00002128,P002128,retry,1,2026-04-20 19:51:00,failed,0.0
A00002129,P002129,message,1,2026-04-06 15:44:00,failed,0.0
A00002130,P002130,payment_link,1,2026-03-28 22:36:00,failed,0.0
A00002131,P002131,message,1,2026-03-13 13:23:00,success,6079.07
A00002132,P002132,payment_link,1,2026-02-08 05:32:00,failed,0.0
A00002133,P002133,payment_link,1,2026-06-23 09:14:00,failed,0.0
A00002134,P002134,message,1,2026-04-25 18:39:00,failed,0.0
A00002135,P002135,payment_link,1,2026-04-28 05:18:00,success,5933.87
A00002136,P002136,stop,1,2026-03-15 17:40:00,failed,0.0
A00002137,P002137,retry,1,2026-04-22 06:53:00,failed,0.0
A00002138,P002138,message,1,2026-03-25 21:29:00,failed,0.0
A00002139,P002139,escalate,1,2026-04-09 09:21:00,failed,0.0
A00002140,P002140,payment_link,1,2026-04-26 18:25:00,failed,0.0
A00002141,P002141,payment_link,1,2026-04-08 03:08:00,failed,0.0
A00002142,P002142,payment_link,1,2026-04-18 04:26:00,failed,0.0
A00002143,P002143,retry,1,2026-05-08 01:25:00,failed,0.0
A00002144,P002144,stop,1,2026-04-13 20:44:00,failed,0.0
A00002145,P002145,message,1,2026-01-19 00:05:00,success,3755.33
A00002146,P002146,retry,1,2026-05-25 12:31:00,success,2511.71
A00002147,P002147,message,1,2026-01-02 01:20:00,failed,0.0
A00002148,P002148,escalate,1,2026-06-08 04:21:00,failed,0.0
A00002149,P002149,stop,1,2026-05-25 09:01:00,failed,0.0
A00002150,P002150,retry,1,2026-01-05 16:48:00,success,3749.6
A00002151,P002151,stop,1,2026-05-26 11:55:00,failed,0.0
A00002152,P002152,message,1,2026-02-13 08:56:00,failed,0.0
A00002153,P002153,stop,1,2026-06-23 13:31:00,failed,0.0
A00002154,P002154,retry,1,2026-06-05 07:47:00,success,2530.06
A00002155,P002155,escalate,1,2026-02-05 22:20:00,failed,0.0
A00002156,P002156,payment_link,1,2026-01-27 15:48:00,failed,0.0
A00002157,P002157,payment_link,1,2026-04-12 01:28:00,failed,0.0
A00002158,P002158,retry,1,2026-03-08 03:07:00,success,13946.01
A00002159,P002159,payment_link,1,2026-01-24 00:48:00,success,1304.37
A00002160,P002160,retry,1,2026-06-30 00:38:00,failed,0.0
A00002161,P002161,message,1,2026-01-16 22:32:00,failed,0.0
A00002162,P002162,stop,1,2026-02-26 23:43:00,failed,0.0
A00002163,P002163,message,1,2026-03-02 03:41:00,failed,0.0
A00002164,P002164,stop,1,2026-04-02 09:25:00,failed,0.0
A00002165,P002165,retry,1,2026-06-05 00:07:00,failed,0.0
A00002166,P002166,message,1,2026-02-28 04:41:00,failed,0.0
A00002167,P002167,payment_link,1,2026-01-18 01:57:00,success,8060.42
A00002168,P002168,payment_link,1,2026-04-06 06:17:00,failed,0.0
A00002169,P002169,message,1,2026-06-01 13:07:00,failed,0.0
A00002170,P002170,escalate,1,2026-02-04 09:35:00,success,8845.04
A00002171,P002171,escalate,1,2026-03-25 10:23:00,failed,0.0
A00002172,P002172,payment_link,1,2026-04-13 22:31:00,success,1163.88
A00002173,P002173,escalate,1,2026-06-06 10:54:00,success,2029.66
A00002174,P002174,escalate,1,2026-06-07 02:49:00,failed,0.0
A00002175,P002175,message,1,2026-01-07 09:46:00,failed,0.0
A00002176,P002176,stop,1,2026-03-07 17:49:00,failed,0.0
A00002177,P002177,stop,1,2026-01-20 04:49:00,failed,0.0
A00002178,P002178,retry,1,2026-01-02 09:44:00,failed,0.0
A00002179,P002179,payment_link,1,2026-03-05 10:00:00,failed,0.0
A00002180,P002180,stop,1,2026-01-29 02:58:00,failed,0.0
A00002181,P002181,message,1,2026-04-06 09:32:00,failed,0.0
A00002182,P002182,payment_link,1,2026-03-03 10:09:00,success,1152.49
A00002183,P002183,message,1,2026-01-01 21:44:00,success,5204.34
A00002184,P002184,retry,1,2026-03-14 05:14:00,success,10231.55
A00002185,P002185,payment_link,1,2026-04-06 22:40:00,failed,0.0
A00002186,P002186,message,1,2026-05-22 20:50:00,failed,0.0
A00002187,P002187,message,1,2026-06-13 20:22:00,success,1004.25
A00002188,P002188,stop,1,2026-05-07 00:34:00,failed,0.0
A00002189,P002189,stop,1,2026-01-13 22:22:00,failed,0.0
A00002190,P002190,retry,1,2026-05-01 00:38:00,failed,0.0
A00002191,P002191,payment_link,1,2026-05-20 11:22:00,failed,0.0
A00002192,P002192,message,1,2026-04-30 18:39:00,failed,0.0
A00002193,P002193,retry,1,2026-03-27 02:27:00,success,4462.94
A00002194,P002194,escalate,1,2026-02-14 22:33:00,failed,0.0
A00002195,P002195,stop,1,2026-06-20 17:19:00,failed,0.0
A00002196,P002196,retry,1,2026-03-17 04:33:00,success,1182.51
A00002197,P002197,retry,1,2026-06-20 11:32:00,failed,0.0
A00002198,P002198,escalate,1,2026-04-13 05:07:00,failed,0.0
A00002199,P002199,message,1,2026-05-01 23:15:00,failed,0.0
A00002200,P002200,payment_link,1,2026-01-07 14:11:00,failed,0.0
A00002201,P002201,message,1,2026-03-31 23:52:00,failed,0.0
A00002202,P002202,retry,1,2026-06-25 19:59:00,failed,0.0
A00002203,P002203,payment_link,1,2026-04-30 10:11:00,failed,0.0
A00002204,P002204,stop,1,2026-03-22 13:22:00,failed,0.0
A00002205,P002205,payment_link,1,2026-05-25 20:56:00,success,5030.04
A00002206,P002206,retry,1,2026-03-03 18:17:00,failed,0.0
A00002207,P002207,stop,1,2026-01-07 04:43:00,failed,0.0
A00002208,P002208,retry,1,2026-02-21 11:11:00,failed,0.0
A00002209,P002209,retry,1,2026-05-27 14:26:00,success,2116.79
A00002210,P002210,stop,1,2026-02-05 17:02:00,failed,0.0
A00002211,P002211,stop,1,2026-02-10 03:34:00,failed,0.0
A00002212,P002212,payment_link,1,2026-01-10 20:18:00,failed,0.0
A00002213,P002213,retry,1,2026-04-03 13:17:00,success,1490.43
A00002214,P002214,escalate,1,2026-06-13 21:39:00,success,2999.08
A00002215,P002215,escalate,1,2026-03-05 17:17:00,failed,0.0
A00002216,P002216,escalate,1,2026-03-04 14:37:00,failed,0.0
A00002217,P002217,message,1,2026-04-30 07:29:00,success,2565.42
A00002218,P002218,stop,1,2026-01-31 07:59:00,failed,0.0
A00002219,P002219,payment_link,1,2026-05-16 05:55:00,success,710.43
A00002220,P002220,stop,1,2026-02-18 14:01:00,failed,0.0
A00002221,P002221,payment_link,1,2026-04-07 10:44:00,failed,0.0
A00002222,P002222,message,1,2026-05-25 10:58:00,failed,0.0
A00002223,P002223,escalate,1,2026-01-30 02:07:00,failed,0.0
A00002224,P002224,message,1,2026-02-04 01:06:00,success,5215.62
A00002225,P002225,payment_link,1,2026-04-07 16:01:00,success,2435.72
A00002226,P002226,message,1,2026-01-31 02:38:00,failed,0.0
A00002227,P002227,message,1,2026-02-06 06:19:00,failed,0.0
A00002228,P002228,payment_link,1,2026-05-22 20:32:00,success,3586.62
A00002229,P002229,escalate,1,2026-01-12 13:18:00,failed,0.0
A00002230,P002230,payment_link,1,2026-05-24 04:38:00,failed,0.0
A00002231,P002231,retry,1,2026-02-18 21:28:00,failed,0.0
A00002232,P002232,escalate,1,2026-01-20 21:31:00,failed,0.0
A00002233,P002233,payment_link,1,2026-05-10 10:49:00,success,1657.07
A00002234,P002234,stop,1,2026-01-14 13:51:00,failed,0.0
A00002235,P002235,message,1,2026-06-12 06:51:00,failed,0.0
A00002236,P002236,escalate,1,2026-06-20 17:33:00,failed,0.0
A00002237,P002237,message,1,2026-05-20 13:42:00,failed,0.0
A00002238,P002238,stop,1,2026-01-12 13:24:00,success,2671.77
A00002239,P002239,escalate,1,2026-05-13 06:07:00,failed,0.0
A00002240,P002240,retry,1,2026-01-13 01:54:00,failed,0.0
A00002241,P002241,stop,1,2026-02-01 03:13:00,success,806.98
A00002242,P002242,stop,1,2026-06-14 09:35:00,success,2359.37
A00002243,P002243,payment_link,1,2026-01-08 20:06:00,failed,0.0
A00002244,P002244,stop,1,2026-02-06 06:15:00,failed,0.0
A00002245,P002245,stop,1,2026-03-28 12:43:00,success,2719.08
A00002246,P002246,retry,1,2026-03-22 08:11:00,failed,0.0
A00002247,P002247,payment_link,1,2026-02-28 01:35:00,failed,0.0
A00002248,P002248,message,1,2026-02-23 19:47:00,success,3257.39
A00002249,P002249,message,1,2026-01-20 06:22:00,success,3240.47
A00002250,P002250,message,1,2026-05-09 18:44:00,success,1551.96
A00002251,P002251,escalate,1,2026-04-30 12:28:00,success,4973.53
A00002252,P002252,payment_link,1,2026-02-15 02:28:00,failed,0.0
A00002253,P002253,message,1,2026-06-16 17:39:00,failed,0.0
A00002254,P002254,retry,1,2026-01-31 12:29:00,success,5867.18
A00002255,P002255,payment_link,1,2026-04-06 06:05:00,failed,0.0
A00002256,P002256,escalate,1,2026-06-23 09:27:00,failed,0.0
A00002257,P002257,stop,1,2026-04-13 16:45:00,failed,0.0
A00002258,P002258,message,1,2026-06-05 17:50:00,failed,0.0
A00002259,P002259,escalate,1,2026-04-03 13:09:00,failed,0.0
A00002260,P002260,stop,1,2026-06-17 09:43:00,failed,0.0
A00002261,P002261,stop,1,2026-03-10 20:33:00,failed,0.0
A00002262,P002262,stop,1,2026-01-14 19:56:00,failed,0.0
A00002263,P002263,message,1,2026-04-19 19:13:00,success,2365.96
A00002264,P002264,escalate,1,2026-03-23 16:02:00,failed,0.0
A00002265,P002265,stop,1,2026-06-07 02:15:00,failed,0.0
A00002266,P002266,stop,1,2026-02-28 02:56:00,success,4671.13
A00002267,P002267,message,1,2026-05-12 06:41:00,success,4396.5
A00002268,P002268,payment_link,1,2026-04-18 05:51:00,success,2399.54
A00002269,P002269,stop,1,2026-04-17 17:32:00,failed,0.0
A00002270,P002270,payment_link,1,2026-03-13 15:37:00,success,4505.76
A00002271,P002271,escalate,1,2026-01-10 01:51:00,failed,0.0
A00002272,P002272,message,1,2026-01-17 03:53:00,success,6493.02
A00002273,P002273,message,1,2026-03-19 06:44:00,success,2569.21
A00002274,P002274,message,1,2026-01-09 19:22:00,failed,0.0
A00002275,P002275,escalate,1,2026-06-17 20:18:00,success,613.39
A00002276,P002276,retry,1,2026-01-07 06:10:00,failed,0.0
A00002277,P002277,stop,1,2026-01-02 05:22:00,failed,0.0
A00002278,P002278,retry,1,2026-04-05 19:38:00,failed,0.0
A00002279,P002279,message,1,2026-02-12 00:35:00,success,8205.3
A00002280,P002280,stop,1,2026-05-17 04:49:00,failed,0.0
A00002281,P002281,retry,1,2026-01-03 09:59:00,success,3355.54
A00002282,P002282,message,1,2026-02-25 02:03:00,failed,0.0
A00002283,P002283,stop,1,2026-05-21 15:12:00,failed,0.0
A00002284,P002284,stop,1,2026-06-05 11:41:00,success,8240.67
A00002285,P002285,stop,1,2026-05-04 06:48:00,failed,0.0
A00002286,P002286,payment_link,1,2026-03-04 21:30:00,failed,0.0
A00002287,P002287,retry,1,2026-01-22 12:22:00,failed,0.0
A00002288,P002288,message,1,2026-01-06 21:43:00,failed,0.0
A00002289,P002289,payment_link,1,2026-06-09 10:21:00,failed,0.0
A00002290,P002290,stop,1,2026-04-30 23:55:00,failed,0.0
A00002291,P002291,message,1,2026-04-02 02:56:00,success,1015.26
A00002292,P002292,escalate,1,2026-05-30 04:13:00,success,9436.95
A00002293,P002293,stop,1,2026-06-11 06:18:00,failed,0.0
A00002294,P002294,retry,1,2026-01-20 11:06:00,failed,0.0
A00002295,P002295,escalate,1,2026-03-02 01:23:00,success,1608.26
A00002296,P002296,escalate,1,2026-06-23 03:15:00,success,1444.19
A00002297,P002297,escalate,1,2026-04-14 15:26:00,success,23531.14
A00002298,P002298,retry,1,2026-03-01 12:11:00,success,3979.95
A00002299,P002299,payment_link,1,2026-05-30 23:39:00,success,4726.79
A00002300,P002300,stop,1,2026-01-26 03:54:00,failed,0.0
A00002301,P002301,escalate,1,2026-02-07 20:22:00,failed,0.0
A00002302,P002302,stop,1,2026-01-24 03:31:00,failed,0.0
A00002303,P002303,stop,1,2026-01-25 04:04:00,failed,0.0
A00002304,P002304,payment_link,1,2026-04-30 09:04:00,failed,0.0
A00002305,P002305,stop,1,2026-03-17 22:23:00,failed,0.0
A00002306,P002306,stop,1,2026-02-14 21:22:00,failed,0.0
A00002307,P002307,escalate,1,2026-06-15 18:01:00,failed,0.0
A00002308,P002308,retry,1,2026-01-10 09:22:00,success,2362.64
A00002309,P002309,escalate,1,2026-01-16 00:03:00,failed,0.0
A00002310,P002310,message,1,2026-05-10 06:35:00,success,2367.28
A00002311,P002311,message,1,2026-04-27 10:18:00,failed,0.0
A00002312,P002312,retry,1,2026-05-22 16:46:00,success,3019.87
A00002313,P002313,escalate,1,2026-04-09 02:36:00,failed,0.0
A00002314,P002314,escalate,1,2026-06-23 02:49:00,failed,0.0
A00002315,P002315,stop,1,2026-06-10 16:55:00,failed,0.0
A00002316,P002316,payment_link,1,2026-02-28 01:03:00,failed,0.0
A00002317,P002317,payment_link,1,2026-06-20 14:18:00,failed,0.0
A00002318,P002318,retry,1,2026-06-26 03:29:00,failed,0.0
A00002319,P002319,payment_link,1,2026-04-15 12:52:00,failed,0.0
A00002320,P002320,message,1,2026-05-01 19:36:00,failed,0.0
A00002321,P002321,retry,1,2026-02-11 11:56:00,failed,0.0
A00002322,P002322,message,1,2026-06-06 18:34:00,failed,0.0
A00002323,P002323,payment_link,1,2026-04-11 03:07:00,success,1505.11
A00002324,P002324,payment_link,1,2026-05-22 18:47:00,failed,0.0
A00002325,P002325,escalate,1,2026-05-10 13:14:00,failed,0.0
A00002326,P002326,message,1,2026-04-01 18:33:00,failed,0.0
A00002327,P002327,message,1,2026-03-08 12:58:00,success,1373.74
A00002328,P002328,stop,1,2026-02-02 03:26:00,failed,0.0
A00002329,P002329,stop,1,2026-03-31 22:05:00,failed,0.0
A00002330,P002330,message,1,2026-03-26 11:20:00,success,1365.65
A00002331,P002331,escalate,1,2026-03-15 04:15:00,failed,0.0
A00002332,P002332,retry,1,2026-04-08 22:01:00,success,721.01
A00002333,P002333,message,1,2026-05-22 16:30:00,failed,0.0
A00002334,P002334,message,1,2026-05-20 21:07:00,success,6034.0
A00002335,P002335,escalate,1,2026-02-25 01:41:00,failed,0.0
A00002336,P002336,payment_link,1,2026-03-20 22:11:00,success,1217.89
A00002337,P002337,escalate,1,2026-05-26 06:13:00,success,29946.29
A00002338,P002338,retry,1,2026-01-23 00:50:00,failed,0.0
A00002339,P002339,escalate,1,2026-04-24 23:29:00,failed,0.0
A00002340,P002340,message,1,2026-05-11 03:35:00,success,922.16
A00002341,P002341,escalate,1,2026-03-06 12:25:00,success,2837.12
A00002342,P002342,stop,1,2026-03-01 00:06:00,failed,0.0
A00002343,P002343,retry,1,2026-05-02 20:54:00,failed,0.0
A00002344,P002344,payment_link,1,2026-03-25 22:55:00,failed,0.0
A00002345,P002345,retry,1,2026-03-06 00:32:00,failed,0.0
A00002346,P002346,escalate,1,2026-02-05 03:14:00,failed,0.0
A00002347,P002347,escalate,1,2026-03-19 16:25:00,success,1283.54
A00002348,P002348,message,1,2026-02-11 22:02:00,success,301.83
A00002349,P002349,retry,1,2026-01-17 07:46:00,success,3338.7
A00002350,P002350,retry,1,2026-04-21 12:32:00,success,3155.04
A00002351,P002351,retry,1,2026-06-11 04:01:00,success,4035.7
A00002352,P002352,message,1,2026-06-04 12:03:00,success,5154.28
A00002353,P002353,retry,1,2026-03-24 22:21:00,failed,0.0
A00002354,P002354,retry,1,2026-03-13 20:16:00,success,19019.0
A00002355,P002355,payment_link,1,2026-01-09 19:37:00,failed,0.0
A00002356,P002356,payment_link,1,2026-03-06 08:22:00,failed,0.0
A00002357,P002357,stop,1,2026-06-26 14:35:00,failed,0.0
A00002358,P002358,stop,1,2026-01-12 03:06:00,failed,0.0
A00002359,P002359,message,1,2026-05-27 19:05:00,failed,0.0
A00002360,P002360,message,1,2026-02-14 05:35:00,success,4100.77
A00002361,P002361,escalate,1,2026-01-13 20:13:00,success,3010.12
A00002362,P002362,payment_link,1,2026-01-19 04:02:00,failed,0.0
A00002363,P002363,escalate,1,2026-06-29 01:06:00,failed,0.0
A00002364,P002364,payment_link,1,2026-06-10 01:44:00,failed,0.0
A00002365,P002365,payment_link,1,2026-05-29 11:46:00,success,1931.99
A00002366,P002366,message,1,2026-01-27 09:21:00,success,12049.82
A00002367,P002367,payment_link,1,2026-06-21 05:48:00,failed,0.0
A00002368,P002368,retry,1,2026-03-14 02:06:00,failed,0.0
A00002369,P002369,stop,1,2026-06-05 17:48:00,failed,0.0
A00002370,P002370,escalate,1,2026-02-03 22:52:00,success,2269.89
A00002371,P002371,escalate,1,2026-04-08 21:00:00,failed,0.0
A00002372,P002372,retry,1,2026-04-16 03:14:00,failed,0.0
A00002373,P002373,escalate,1,2026-06-20 05:25:00,failed,0.0
A00002374,P002374,stop,1,2026-06-21 14:59:00,failed,0.0
A00002375,P002375,stop,1,2026-06-16 04:58:00,failed,0.0
A00002376,P002376,payment_link,1,2026-03-27 08:31:00,failed,0.0
A00002377,P002377,retry,1,2026-01-30 10:55:00,success,1904.6
A00002378,P002378,escalate,1,2026-03-06 05:36:00,failed,0.0
A00002379,P002379,payment_link,1,2026-02-25 18:09:00,failed,0.0
A00002380,P002380,escalate,1,2026-04-08 04:07:00,success,2391.34
A00002381,P002381,stop,1,2026-05-03 19:26:00,failed,0.0
A00002382,P002382,retry,1,2026-01-12 09:44:00,failed,0.0
A00002383,P002383,message,1,2026-03-05 00:51:00,success,4037.78
A00002384,P002384,escalate,1,2026-03-24 00:50:00,success,913.89
A00002385,P002385,message,1,2026-05-22 20:16:00,success,3080.59
A00002386,P002386,escalate,1,2026-05-20 17:00:00,success,729.15
A00002387,P002387,stop,1,2026-03-26 05:27:00,failed,0.0
A00002388,P002388,retry,1,2026-05-17 16:38:00,success,5254.75
A00002389,P002389,payment_link,1,2026-02-24 18:19:00,success,1260.71
A00002390,P002390,payment_link,1,2026-05-27 02:03:00,success,2802.67
A00002391,P002391,retry,1,2026-01-30 14:43:00,failed,0.0
A00002392,P002392,stop,1,2026-01-10 05:57:00,failed,0.0
A00002393,P002393,message,1,2026-04-06 19:21:00,failed,0.0
A00002394,P002394,escalate,1,2026-01-30 07:23:00,success,9334.14
A00002395,P002395,stop,1,2026-04-20 19:45:00,failed,0.0
A00002396,P002396,stop,1,2026-01-20 21:38:00,failed,0.0
A00002397,P002397,stop,1,2026-01-05 16:52:00,failed,0.0
A00002398,P002398,escalate,1,2026-01-12 03:39:00,failed,0.0
A00002399,P002399,retry,1,2026-06-18 22:46:00,failed,0.0
A00002400,P002400,message,1,2026-01-01 19:10:00,failed,0.0
A00002401,P002401,stop,1,2026-01-24 18:59:00,failed,0.0
A00002402,P002402,payment_link,1,2026-01-18 18:38:00,success,5030.69
A00002403,P002403,escalate,1,2026-05-25 22:54:00,failed,0.0
A00002404,P002404,retry,1,2026-04-08 01:51:00,failed,0.0
A00002405,P002405,message,1,2026-05-15 21:05:00,failed,0.0
A00002406,P002406,retry,1,2026-03-23 16:58:00,failed,0.0
A00002407,P002407,escalate,1,2026-05-08 05:57:00,failed,0.0
A00002408,P002408,retry,1,2026-01-02 02:24:00,failed,0.0
A00002409,P002409,stop,1,2026-04-13 20:30:00,failed,0.0
A00002410,P002410,stop,1,2026-03-12 12:24:00,failed,0.0
A00002411,P002411,payment_link,1,2026-05-17 20:24:00,success,32818.73
A00002412,P002412,escalate,1,2026-01-17 04:36:00,failed,0.0
A00002413,P002413,message,1,2026-04-18 07:56:00,failed,0.0
A00002414,P002414,stop,1,2026-05-22 08:37:00,failed,0.0
A00002415,P002415,stop,1,2026-01-10 20:00:00,failed,0.0
A00002416,P002416,stop,1,2026-05-03 15:57:00,failed,0.0
A00002417,P002417,escalate,1,2026-01-25 00:12:00,success,2288.66
A00002418,P002418,escalate,1,2026-01-18 05:42:00,success,700.4
A00002419,P002419,escalate,1,2026-03-04 11:29:00,failed,0.0
A00002420,P002420,stop,1,2026-03-25 15:16:00,success,6859.5
A00002421,P002421,stop,1,2026-01-30 13:47:00,failed,0.0
A00002422,P002422,retry,1,2026-01-26 13:40:00,failed,0.0
A00002423,P002423,retry,1,2026-05-22 08:45:00,success,907.93
A00002424,P002424,retry,1,2026-02-08 08:31:00,failed,0.0
A00002425,P002425,stop,1,2026-03-30 16:59:00,failed,0.0
A00002426,P002426,message,1,2026-03-12 23:56:00,failed,0.0
A00002427,P002427,payment_link,1,2026-01-20 03:44:00,success,882.61
A00002428,P002428,retry,1,2026-05-25 21:26:00,failed,0.0
A00002429,P002429,stop,1,2026-01-01 18:54:00,failed,0.0
A00002430,P002430,payment_link,1,2026-01-17 22:37:00,failed,0.0
A00002431,P002431,stop,1,2026-04-18 22:02:00,failed,0.0
A00002432,P002432,stop,1,2026-03-23 16:58:00,failed,0.0
A00002433,P002433,message,1,2026-02-04 17:07:00,success,4573.79
A00002434,P002434,retry,1,2026-04-26 01:42:00,failed,0.0
A00002435,P002435,retry,1,2026-02-07 23:50:00,failed,0.0
A00002436,P002436,message,1,2026-03-14 08:24:00,failed,0.0
A00002437,P002437,message,1,2026-03-26 07:05:00,success,6098.98
A00002438,P002438,retry,1,2026-06-24 12:36:00,success,16972.14
A00002439,P002439,payment_link,1,2026-05-02 21:50:00,failed,0.0
A00002440,P002440,message,1,2026-06-16 08:43:00,failed,0.0
A00002441,P002441,stop,1,2026-01-08 18:49:00,failed,0.0
A00002442,P002442,stop,1,2026-04-11 05:00:00,failed,0.0
A00002443,P002443,escalate,1,2026-05-26 05:29:00,failed,0.0
A00002444,P002444,message,1,2026-01-30 00:26:00,success,6609.11
A00002445,P002445,message,1,2026-02-12 13:05:00,failed,0.0
A00002446,P002446,retry,1,2026-05-29 04:41:00,failed,0.0
A00002447,P002447,retry,1,2026-02-20 05:35:00,success,1029.09
A00002448,P002448,stop,1,2026-02-21 11:24:00,failed,0.0
A00002449,P002449,retry,1,2026-05-19 05:51:00,failed,0.0
A00002450,P002450,payment_link,1,2026-06-06 18:58:00,failed,0.0
A00002451,P002451,payment_link,1,2026-02-21 03:07:00,success,1516.89
A00002452,P002452,escalate,1,2026-06-19 14:09:00,success,3692.61
A00002453,P002453,retry,1,2026-06-15 11:41:00,failed,0.0
A00002454,P002454,message,1,2026-04-09 23:42:00,failed,0.0
A00002455,P002455,retry,1,2026-02-04 11:52:00,failed,0.0
A00002456,P002456,payment_link,1,2026-02-10 01:29:00,failed,0.0
A00002457,P002457,retry,1,2026-01-12 02:34:00,success,1598.52
A00002458,P002458,escalate,1,2026-06-02 17:40:00,success,5626.57
A00002459,P002459,stop,1,2026-03-11 21:21:00,failed,0.0
A00002460,P002460,retry,1,2026-02-24 09:18:00,failed,0.0
A00002461,P002461,retry,1,2026-01-02 19:07:00,failed,0.0
A00002462,P002462,escalate,1,2026-02-17 08:22:00,success,2878.03
A00002463,P002463,payment_link,1,2026-02-17 00:19:00,failed,0.0
A00002464,P002464,stop,1,2026-04-26 20:47:00,failed,0.0
A00002465,P002465,stop,1,2026-06-18 05:56:00,failed,0.0
A00002466,P002466,payment_link,1,2026-05-11 18:36:00,failed,0.0
A00002467,P002467,stop,1,2026-03-06 22:58:00,failed,0.0
A00002468,P002468,stop,1,2026-04-04 19:48:00,failed,0.0
A00002469,P002469,escalate,1,2026-05-20 23:22:00,failed,0.0
A00002470,P002470,payment_link,1,2026-01-13 07:15:00,success,6261.13
A00002471,P002471,escalate,1,2026-04-12 16:43:00,failed,0.0
A00002472,P002472,escalate,1,2026-06-02 18:39:00,success,756.7
A00002473,P002473,payment_link,1,2026-06-16 01:15:00,success,3227.21
A00002474,P002474,retry,1,2026-02-04 17:38:00,failed,0.0
A00002475,P002475,message,1,2026-05-27 02:53:00,success,7784.74
A00002476,P002476,retry,1,2026-03-30 14:08:00,failed,0.0
A00002477,P002477,payment_link,1,2026-02-16 08:55:00,success,8851.53
A00002478,P002478,escalate,1,2026-02-21 10:12:00,failed,0.0
A00002479,P002479,stop,1,2026-05-30 21:12:00,failed,0.0
A00002480,P002480,retry,1,2026-02-21 23:19:00,success,1285.45
A00002481,P002481,stop,1,2026-04-12 21:30:00,failed,0.0
A00002482,P002482,stop,1,2026-06-01 03:23:00,failed,0.0
A00002483,P002483,retry,1,2026-05-13 20:05:00,failed,0.0
A00002484,P002484,payment_link,1,2026-03-11 20:42:00,failed,0.0
A00002485,P002485,stop,1,2026-04-01 13:25:00,failed,0.0
A00002486,P002486,payment_link,1,2026-01-19 17:59:00,success,910.55
A00002487,P002487,escalate,1,2026-02-10 22:18:00,failed,0.0
A00002488,P002488,stop,1,2026-04-14 18:01:00,failed,0.0
A00002489,P002489,payment_link,1,2026-06-07 15:45:00,failed,0.0
A00002490,P002490,stop,1,2026-06-09 15:34:00,failed,0.0
A00002491,P002491,message,1,2026-01-11 05:06:00,success,2231.61
A00002492,P002492,escalate,1,2026-01-30 19:10:00,failed,0.0
A00002493,P002493,stop,1,2026-04-19 10:57:00,failed,0.0
A00002494,P002494,stop,1,2026-02-02 21:37:00,failed,0.0
A00002495,P002495,stop,1,2026-06-04 13:24:00,failed,0.0
A00002496,P002496,stop,1,2026-02-14 13:50:00,failed,0.0
A00002497,P002497,retry,1,2026-04-30 12:01:00,failed,0.0
A00002498,P002498,retry,1,2026-03-23 20:57:00,failed,0.0
A00002499,P002499,message,1,2026-05-13 20:21:00,success,1087.66
A00002500,P002500,stop,1,2026-04-04 06:12:00,failed,0.0
A00002501,P002501,message,1,2026-02-25 22:37:00,failed,0.0
A00002502,P002502,payment_link,1,2026-03-15 13:37:00,failed,0.0
A00002503,P002503,escalate,1,2026-06-25 10:06:00,failed,0.0
A00002504,P002504,payment_link,1,2026-01-09 06:23:00,failed,0.0
A00002505,P002505,stop,1,2026-03-09 00:15:00,failed,0.0
A00002506,P002506,stop,1,2026-03-10 16:46:00,failed,0.0
A00002507,P002507,stop,1,2026-03-21 11:13:00,failed,0.0
A00002508,P002508,message,1,2026-03-31 19:13:00,failed,0.0
A00002509,P002509,escalate,1,2026-04-26 05:41:00,failed,0.0
A00002510,P002510,stop,1,2026-03-28 00:00:00,failed,0.0
A00002511,P002511,stop,1,2026-06-22 11:19:00,failed,0.0
A00002512,P002512,message,1,2026-03-01 17:10:00,failed,0.0
A00002513,P002513,payment_link,1,2026-04-11 11:23:00,failed,0.0
A00002514,P002514,payment_link,1,2026-02-27 04:49:00,failed,0.0
A00002515,P002515,retry,1,2026-03-11 18:07:00,failed,0.0
A00002516,P002516,stop,1,2026-04-26 13:57:00,failed,0.0
A00002517,P002517,escalate,1,2026-05-15 15:15:00,failed,0.0
A00002518,P002518,message,1,2026-01-23 02:07:00,failed,0.0
A00002519,P002519,payment_link,1,2026-01-31 03:07:00,success,5697.25
A00002520,P002520,payment_link,1,2026-05-01 18:19:00,failed,0.0
A00002521,P002521,escalate,1,2026-04-18 19:59:00,success,8982.2
A00002522,P002522,escalate,1,2026-01-14 12:56:00,success,1822.52
A00002523,P002523,stop,1,2026-04-15 20:47:00,failed,0.0
A00002524,P002524,escalate,1,2026-05-31 19:30:00,failed,0.0
A00002525,P002525,payment_link,1,2026-04-20 14:23:00,failed,0.0
A00002526,P002526,message,1,2026-01-25 21:35:00,failed,0.0
A00002527,P002527,payment_link,1,2026-06-28 09:39:00,success,8186.83
A00002528,P002528,payment_link,1,2026-05-02 22:16:00,success,2741.33
A00002529,P002529,stop,1,2026-06-05 08:13:00,failed,0.0
A00002530,P002530,escalate,1,2026-02-10 03:19:00,success,7401.95
A00002531,P002531,escalate,1,2026-02-28 19:52:00,success,2632.72
A00002532,P002532,retry,1,2026-01-30 06:30:00,success,4825.72
A00002533,P002533,escalate,1,2026-01-04 09:51:00,failed,0.0
A00002534,P002534,stop,1,2026-04-02 07:49:00,failed,0.0
A00002535,P002535,escalate,1,2026-04-19 08:38:00,success,1711.48
A00002536,P002536,payment_link,1,2026-06-22 21:40:00,failed,0.0
A00002537,P002537,message,1,2026-06-27 03:07:00,failed,0.0
A00002538,P002538,message,1,2026-03-09 02:36:00,failed,0.0
A00002539,P002539,payment_link,1,2026-04-13 00:35:00,success,5788.48
A00002540,P002540,retry,1,2026-04-27 22:08:00,failed,0.0
A00002541,P002541,stop,1,2026-05-14 14:42:00,failed,0.0
A00002542,P002542,payment_link,1,2026-06-17 20:39:00,failed,0.0
A00002543,P002543,message,1,2026-06-22 04:45:00,failed,0.0
A00002544,P002544,stop,1,2026-05-09 12:29:00,failed,0.0
A00002545,P002545,message,1,2026-03-09 03:24:00,failed,0.0
A00002546,P002546,stop,1,2026-04-10 23:51:00,failed,0.0
A00002547,P002547,stop,1,2026-06-20 17:11:00,failed,0.0
A00002548,P002548,retry,1,2026-02-11 02:32:00,failed,0.0
A00002549,P002549,retry,1,2026-06-11 22:49:00,failed,0.0
A00002550,P002550,retry,1,2026-03-07 23:06:00,failed,0.0
A00002551,P002551,escalate,1,2026-03-10 02:17:00,failed,0.0
A00002552,P002552,retry,1,2026-01-27 23:35:00,failed,0.0
A00002553,P002553,escalate,1,2026-03-18 23:19:00,success,2732.72
A00002554,P002554,stop,1,2026-06-01 19:45:00,failed,0.0
A00002555,P002555,message,1,2026-04-11 09:48:00,failed,0.0
A00002556,P002556,stop,1,2026-01-31 06:13:00,success,1840.65
A00002557,P002557,retry,1,2026-04-25 07:40:00,failed,0.0
A00002558,P002558,retry,1,2026-01-18 04:52:00,failed,0.0
A00002559,P002559,stop,1,2026-02-02 17:57:00,failed,0.0
A00002560,P002560,stop,1,2026-02-23 06:29:00,failed,0.0
A00002561,P002561,payment_link,1,2026-05-27 16:51:00,failed,0.0
A00002562,P002562,stop,1,2026-04-30 11:34:00,failed,0.0
A00002563,P002563,message,1,2026-06-17 00:54:00,success,2459.0
A00002564,P002564,retry,1,2026-05-13 07:56:00,success,1587.5
A00002565,P002565,stop,1,2026-06-19 17:32:00,success,2473.51
A00002566,P002566,message,1,2026-01-28 03:36:00,failed,0.0
A00002567,P002567,escalate,1,2026-05-05 03:57:00,failed,0.0
A00002568,P002568,retry,1,2026-05-13 08:04:00,failed,0.0
A00002569,P002569,retry,1,2026-01-27 15:23:00,success,6143.48
A00002570,P002570,retry,1,2026-02-15 12:35:00,failed,0.0
A00002571,P002571,retry,1,2026-02-15 23:32:00,success,4153.02
A00002572,P002572,message,1,2026-03-27 08:23:00,success,9334.38
A00002573,P002573,retry,1,2026-05-31 14:16:00,failed,0.0
A00002574,P002574,message,1,2026-06-27 22:16:00,failed,0.0
A00002575,P002575,payment_link,1,2026-06-20 02:03:00,failed,0.0
A00002576,P002576,payment_link,1,2026-05-13 20:41:00,success,7456.57
A00002577,P002577,payment_link,1,2026-01-21 06:29:00,success,621.98
A00002578,P002578,stop,1,2026-06-09 04:19:00,failed,0.0
A00002579,P002579,escalate,1,2026-05-10 20:29:00,failed,0.0
A00002580,P002580,payment_link,1,2026-06-07 19:05:00,success,1649.83
A00002581,P002581,payment_link,1,2026-06-12 02:42:00,success,1087.32
A00002582,P002582,payment_link,1,2026-03-02 20:55:00,success,3191.45
A00002583,P002583,stop,1,2026-05-03 06:25:00,failed,0.0
A00002584,P002584,payment_link,1,2026-01-03 13:47:00,failed,0.0
A00002585,P002585,escalate,1,2026-03-05 05:16:00,success,3986.85
A00002586,P002586,payment_link,1,2026-01-19 06:51:00,failed,0.0
A00002587,P002587,payment_link,1,2026-01-18 00:56:00,success,1640.96
A00002588,P002588,message,1,2026-03-03 16:24:00,failed,0.0
A00002589,P002589,message,1,2026-03-20 17:57:00,failed,0.0
A00002590,P002590,escalate,1,2026-03-27 00:17:00,success,29389.09
A00002591,P002591,retry,1,2026-01-25 08:17:00,success,2618.78
A00002592,P002592,retry,1,2026-06-15 15:22:00,failed,0.0
A00002593,P002593,retry,1,2026-04-07 19:46:00,success,4619.09
A00002594,P002594,escalate,1,2026-03-27 22:11:00,success,1879.47
A00002595,P002595,escalate,1,2026-05-24 12:43:00,success,1332.28
A00002596,P002596,retry,1,2026-01-01 09:25:00,failed,0.0
A00002597,P002597,stop,1,2026-04-26 06:28:00,failed,0.0
A00002598,P002598,payment_link,1,2026-03-18 20:46:00,failed,0.0
A00002599,P002599,retry,1,2026-06-30 03:02:00,failed,0.0
A00002600,P002600,escalate,1,2026-05-13 07:24:00,failed,0.0
A00002601,P002601,payment_link,1,2026-03-09 21:25:00,failed,0.0
A00002602,P002602,escalate,1,2026-05-19 10:44:00,success,1325.35
A00002603,P002603,payment_link,1,2026-04-01 03:04:00,success,3311.29
A00002604,P002604,escalate,1,2026-02-12 10:22:00,failed,0.0
A00002605,P002605,escalate,1,2026-06-27 12:52:00,success,7507.32
A00002606,P002606,payment_link,1,2026-06-08 17:53:00,failed,0.0
A00002607,P002607,stop,1,2026-03-27 06:38:00,failed,0.0
A00002608,P002608,escalate,1,2026-01-29 09:42:00,failed,0.0
A00002609,P002609,escalate,1,2026-03-13 00:54:00,failed,0.0
A00002610,P002610,stop,1,2026-02-01 05:36:00,failed,0.0
A00002611,P002611,message,1,2026-05-14 02:40:00,failed,0.0
A00002612,P002612,escalate,1,2026-06-10 17:33:00,failed,0.0
A00002613,P002613,payment_link,1,2026-03-22 10:24:00,success,1750.35
A00002614,P002614,stop,1,2026-01-24 03:07:00,failed,0.0
A00002615,P002615,payment_link,1,2026-05-03 15:40:00,failed,0.0
A00002616,P002616,escalate,1,2026-05-24 11:25:00,failed,0.0
A00002617,P002617,payment_link,1,2026-06-23 17:39:00,success,3926.8
A00002618,P002618,retry,1,2026-03-27 13:23:00,failed,0.0
A00002619,P002619,message,1,2026-01-16 07:55:00,failed,0.0
A00002620,P002620,payment_link,1,2026-03-10 12:28:00,failed,0.0
A00002621,P002621,stop,1,2026-06-14 21:32:00,failed,0.0
A00002622,P002622,stop,1,2026-01-13 04:09:00,failed,0.0
A00002623,P002623,payment_link,1,2026-06-14 15:51:00,failed,0.0
A00002624,P002624,payment_link,1,2026-05-14 08:27:00,failed,0.0
A00002625,P002625,payment_link,1,2026-03-09 02:45:00,failed,0.0
A00002626,P002626,retry,1,2026-01-14 16:40:00,failed,0.0
A00002627,P002627,payment_link,1,2026-02-11 14:11:00,failed,0.0
A00002628,P002628,stop,1,2026-03-08 18:38:00,failed,0.0
A00002629,P002629,escalate,1,2026-04-12 05:54:00,success,2438.67
A00002630,P002630,retry,1,2026-01-10 01:33:00,failed,0.0
A00002631,P002631,message,1,2026-03-04 14:55:00,failed,0.0
A00002632,P002632,stop,1,2026-05-01 10:42:00,failed,0.0
A00002633,P002633,payment_link,1,2026-05-02 09:54:00,success,6140.17
A00002634,P002634,stop,1,2026-06-24 01:52:00,failed,0.0
A00002635,P002635,stop,1,2026-01-12 15:32:00,failed,0.0
A00002636,P002636,message,1,2026-03-16 16:09:00,success,2846.23
A00002637,P002637,message,1,2026-05-26 17:25:00,failed,0.0
A00002638,P002638,stop,1,2026-06-11 05:50:00,failed,0.0
A00002639,P002639,retry,1,2026-02-21 10:48:00,success,5729.24
A00002640,P002640,payment_link,1,2026-03-07 08:10:00,success,6532.95
A00002641,P002641,retry,1,2026-01-09 06:39:00,failed,0.0
A00002642,P002642,escalate,1,2026-01-02 09:46:00,success,25005.25
A00002643,P002643,escalate,1,2026-02-20 20:18:00,failed,0.0
A00002644,P002644,escalate,1,2026-02-11 20:05:00,failed,0.0
A00002645,P002645,stop,1,2026-06-27 12:37:00,success,6169.88
A00002646,P002646,payment_link,1,2026-01-14 06:49:00,success,2590.43
A00002647,P002647,payment_link,1,2026-05-19 07:19:00,success,1373.01
A00002648,P002648,message,1,2026-04-01 23:20:00,success,2205.6
A00002649,P002649,payment_link,1,2026-05-17 20:27:00,failed,0.0
A00002650,P002650,escalate,1,2026-05-26 16:46:00,failed,0.0
A00002651,P002651,retry,1,2026-06-13 08:46:00,success,26645.85
A00002652,P002652,stop,1,2026-03-13 16:51:00,failed,0.0
A00002653,P002653,escalate,1,2026-06-18 23:54:00,failed,0.0
A00002654,P002654,retry,1,2026-02-04 19:42:00,success,6421.38
A00002655,P002655,payment_link,1,2026-02-05 04:10:00,failed,0.0
A00002656,P002656,retry,1,2026-05-29 00:41:00,failed,0.0
A00002657,P002657,retry,1,2026-03-18 07:52:00,success,2400.55
A00002658,P002658,payment_link,1,2026-05-18 22:30:00,failed,0.0
A00002659,P002659,message,1,2026-02-28 07:52:00,failed,0.0
A00002660,P002660,stop,1,2026-06-06 11:53:00,failed,0.0
A00002661,P002661,retry,1,2026-02-17 11:52:00,failed,0.0
A00002662,P002662,retry,1,2026-05-30 04:23:00,success,2924.72
A00002663,P002663,retry,1,2026-04-18 06:58:00,failed,0.0
A00002664,P002664,message,1,2026-01-21 21:18:00,failed,0.0
A00002665,P002665,payment_link,1,2026-06-24 23:02:00,success,1587.37
A00002666,P002666,message,1,2026-04-18 19:33:00,success,3872.8
A00002667,P002667,stop,1,2026-04-25 20:21:00,failed,0.0
A00002668,P002668,payment_link,1,2026-06-03 03:15:00,failed,0.0
A00002669,P002669,message,1,2026-06-23 15:40:00,failed,0.0
A00002670,P002670,payment_link,1,2026-01-30 11:13:00,failed,0.0
A00002671,P002671,message,1,2026-01-03 21:43:00,failed,0.0
A00002672,P002672,escalate,1,2026-02-17 02:57:00,failed,0.0
A00002673,P002673,retry,1,2026-01-30 20:15:00,success,6933.92
A00002674,P002674,payment_link,1,2026-05-22 01:01:00,failed,0.0
A00002675,P002675,stop,1,2026-06-30 04:57:00,failed,0.0
A00002676,P002676,message,1,2026-04-28 16:00:00,success,4004.5
A00002677,P002677,escalate,1,2026-05-27 16:49:00,failed,0.0
A00002678,P002678,escalate,1,2026-06-14 20:41:00,failed,0.0
A00002679,P002679,retry,1,2026-01-23 04:43:00,failed,0.0
A00002680,P002680,payment_link,1,2026-03-07 12:06:00,success,2523.24
A00002681,P002681,payment_link,1,2026-02-19 00:07:00,success,2693.24
A00002682,P002682,escalate,1,2026-05-31 03:18:00,failed,0.0
A00002683,P002683,stop,1,2026-01-03 02:24:00,failed,0.0
A00002684,P002684,escalate,1,2026-03-20 22:30:00,failed,0.0
A00002685,P002685,payment_link,1,2026-01-18 18:48:00,failed,0.0
A00002686,P002686,stop,1,2026-05-29 08:00:00,failed,0.0
A00002687,P002687,escalate,1,2026-05-24 05:45:00,success,1915.1
A00002688,P002688,stop,1,2026-05-02 22:04:00,failed,0.0
A00002689,P002689,stop,1,2026-03-15 12:40:00,success,2555.05
A00002690,P002690,payment_link,1,2026-02-13 07:09:00,success,4700.64
A00002691,P002691,message,1,2026-06-22 08:59:00,success,7245.71
A00002692,P002692,message,1,2026-01-06 15:29:00,success,3394.77
A00002693,P002693,payment_link,1,2026-03-11 08:08:00,failed,0.0
A00002694,P002694,escalate,1,2026-01-05 11:07:00,success,1992.44
A00002695,P002695,retry,1,2026-02-09 05:03:00,success,731.71
A00002696,P002696,stop,1,2026-05-08 02:17:00,failed,0.0
A00002697,P002697,stop,1,2026-03-13 02:35:00,failed,0.0
A00002698,P002698,stop,1,2026-04-04 13:57:00,failed,0.0
A00002699,P002699,stop,1,2026-03-03 08:50:00,failed,0.0
A00002700,P002700,escalate,1,2026-04-16 11:43:00,failed,0.0
A00002701,P002701,escalate,1,2026-06-27 02:13:00,failed,0.0
A00002702,P002702,message,1,2026-01-22 13:56:00,failed,0.0
A00002703,P002703,payment_link,1,2026-03-10 06:05:00,success,1044.43
A00002704,P002704,payment_link,1,2026-03-13 03:50:00,failed,0.0
A00002705,P002705,escalate,1,2026-06-23 09:12:00,failed,0.0
A00002706,P002706,escalate,1,2026-02-18 00:58:00,success,4001.98
A00002707,P002707,retry,1,2026-03-04 22:22:00,success,3447.34
A00002708,P002708,stop,1,2026-05-30 01:28:00,failed,0.0
A00002709,P002709,payment_link,1,2026-02-26 07:09:00,success,20515.89
A00002710,P002710,payment_link,1,2026-02-19 16:13:00,success,3381.02
A00002711,P002711,message,1,2026-04-20 12:56:00,success,3705.67
A00002712,P002712,retry,1,2026-03-17 10:09:00,failed,0.0
A00002713,P002713,escalate,1,2026-01-04 14:01:00,failed,0.0
A00002714,P002714,stop,1,2026-05-19 15:37:00,failed,0.0
A00002715,P002715,retry,1,2026-02-06 19:22:00,success,912.07
A00002716,P002716,stop,1,2026-01-04 23:30:00,failed,0.0
A00002717,P002717,retry,1,2026-06-17 01:01:00,success,7950.69
A00002718,P002718,retry,1,2026-02-01 00:44:00,success,2179.36
A00002719,P002719,payment_link,1,2026-03-21 15:44:00,success,2289.49
A00002720,P002720,escalate,1,2026-03-30 10:02:00,failed,0.0
A00002721,P002721,message,1,2026-05-26 09:42:00,failed,0.0
A00002722,P002722,message,1,2026-03-14 12:04:00,success,3132.83
A00002723,P002723,stop,1,2026-04-15 23:40:00,failed,0.0
A00002724,P002724,stop,1,2026-04-22 11:29:00,failed,0.0
A00002725,P002725,retry,1,2026-06-21 04:03:00,failed,0.0
A00002726,P002726,message,1,2026-03-05 06:37:00,failed,0.0
A00002727,P002727,escalate,1,2026-06-09 16:54:00,failed,0.0
A00002728,P002728,message,1,2026-03-15 11:28:00,failed,0.0
A00002729,P002729,escalate,1,2026-04-08 07:48:00,success,2273.89
A00002730,P002730,escalate,1,2026-03-15 00:33:00,failed,0.0
A00002731,P002731,stop,1,2026-04-14 00:52:00,failed,0.0
A00002732,P002732,retry,1,2026-06-17 09:39:00,failed,0.0
A00002733,P002733,retry,1,2026-05-14 23:17:00,failed,0.0
A00002734,P002734,stop,1,2026-03-12 16:03:00,failed,0.0
A00002735,P002735,escalate,1,2026-05-29 09:11:00,success,19071.32
A00002736,P002736,stop,1,2026-05-30 15:42:00,failed,0.0
A00002737,P002737,escalate,1,2026-03-07 13:32:00,failed,0.0
A00002738,P002738,message,1,2026-06-02 08:17:00,failed,0.0
A00002739,P002739,payment_link,1,2026-04-15 19:54:00,success,2985.05
A00002740,P002740,message,1,2026-05-19 17:19:00,success,1287.39
A00002741,P002741,payment_link,1,2026-04-12 15:29:00,success,5108.89
A00002742,P002742,payment_link,1,2026-02-04 15:39:00,failed,0.0
A00002743,P002743,payment_link,1,2026-02-09 04:52:00,success,2483.27
A00002744,P002744,escalate,1,2026-03-31 08:21:00,failed,0.0
A00002745,P002745,stop,1,2026-01-20 05:17:00,failed,0.0
A00002746,P002746,retry,1,2026-01-15 03:37:00,failed,0.0
A00002747,P002747,retry,1,2026-03-10 03:24:00,success,1153.25
A00002748,P002748,payment_link,1,2026-05-04 20:41:00,failed,0.0
A00002749,P002749,payment_link,1,2026-04-03 03:43:00,success,1490.67
A00002750,P002750,payment_link,1,2026-01-13 13:53:00,failed,0.0
A00002751,P002751,payment_link,1,2026-06-22 19:22:00,success,3788.28
A00002752,P002752,stop,1,2026-02-01 22:01:00,failed,0.0
A00002753,P002753,retry,1,2026-03-26 18:07:00,success,21570.7
A00002754,P002754,escalate,1,2026-03-10 22:40:00,failed,0.0
A00002755,P002755,payment_link,1,2026-06-14 12:07:00,failed,0.0
A00002756,P002756,stop,1,2026-04-19 23:35:00,failed,0.0
A00002757,P002757,escalate,1,2026-06-09 13:16:00,success,4073.33
A00002758,P002758,escalate,1,2026-05-10 08:29:00,failed,0.0
A00002759,P002759,escalate,1,2026-06-12 12:54:00,success,2021.06
A00002760,P002760,retry,1,2026-03-24 01:58:00,success,2122.28
A00002761,P002761,payment_link,1,2026-02-22 06:07:00,failed,0.0
A00002762,P002762,message,1,2026-02-25 20:33:00,failed,0.0
A00002763,P002763,message,1,2026-04-02 04:00:00,success,2429.74
A00002764,P002764,stop,1,2026-05-24 09:23:00,failed,0.0
A00002765,P002765,retry,1,2026-02-19 04:17:00,failed,0.0
A00002766,P002766,retry,1,2026-03-24 03:48:00,failed,0.0
A00002767,P002767,escalate,1,2026-03-17 21:55:00,failed,0.0
A00002768,P002768,message,1,2026-04-15 11:31:00,success,4657.95
A00002769,P002769,payment_link,1,2026-01-14 23:57:00,failed,0.0
A00002770,P002770,retry,1,2026-06-06 22:26:00,success,2540.84
A00002771,P002771,message,1,2026-04-30 20:22:00,success,1022.59
A00002772,P002772,payment_link,1,2026-01-27 17:59:00,success,1125.52
A00002773,P002773,escalate,1,2026-06-10 15:43:00,success,4937.54
A00002774,P002774,payment_link,1,2026-05-22 22:03:00,success,15014.66
A00002775,P002775,message,1,2026-04-17 00:37:00,failed,0.0
A00002776,P002776,stop,1,2026-06-06 11:30:00,failed,0.0
A00002777,P002777,retry,1,2026-01-28 07:44:00,failed,0.0
A00002778,P002778,message,1,2026-06-15 06:59:00,failed,0.0
A00002779,P002779,retry,1,2026-05-17 11:31:00,failed,0.0
A00002780,P002780,escalate,1,2026-03-04 12:28:00,failed,0.0
A00002781,P002781,payment_link,1,2026-03-16 09:46:00,success,1775.66
A00002782,P002782,message,1,2026-05-19 21:39:00,failed,0.0
A00002783,P002783,payment_link,1,2026-06-29 16:37:00,failed,0.0
A00002784,P002784,payment_link,1,2026-04-27 13:48:00,success,2158.52
A00002785,P002785,payment_link,1,2026-02-13 12:44:00,success,2271.86
A00002786,P002786,message,1,2026-02-22 05:57:00,success,5691.34
A00002787,P002787,retry,1,2026-06-29 01:09:00,success,2298.29
A00002788,P002788,stop,1,2026-06-24 05:15:00,failed,0.0
A00002789,P002789,stop,1,2026-01-20 15:21:00,failed,0.0
A00002790,P002790,retry,1,2026-03-08 17:04:00,success,2026.17
A00002791,P002791,payment_link,1,2026-01-17 02:45:00,failed,0.0
A00002792,P002792,retry,1,2026-01-09 13:55:00,failed,0.0
A00002793,P002793,message,1,2026-06-10 05:43:00,success,29734.97
A00002794,P002794,escalate,1,2026-06-11 03:18:00,success,3047.53
A00002795,P002795,retry,1,2026-04-25 08:23:00,failed,0.0
A00002796,P002796,escalate,1,2026-04-23 19:27:00,failed,0.0
A00002797,P002797,payment_link,1,2026-06-18 14:51:00,failed,0.0
A00002798,P002798,retry,1,2026-02-13 19:39:00,failed,0.0
A00002799,P002799,payment_link,1,2026-03-04 13:26:00,success,1610.17
A00002800,P002800,stop,1,2026-01-13 03:16:00,failed,0.0
A00002801,P002801,retry,1,2026-04-06 15:33:00,failed,0.0
A00002802,P002802,escalate,1,2026-06-25 23:30:00,failed,0.0
A00002803,P002803,payment_link,1,2026-05-28 04:15:00,failed,0.0
A00002804,P002804,retry,1,2026-05-12 02:47:00,failed,0.0
A00002805,P002805,message,1,2026-02-04 21:40:00,failed,0.0
A00002806,P002806,escalate,1,2026-04-26 09:00:00,failed,0.0
A00002807,P002807,stop,1,2026-05-21 20:56:00,failed,0.0
A00002808,P002808,escalate,1,2026-04-02 06:11:00,failed,0.0
A00002809,P002809,stop,1,2026-02-27 19:18:00,failed,0.0
A00002810,P002810,stop,1,2026-02-15 05:29:00,failed,0.0
A00002811,P002811,retry,1,2026-06-17 17:53:00,success,21659.86
A00002812,P002812,escalate,1,2026-04-10 14:17:00,failed,0.0
A00002813,P002813,payment_link,1,2026-05-18 11:55:00,success,2170.08
A00002814,P002814,message,1,2026-04-23 21:35:00,failed,0.0
A00002815,P002815,retry,1,2026-02-20 17:56:00,failed,0.0
A00002816,P002816,payment_link,1,2026-06-10 09:33:00,failed,0.0
A00002817,P002817,stop,1,2026-02-22 02:16:00,failed,0.0
A00002818,P002818,payment_link,1,2026-05-29 22:34:00,failed,0.0
A00002819,P002819,payment_link,1,2026-03-10 08:52:00,failed,0.0
A00002820,P002820,payment_link,1,2026-05-11 19:45:00,failed,0.0
A00002821,P002821,escalate,1,2026-01-26 16:32:00,failed,0.0
A00002822,P002822,escalate,1,2026-01-31 14:34:00,success,2798.58
A00002823,P002823,retry,1,2026-06-09 04:56:00,failed,0.0
A00002824,P002824,stop,1,2026-01-04 13:24:00,failed,0.0
A00002825,P002825,escalate,1,2026-01-25 09:05:00,failed,0.0
A00002826,P002826,escalate,1,2026-01-21 15:04:00,success,3590.13
A00002827,P002827,stop,1,2026-03-09 00:19:00,failed,0.0
A00002828,P002828,stop,1,2026-04-24 13:03:00,failed,0.0
A00002829,P002829,payment_link,1,2026-04-05 00:00:00,failed,0.0
A00002830,P002830,payment_link,1,2026-06-17 00:38:00,success,2177.99
A00002831,P002831,stop,1,2026-01-23 18:58:00,failed,0.0
A00002832,P002832,message,1,2026-02-09 14:45:00,failed,0.0
A00002833,P002833,escalate,1,2026-06-19 16:28:00,failed,0.0
A00002834,P002834,stop,1,2026-06-18 03:57:00,failed,0.0
A00002835,P002835,escalate,1,2026-05-04 01:39:00,failed,0.0
A00002836,P002836,escalate,1,2026-03-02 09:46:00,failed,0.0
A00002837,P002837,escalate,1,2026-01-09 21:57:00,success,930.82
A00002838,P002838,payment_link,1,2026-02-04 01:19:00,success,4796.28
A00002839,P002839,escalate,1,2026-06-28 13:58:00,failed,0.0
A00002840,P002840,escalate,1,2026-06-06 13:14:00,failed,0.0
A00002841,P002841,stop,1,2026-06-08 12:58:00,failed,0.0
A00002842,P002842,retry,1,2026-02-22 17:41:00,failed,0.0
A00002843,P002843,payment_link,1,2026-03-10 23:09:00,failed,0.0
A00002844,P002844,retry,1,2026-03-03 20:39:00,failed,0.0
A00002845,P002845,retry,1,2026-01-26 01:20:00,success,1191.52
A00002846,P002846,stop,1,2026-03-17 19:18:00,failed,0.0
A00002847,P002847,escalate,1,2026-06-08 04:43:00,success,2057.33
A00002848,P002848,retry,1,2026-01-27 18:34:00,failed,0.0
A00002849,P002849,stop,1,2026-04-16 07:47:00,success,1823.71
A00002850,P002850,message,1,2026-06-04 22:52:00,failed,0.0
A00002851,P002851,retry,1,2026-01-20 05:42:00,failed,0.0
A00002852,P002852,retry,1,2026-05-24 21:59:00,success,1997.06
A00002853,P002853,message,1,2026-03-02 16:01:00,failed,0.0
A00002854,P002854,payment_link,1,2026-04-16 18:51:00,failed,0.0
A00002855,P002855,escalate,1,2026-03-07 08:47:00,failed,0.0
A00002856,P002856,payment_link,1,2026-05-10 14:00:00,success,3183.63
A00002857,P002857,escalate,1,2026-03-09 12:49:00,failed,0.0
A00002858,P002858,escalate,1,2026-05-24 04:03:00,failed,0.0
A00002859,P002859,message,1,2026-02-13 00:26:00,success,3446.54
A00002860,P002860,message,1,2026-04-20 21:52:00,failed,0.0
A00002861,P002861,escalate,1,2026-01-23 09:13:00,failed,0.0
A00002862,P002862,retry,1,2026-02-16 05:33:00,success,2231.47
A00002863,P002863,message,1,2026-03-26 17:44:00,success,1151.42
A00002864,P002864,escalate,1,2026-02-25 19:23:00,failed,0.0
A00002865,P002865,message,1,2026-03-10 00:32:00,failed,0.0
A00002866,P002866,retry,1,2026-06-02 20:39:00,failed,0.0
A00002867,P002867,escalate,1,2026-03-01 13:55:00,failed,0.0
A00002868,P002868,stop,1,2026-01-29 06:48:00,failed,0.0
A00002869,P002869,message,1,2026-01-16 11:24:00,failed,0.0
A00002870,P002870,payment_link,1,2026-01-20 15:30:00,success,1210.14
A00002871,P002871,payment_link,1,2026-02-04 21:25:00,success,28436.32
A00002872,P002872,payment_link,1,2026-05-03 15:57:00,success,8121.75
A00002873,P002873,escalate,1,2026-03-12 16:17:00,failed,0.0
A00002874,P002874,message,1,2026-03-14 13:45:00,failed,0.0
A00002875,P002875,escalate,1,2026-03-31 02:31:00,success,8142.86
A00002876,P002876,payment_link,1,2026-05-13 04:41:00,success,3449.39
A00002877,P002877,retry,1,2026-02-15 17:47:00,failed,0.0
A00002878,P002878,escalate,1,2026-05-09 03:45:00,failed,0.0
A00002879,P002879,payment_link,1,2026-01-26 08:25:00,success,378.88
A00002880,P002880,retry,1,2026-02-08 08:41:00,failed,0.0
A00002881,P002881,retry,1,2026-06-20 07:44:00,failed,0.0
A00002882,P002882,message,1,2026-06-27 04:25:00,failed,0.0
A00002883,P002883,escalate,1,2026-04-03 01:26:00,failed,0.0
A00002884,P002884,escalate,1,2026-03-18 10:50:00,success,7086.02
A00002885,P002885,stop,1,2026-03-31 06:29:00,failed,0.0
A00002886,P002886,stop,1,2026-01-09 19:46:00,failed,0.0
A00002887,P002887,escalate,1,2026-02-17 02:22:00,success,7535.52
A00002888,P002888,escalate,1,2026-01-29 09:45:00,failed,0.0
A00002889,P002889,stop,1,2026-02-25 12:53:00,failed,0.0
A00002890,P002890,escalate,1,2026-06-11 21:15:00,success,3541.72
A00002891,P002891,stop,1,2026-05-26 14:07:00,failed,0.0
A00002892,P002892,stop,1,2026-01-27 00:48:00,success,4292.26
A00002893,P002893,retry,1,2026-04-29 14:35:00,failed,0.0
A00002894,P002894,retry,1,2026-04-15 06:22:00,failed,0.0
A00002895,P002895,escalate,1,2026-06-28 14:39:00,failed,0.0
A00002896,P002896,escalate,1,2026-06-04 17:59:00,success,2145.58
A00002897,P002897,message,1,2026-05-15 11:03:00,success,1968.95
A00002898,P002898,escalate,1,2026-03-24 16:26:00,failed,0.0
A00002899,P002899,stop,1,2026-03-21 18:59:00,failed,0.0
A00002900,P002900,stop,1,2026-05-25 16:29:00,failed,0.0
A00002901,P002901,payment_link,1,2026-01-19 08:08:00,success,4075.76
A00002902,P002902,retry,1,2026-06-14 22:10:00,success,5774.54
A00002903,P002903,message,1,2026-04-17 13:02:00,failed,0.0
A00002904,P002904,message,1,2026-03-01 10:40:00,success,2204.33
A00002905,P002905,escalate,1,2026-01-30 01:06:00,failed,0.0
A00002906,P002906,stop,1,2026-06-25 05:21:00,failed,0.0
A00002907,P002907,message,1,2026-05-21 05:29:00,success,4103.04
A00002908,P002908,retry,1,2026-05-18 12:24:00,failed,0.0
A00002909,P002909,stop,1,2026-03-25 07:56:00,failed,0.0
A00002910,P002910,payment_link,1,2026-04-01 09:51:00,failed,0.0
A00002911,P002911,stop,1,2026-05-14 14:30:00,failed,0.0
A00002912,P002912,payment_link,1,2026-02-09 14:44:00,success,837.21
A00002913,P002913,payment_link,1,2026-04-21 06:59:00,failed,0.0
A00002914,P002914,retry,1,2026-06-17 03:27:00,success,1981.07
A00002915,P002915,payment_link,1,2026-02-24 14:12:00,failed,0.0
A00002916,P002916,payment_link,1,2026-05-29 05:52:00,success,7901.14
A00002917,P002917,escalate,1,2026-02-09 21:57:00,success,2590.97
A00002918,P002918,message,1,2026-04-06 02:42:00,success,1793.59
A00002919,P002919,retry,1,2026-01-25 11:52:00,failed,0.0
A00002920,P002920,stop,1,2026-02-05 08:34:00,failed,0.0
A00002921,P002921,payment_link,1,2026-01-12 18:28:00,failed,0.0
A00002922,P002922,escalate,1,2026-02-12 01:25:00,success,4075.39
A00002923,P002923,stop,1,2026-03-31 05:20:00,failed,0.0
A00002924,P002924,stop,1,2026-01-11 11:51:00,success,1835.75
A00002925,P002925,retry,1,2026-03-28 21:05:00,success,2872.28
A00002926,P002926,stop,1,2026-05-08 08:30:00,failed,0.0
A00002927,P002927,payment_link,1,2026-06-05 20:11:00,success,1783.03
A00002928,P002928,stop,1,2026-05-15 21:43:00,success,3701.53
A00002929,P002929,retry,1,2026-06-01 00:32:00,success,553.04
A00002930,P002930,stop,1,2026-05-15 16:08:00,failed,0.0
A00002931,P002931,escalate,1,2026-05-05 19:41:00,failed,0.0
A00002932,P002932,stop,1,2026-05-14 21:57:00,success,2552.91
A00002933,P002933,escalate,1,2026-06-29 12:56:00,success,3295.87
A00002934,P002934,stop,1,2026-03-31 21:02:00,failed,0.0
A00002935,P002935,retry,1,2026-02-24 09:41:00,failed,0.0
A00002936,P002936,escalate,1,2026-03-11 13:48:00,success,2167.47
A00002937,P002937,escalate,1,2026-03-16 12:07:00,success,9759.32
A00002938,P002938,payment_link,1,2026-05-17 00:14:00,success,2673.77
A00002939,P002939,payment_link,1,2026-06-04 15:46:00,failed,0.0
A00002940,P002940,retry,1,2026-01-03 16:08:00,failed,0.0
A00002941,P002941,payment_link,1,2026-02-02 18:43:00,failed,0.0
A00002942,P002942,stop,1,2026-04-06 02:45:00,failed,0.0
A00002943,P002943,stop,1,2026-05-10 12:13:00,success,534.69
A00002944,P002944,stop,1,2026-04-05 06:58:00,failed,0.0
A00002945,P002945,stop,1,2026-04-29 02:18:00,failed,0.0
A00002946,P002946,payment_link,1,2026-01-12 23:25:00,success,1118.89
A00002947,P002947,retry,1,2026-05-02 10:59:00,failed,0.0
A00002948,P002948,message,1,2026-02-14 15:36:00,failed,0.0
A00002949,P002949,stop,1,2026-04-20 06:10:00,failed,0.0
A00002950,P002950,retry,1,2026-01-04 14:12:00,failed,0.0
A00002951,P002951,payment_link,1,2026-02-18 21:00:00,failed,0.0
A00002952,P002952,message,1,2026-04-05 04:55:00,failed,0.0
A00002953,P002953,message,1,2026-04-14 21:20:00,failed,0.0
A00002954,P002954,payment_link,1,2026-02-28 20:17:00,success,659.44
A00002955,P002955,payment_link,1,2026-04-19 15:01:00,failed,0.0
A00002956,P002956,retry,1,2026-04-12 21:49:00,success,1466.13
A00002957,P002957,escalate,1,2026-02-27 22:06:00,failed,0.0
A00002958,P002958,payment_link,1,2026-06-28 01:34:00,success,3567.75
A00002959,P002959,retry,1,2026-06-04 00:20:00,failed,0.0
A00002960,P002960,retry,1,2026-05-07 04:07:00,success,2006.7
A00002961,P002961,message,1,2026-02-26 22:33:00,failed,0.0
A00002962,P002962,stop,1,2026-03-11 02:38:00,failed,0.0
A00002963,P002963,escalate,1,2026-04-12 01:39:00,failed,0.0
A00002964,P002964,escalate,1,2026-02-01 11:40:00,success,4869.88
A00002965,P002965,stop,1,2026-01-23 17:55:00,failed,0.0
A00002966,P002966,escalate,1,2026-04-13 21:02:00,success,4541.1
A00002967,P002967,retry,1,2026-04-23 18:46:00,failed,0.0
A00002968,P002968,payment_link,1,2026-06-23 02:05:00,success,2642.11
A00002969,P002969,retry,1,2026-02-14 04:33:00,failed,0.0
A00002970,P002970,message,1,2026-01-05 19:12:00,failed,0.0
A00002971,P002971,stop,1,2026-01-15 23:23:00,failed,0.0
A00002972,P002972,message,1,2026-05-06 10:55:00,failed,0.0
A00002973,P002973,payment_link,1,2026-01-30 10:49:00,failed,0.0
A00002974,P002974,payment_link,1,2026-03-09 10:13:00,success,2281.65
A00002975,P002975,message,1,2026-03-19 15:46:00,failed,0.0
A00002976,P002976,payment_link,1,2026-04-30 04:18:00,failed,0.0
A00002977,P002977,stop,1,2026-03-06 14:35:00,failed,0.0
A00002978,P002978,escalate,1,2026-03-04 05:16:00,failed,0.0
A00002979,P002979,payment_link,1,2026-01-14 15:07:00,success,2932.95
A00002980,P002980,message,1,2026-02-09 07:49:00,success,4005.82
A00002981,P002981,stop,1,2026-03-10 02:28:00,failed,0.0
A00002982,P002982,payment_link,1,2026-06-29 06:51:00,failed,0.0
A00002983,P002983,escalate,1,2026-03-13 23:11:00,success,2727.24
A00002984,P002984,retry,1,2026-05-05 06:27:00,failed,0.0
A00002985,P002985,message,1,2026-06-21 18:10:00,failed,0.0
A00002986,P002986,escalate,1,2026-05-31 04:20:00,failed,0.0
A00002987,P002987,stop,1,2026-02-01 22:41:00,failed,0.0
A00002988,P002988,retry,1,2026-03-19 16:09:00,failed,0.0
A00002989,P002989,payment_link,1,2026-06-02 00:25:00,success,2880.24
A00002990,P002990,message,1,2026-01-02 15:59:00,success,2162.98
A00002991,P002991,payment_link,1,2026-01-13 22:08:00,success,24633.35
A00002992,P002992,payment_link,1,2026-04-15 02:54:00,success,1677.02
A00002993,P002993,retry,1,2026-05-15 21:50:00,success,2805.78
A00002994,P002994,stop,1,2026-03-07 08:19:00,failed,0.0
A00002995,P002995,escalate,1,2026-02-14 11:21:00,success,3303.94
A00002996,P002996,escalate,1,2026-01-04 01:45:00,failed,0.0
A00002997,P002997,escalate,1,2026-03-06 01:48:00,success,7129.46
A00002998,P002998,escalate,1,2026-04-10 02:26:00,failed,0.0
A00002999,P002999,payment_link,1,2026-03-31 21:56:00,failed,0.0
A00003000,P003000,stop,1,2026-06-07 00:12:00,failed,0.0
A00003001,P003001,message,1,2026-04-26 20:44:00,failed,0.0
A00003002,P003002,retry,1,2026-02-05 18:38:00,success,2709.07
A00003003,P003003,payment_link,1,2026-04-08 03:04:00,failed,0.0
A00003004,P003004,escalate,1,2026-06-08 23:07:00,success,8970.28
A00003005,P003005,retry,1,2026-03-16 22:53:00,success,3400.25
A00003006,P003006,retry,1,2026-04-07 00:20:00,success,3405.03
A00003007,P003007,escalate,1,2026-06-03 08:44:00,failed,0.0
A00003008,P003008,message,1,2026-05-25 16:11:00,failed,0.0
A00003009,P003009,retry,1,2026-06-10 15:06:00,failed,0.0
A00003010,P003010,payment_link,1,2026-05-19 00:46:00,failed,0.0
A00003011,P003011,stop,1,2026-06-28 11:18:00,failed,0.0
A00003012,P003012,escalate,1,2026-06-21 12:40:00,failed,0.0
A00003013,P003013,stop,1,2026-03-05 03:46:00,failed,0.0
A00003014,P003014,payment_link,1,2026-01-26 19:47:00,failed,0.0
A00003015,P003015,message,1,2026-05-08 10:22:00,success,11293.19
A00003016,P003016,escalate,1,2026-02-17 07:18:00,failed,0.0
A00003017,P003017,escalate,1,2026-06-05 20:40:00,failed,0.0
A00003018,P003018,message,1,2026-01-19 01:17:00,failed,0.0
A00003019,P003019,stop,1,2026-01-04 06:41:00,failed,0.0
A00003020,P003020,retry,1,2026-02-14 22:43:00,success,2645.87
A00003021,P003021,escalate,1,2026-03-25 20:03:00,failed,0.0
A00003022,P003022,escalate,1,2026-04-19 21:45:00,failed,0.0
A00003023,P003023,message,1,2026-06-24 16:21:00,success,2187.28
A00003024,P003024,message,1,2026-06-06 15:44:00,success,1966.87
A00003025,P003025,stop,1,2026-04-13 15:38:00,success,1807.85
A00003026,P003026,message,1,2026-04-14 07:55:00,success,2537.43
A00003027,P003027,escalate,1,2026-01-09 21:13:00,failed,0.0
A00003028,P003028,message,1,2026-04-06 11:56:00,failed,0.0
A00003029,P003029,payment_link,1,2026-01-08 17:53:00,success,1706.45
A00003030,P003030,payment_link,1,2026-01-30 16:29:00,success,3742.9
A00003031,P003031,stop,1,2026-06-20 09:32:00,failed,0.0
A00003032,P003032,message,1,2026-04-07 20:56:00,success,1763.21
A00003033,P003033,stop,1,2026-02-08 06:10:00,failed,0.0
A00003034,P003034,escalate,1,2026-01-15 09:27:00,failed,0.0
A00003035,P003035,escalate,1,2026-05-08 11:06:00,failed,0.0
A00003036,P003036,escalate,1,2026-05-23 12:09:00,success,2977.04
A00003037,P003037,retry,1,2026-04-17 03:19:00,success,5326.98
A00003038,P003038,retry,1,2026-03-27 11:27:00,success,12129.38
A00003039,P003039,escalate,1,2026-01-15 11:59:00,failed,0.0
A00003040,P003040,retry,1,2026-04-08 09:45:00,failed,0.0
A00003041,P003041,retry,1,2026-02-09 02:40:00,failed,0.0
A00003042,P003042,message,1,2026-02-22 14:38:00,success,5739.98
A00003043,P003043,escalate,1,2026-01-31 13:52:00,failed,0.0
A00003044,P003044,message,1,2026-03-17 21:18:00,failed,0.0
A00003045,P003045,retry,1,2026-01-30 14:09:00,failed,0.0
A00003046,P003046,escalate,1,2026-05-21 18:25:00,success,2297.59
A00003047,P003047,message,1,2026-05-10 11:04:00,success,858.1
A00003048,P003048,stop,1,2026-02-17 06:05:00,failed,0.0
A00003049,P003049,payment_link,1,2026-02-28 23:35:00,failed,0.0
A00003050,P003050,message,1,2026-02-20 07:11:00,failed,0.0
A00003051,P003051,escalate,1,2026-01-12 06:57:00,failed,0.0
A00003052,P003052,stop,1,2026-02-10 18:22:00,failed,0.0
A00003053,P003053,message,1,2026-04-15 20:18:00,failed,0.0
A00003054,P003054,message,1,2026-04-06 08:39:00,failed,0.0
A00003055,P003055,escalate,1,2026-03-29 00:00:00,success,3265.06
A00003056,P003056,payment_link,1,2026-05-21 11:52:00,success,2525.37
A00003057,P003057,retry,1,2026-04-24 20:26:00,failed,0.0
A00003058,P003058,payment_link,1,2026-02-27 08:19:00,failed,0.0
A00003059,P003059,stop,1,2026-02-09 10:02:00,failed,0.0
A00003060,P003060,stop,1,2026-06-06 18:34:00,success,1777.43
A00003061,P003061,stop,1,2026-01-05 21:28:00,failed,0.0
A00003062,P003062,retry,1,2026-01-08 23:21:00,success,2450.7
A00003063,P003063,payment_link,1,2026-01-18 16:34:00,success,2399.66
A00003064,P003064,payment_link,1,2026-06-19 19:17:00,success,1371.6
A00003065,P003065,retry,1,2026-02-18 11:53:00,failed,0.0
A00003066,P003066,stop,1,2026-05-19 06:01:00,failed,0.0
A00003067,P003067,message,1,2026-06-09 10:47:00,failed,0.0
A00003068,P003068,escalate,1,2026-01-30 17:55:00,failed,0.0
A00003069,P003069,message,1,2026-01-03 08:59:00,failed,0.0
A00003070,P003070,payment_link,1,2026-02-14 11:15:00,failed,0.0
A00003071,P003071,message,1,2026-03-25 00:28:00,success,25964.12
A00003072,P003072,payment_link,1,2026-03-12 09:54:00,failed,0.0
A00003073,P003073,payment_link,1,2026-04-27 18:15:00,success,2244.12
A00003074,P003074,retry,1,2026-05-10 12:39:00,failed,0.0
A00003075,P003075,message,1,2026-06-30 01:03:00,success,4098.35
A00003076,P003076,stop,1,2026-01-25 14:42:00,failed,0.0
A00003077,P003077,payment_link,1,2026-04-13 13:54:00,success,2145.32
A00003078,P003078,message,1,2026-06-02 12:36:00,failed,0.0
A00003079,P003079,escalate,1,2026-03-09 18:29:00,failed,0.0
A00003080,P003080,stop,1,2026-01-16 06:04:00,failed,0.0
A00003081,P003081,message,1,2026-02-20 07:06:00,success,709.05
A00003082,P003082,stop,1,2026-04-20 01:11:00,failed,0.0
A00003083,P003083,message,1,2026-04-06 07:48:00,failed,0.0
A00003084,P003084,message,1,2026-02-21 09:02:00,failed,0.0
A00003085,P003085,stop,1,2026-04-13 22:22:00,failed,0.0
A00003086,P003086,payment_link,1,2026-03-11 05:47:00,success,2684.67
A00003087,P003087,message,1,2026-02-12 13:00:00,failed,0.0
A00003088,P003088,message,1,2026-06-02 16:18:00,failed,0.0
A00003089,P003089,payment_link,1,2026-05-25 16:11:00,failed,0.0
A00003090,P003090,stop,1,2026-01-19 01:10:00,failed,0.0
A00003091,P003091,message,1,2026-01-03 18:02:00,success,3248.65
A00003092,P003092,retry,1,2026-03-07 09:39:00,failed,0.0
A00003093,P003093,stop,1,2026-01-26 22:10:00,failed,0.0
A00003094,P003094,message,1,2026-03-12 10:16:00,failed,0.0
A00003095,P003095,payment_link,1,2026-04-12 23:36:00,success,592.54
A00003096,P003096,escalate,1,2026-03-02 14:08:00,success,927.37
A00003097,P003097,stop,1,2026-04-28 06:02:00,success,3236.7
A00003098,P003098,message,1,2026-01-29 01:54:00,success,3687.73
A00003099,P003099,payment_link,1,2026-04-24 07:18:00,success,982.42
A00003100,P003100,retry,1,2026-03-02 19:12:00,failed,0.0
A00003101,P003101,escalate,1,2026-02-22 02:53:00,success,3910.0
A00003102,P003102,escalate,1,2026-05-01 14:27:00,failed,0.0
A00003103,P003103,message,1,2026-01-22 17:42:00,failed,0.0
A00003104,P003104,message,1,2026-01-22 11:59:00,success,3397.74
A00003105,P003105,payment_link,1,2026-02-03 03:44:00,success,639.79
A00003106,P003106,payment_link,1,2026-02-14 17:22:00,success,4498.04
A00003107,P003107,stop,1,2026-06-10 20:31:00,failed,0.0
A00003108,P003108,message,1,2026-02-18 06:08:00,failed,0.0
A00003109,P003109,escalate,1,2026-03-26 13:33:00,success,1861.28
A00003110,P003110,message,1,2026-03-05 10:27:00,failed,0.0
A00003111,P003111,message,1,2026-02-08 18:17:00,failed,0.0
A00003112,P003112,escalate,1,2026-06-17 07:48:00,failed,0.0
A00003113,P003113,payment_link,1,2026-04-26 17:32:00,failed,0.0
A00003114,P003114,stop,1,2026-01-09 22:35:00,failed,0.0
A00003115,P003115,stop,1,2026-01-11 17:23:00,failed,0.0
A00003116,P003116,retry,1,2026-03-21 09:15:00,success,1983.84
A00003117,P003117,message,1,2026-04-10 10:32:00,failed,0.0
A00003118,P003118,stop,1,2026-06-12 18:59:00,failed,0.0
A00003119,P003119,stop,1,2026-04-19 11:10:00,failed,0.0
A00003120,P003120,stop,1,2026-06-01 03:47:00,failed,0.0
A00003121,P003121,message,1,2026-02-24 01:09:00,success,1643.74
A00003122,P003122,retry,1,2026-05-28 03:19:00,success,2632.05
A00003123,P003123,message,1,2026-04-04 12:59:00,success,3996.72
A00003124,P003124,escalate,1,2026-01-05 18:56:00,success,17781.46
A00003125,P003125,payment_link,1,2026-03-27 07:18:00,failed,0.0
A00003126,P003126,stop,1,2026-03-29 03:26:00,failed,0.0
A00003127,P003127,escalate,1,2026-05-19 01:11:00,success,11684.89
A00003128,P003128,stop,1,2026-04-28 04:50:00,failed,0.0
A00003129,P003129,message,1,2026-03-22 23:42:00,failed,0.0
A00003130,P003130,stop,1,2026-03-14 09:53:00,failed,0.0
A00003131,P003131,stop,1,2026-03-23 06:00:00,failed,0.0
A00003132,P003132,retry,1,2026-02-03 07:04:00,success,3967.54
A00003133,P003133,payment_link,1,2026-05-17 16:09:00,success,650.96
A00003134,P003134,retry,1,2026-03-27 23:28:00,failed,0.0
A00003135,P003135,escalate,1,2026-03-26 16:22:00,failed,0.0
A00003136,P003136,retry,1,2026-02-17 10:43:00,failed,0.0
A00003137,P003137,message,1,2026-04-15 00:26:00,success,4028.76
A00003138,P003138,escalate,1,2026-06-19 12:17:00,success,4328.91
A00003139,P003139,stop,1,2026-03-04 21:52:00,failed,0.0
A00003140,P003140,stop,1,2026-02-04 00:37:00,failed,0.0
A00003141,P003141,message,1,2026-06-28 14:26:00,success,6212.52
A00003142,P003142,message,1,2026-05-16 04:06:00,failed,0.0
A00003143,P003143,stop,1,2026-06-27 17:01:00,failed,0.0
A00003144,P003144,payment_link,1,2026-02-26 09:25:00,success,2957.37
A00003145,P003145,message,1,2026-04-21 17:06:00,success,2443.31
A00003146,P003146,escalate,1,2026-06-17 03:37:00,failed,0.0
A00003147,P003147,message,1,2026-04-25 18:08:00,failed,0.0
A00003148,P003148,escalate,1,2026-01-18 15:59:00,success,1511.35
A00003149,P003149,payment_link,1,2026-03-26 11:35:00,success,2848.77
A00003150,P003150,escalate,1,2026-01-29 19:25:00,success,1238.76
A00003151,P003151,stop,1,2026-04-11 19:52:00,failed,0.0
A00003152,P003152,escalate,1,2026-04-05 08:13:00,failed,0.0
A00003153,P003153,message,1,2026-01-25 02:40:00,failed,0.0
A00003154,P003154,message,1,2026-06-16 12:02:00,failed,0.0
A00003155,P003155,message,1,2026-05-22 02:27:00,failed,0.0
A00003156,P003156,stop,1,2026-06-18 07:27:00,failed,0.0
A00003157,P003157,stop,1,2026-05-09 23:49:00,failed,0.0
A00003158,P003158,message,1,2026-04-20 09:16:00,failed,0.0
A00003159,P003159,retry,1,2026-06-10 02:39:00,failed,0.0
A00003160,P003160,retry,1,2026-06-19 05:02:00,success,2853.88
A00003161,P003161,message,1,2026-06-15 02:22:00,success,21397.67
A00003162,P003162,escalate,1,2026-05-19 21:37:00,success,1156.13
A00003163,P003163,retry,1,2026-04-26 06:08:00,failed,0.0
A00003164,P003164,escalate,1,2026-05-06 08:52:00,success,1516.19
A00003165,P003165,escalate,1,2026-06-04 18:43:00,failed,0.0
A00003166,P003166,message,1,2026-05-08 09:21:00,failed,0.0
A00003167,P003167,escalate,1,2026-04-10 03:25:00,failed,0.0
A00003168,P003168,payment_link,1,2026-01-11 03:37:00,failed,0.0
A00003169,P003169,retry,1,2026-03-11 12:23:00,failed,0.0
A00003170,P003170,payment_link,1,2026-02-21 22:53:00,failed,0.0
A00003171,P003171,message,1,2026-01-12 22:42:00,failed,0.0
A00003172,P003172,payment_link,1,2026-05-16 06:50:00,success,20756.96
A00003173,P003173,payment_link,1,2026-05-15 16:06:00,failed,0.0
A00003174,P003174,payment_link,1,2026-06-04 15:10:00,failed,0.0
A00003175,P003175,escalate,1,2026-04-26 13:00:00,success,1444.09
A00003176,P003176,stop,1,2026-06-29 13:55:00,failed,0.0
A00003177,P003177,stop,1,2026-01-07 12:35:00,failed,0.0
A00003178,P003178,stop,1,2026-06-06 04:34:00,failed,0.0
A00003179,P003179,stop,1,2026-04-07 17:13:00,success,1402.29
A00003180,P003180,retry,1,2026-03-29 17:44:00,success,879.31
A00003181,P003181,message,1,2026-04-24 17:51:00,success,887.38
A00003182,P003182,retry,1,2026-06-19 21:05:00,failed,0.0
A00003183,P003183,retry,1,2026-03-16 07:45:00,success,23707.7
A00003184,P003184,retry,1,2026-06-14 02:24:00,failed,0.0
A00003185,P003185,stop,1,2026-02-18 07:03:00,success,2036.67
A00003186,P003186,stop,1,2026-01-06 16:58:00,failed,0.0
A00003187,P003187,escalate,1,2026-06-05 07:21:00,success,2843.08
A00003188,P003188,payment_link,1,2026-05-08 08:58:00,success,1423.14
A00003189,P003189,retry,1,2026-05-25 09:18:00,failed,0.0
A00003190,P003190,stop,1,2026-04-06 17:32:00,failed,0.0
A00003191,P003191,payment_link,1,2026-06-28 16:47:00,failed,0.0
A00003192,P003192,stop,1,2026-01-27 15:07:00,failed,0.0
A00003193,P003193,stop,1,2026-04-20 17:52:00,failed,0.0
A00003194,P003194,retry,1,2026-05-09 11:56:00,success,3398.78
A00003195,P003195,stop,1,2026-06-13 08:58:00,failed,0.0
A00003196,P003196,message,1,2026-01-12 15:29:00,failed,0.0
A00003197,P003197,retry,1,2026-05-07 02:15:00,failed,0.0
A00003198,P003198,payment_link,1,2026-04-22 20:26:00,success,2247.63
A00003199,P003199,payment_link,1,2026-01-02 01:54:00,success,6768.65
A00003200,P003200,retry,1,2026-05-24 12:53:00,failed,0.0
A00003201,P003201,stop,1,2026-05-20 11:55:00,failed,0.0
A00003202,P003202,message,1,2026-01-26 05:11:00,failed,0.0
A00003203,P003203,stop,1,2026-06-22 04:35:00,failed,0.0
A00003204,P003204,message,1,2026-03-13 11:55:00,failed,0.0
A00003205,P003205,stop,1,2026-02-08 09:39:00,failed,0.0
A00003206,P003206,retry,1,2026-04-18 14:03:00,success,5232.21
A00003207,P003207,payment_link,1,2026-04-04 06:48:00,failed,0.0
A00003208,P003208,retry,1,2026-06-25 18:07:00,success,3906.83
A00003209,P003209,payment_link,1,2026-02-13 09:53:00,failed,0.0
A00003210,P003210,stop,1,2026-01-26 20:10:00,failed,0.0
A00003211,P003211,retry,1,2026-03-18 01:17:00,failed,0.0
A00003212,P003212,retry,1,2026-02-03 03:11:00,success,8467.81
A00003213,P003213,payment_link,1,2026-01-02 19:25:00,success,656.51
A00003214,P003214,stop,1,2026-01-05 00:04:00,failed,0.0
A00003215,P003215,payment_link,1,2026-01-17 19:33:00,success,4276.73
A00003216,P003216,stop,1,2026-01-23 03:50:00,failed,0.0
A00003217,P003217,retry,1,2026-03-15 10:50:00,failed,0.0
A00003218,P003218,stop,1,2026-06-19 07:25:00,failed,0.0
A00003219,P003219,retry,1,2026-02-21 06:01:00,failed,0.0
A00003220,P003220,message,1,2026-04-09 04:06:00,failed,0.0
A00003221,P003221,message,1,2026-04-23 08:26:00,success,2906.6
A00003222,P003222,retry,1,2026-01-06 17:11:00,success,1522.59
A00003223,P003223,escalate,1,2026-04-26 20:34:00,failed,0.0
A00003224,P003224,stop,1,2026-02-15 19:08:00,failed,0.0
A00003225,P003225,message,1,2026-05-30 02:41:00,success,3366.73
A00003226,P003226,message,1,2026-04-24 23:45:00,failed,0.0
A00003227,P003227,escalate,1,2026-04-24 01:26:00,failed,0.0
A00003228,P003228,payment_link,1,2026-04-27 05:40:00,success,3058.54
A00003229,P003229,stop,1,2026-02-17 18:20:00,failed,0.0
A00003230,P003230,retry,1,2026-03-26 12:37:00,success,554.91
A00003231,P003231,escalate,1,2026-03-01 00:56:00,failed,0.0
A00003232,P003232,escalate,1,2026-06-13 04:57:00,success,5893.21
A00003233,P003233,escalate,1,2026-04-05 22:25:00,success,486.42
A00003234,P003234,message,1,2026-03-14 09:50:00,success,7719.89
A00003235,P003235,message,1,2026-06-05 00:12:00,failed,0.0
A00003236,P003236,message,1,2026-01-05 19:17:00,success,778.19
A00003237,P003237,message,1,2026-03-16 13:40:00,success,2594.91
A00003238,P003238,stop,1,2026-03-30 00:55:00,success,2695.17
A00003239,P003239,retry,1,2026-03-08 22:55:00,failed,0.0
A00003240,P003240,payment_link,1,2026-04-28 01:39:00,failed,0.0
A00003241,P003241,message,1,2026-06-15 23:40:00,success,2110.14
A00003242,P003242,stop,1,2026-04-22 20:25:00,failed,0.0
A00003243,P003243,message,1,2026-01-02 09:00:00,failed,0.0
A00003244,P003244,escalate,1,2026-06-06 14:59:00,failed,0.0
A00003245,P003245,payment_link,1,2026-03-05 00:40:00,success,4124.6
A00003246,P003246,payment_link,1,2026-05-22 14:43:00,success,7259.73
A00003247,P003247,stop,1,2026-03-20 16:51:00,failed,0.0
A00003248,P003248,retry,1,2026-03-04 02:16:00,failed,0.0
A00003249,P003249,payment_link,1,2026-04-19 10:29:00,success,1590.27
A00003250,P003250,escalate,1,2026-04-09 10:43:00,success,5521.2
A00003251,P003251,retry,1,2026-04-20 17:47:00,failed,0.0
A00003252,P003252,stop,1,2026-05-10 17:02:00,failed,0.0
A00003253,P003253,stop,1,2026-03-30 05:30:00,failed,0.0
A00003254,P003254,retry,1,2026-01-29 17:39:00,failed,0.0
A00003255,P003255,message,1,2026-01-17 06:45:00,success,739.38
A00003256,P003256,payment_link,1,2026-01-29 06:12:00,success,3924.82
A00003257,P003257,retry,1,2026-04-11 00:59:00,success,1572.25
A00003258,P003258,retry,1,2026-03-14 02:50:00,success,2792.83
A00003259,P003259,payment_link,1,2026-05-27 20:29:00,success,4176.93
A00003260,P003260,payment_link,1,2026-06-01 23:14:00,success,8517.15
A00003261,P003261,message,1,2026-04-12 16:57:00,failed,0.0
A00003262,P003262,message,1,2026-05-11 22:22:00,failed,0.0
A00003263,P003263,escalate,1,2026-02-15 13:54:00,success,468.17
A00003264,P003264,retry,1,2026-05-04 08:54:00,success,9508.28
A00003265,P003265,retry,1,2026-02-07 16:52:00,success,12962.43
A00003266,P003266,payment_link,1,2026-05-23 17:41:00,failed,0.0
A00003267,P003267,message,1,2026-06-04 13:10:00,failed,0.0
A00003268,P003268,retry,1,2026-03-20 05:00:00,success,1832.54
A00003269,P003269,stop,1,2026-01-07 10:11:00,failed,0.0
A00003270,P003270,escalate,1,2026-03-08 23:00:00,failed,0.0
A00003271,P003271,retry,1,2026-05-22 07:27:00,failed,0.0
A00003272,P003272,message,1,2026-03-09 00:05:00,success,2216.14
A00003273,P003273,message,1,2026-02-28 17:17:00,success,2481.55
A00003274,P003274,escalate,1,2026-05-18 00:28:00,failed,0.0
A00003275,P003275,message,1,2026-01-03 01:03:00,failed,0.0
A00003276,P003276,retry,1,2026-01-27 15:18:00,failed,0.0
A00003277,P003277,retry,1,2026-03-15 09:21:00,success,13221.25
A00003278,P003278,stop,1,2026-01-18 20:57:00,failed,0.0
A00003279,P003279,stop,1,2026-06-09 07:13:00,failed,0.0
A00003280,P003280,escalate,1,2026-01-15 02:10:00,success,2044.05
A00003281,P003281,message,1,2026-04-08 07:55:00,failed,0.0
A00003282,P003282,escalate,1,2026-03-08 10:58:00,failed,0.0
A00003283,P003283,message,1,2026-05-31 02:44:00,failed,0.0
A00003284,P003284,escalate,1,2026-06-22 11:02:00,success,4299.9
A00003285,P003285,message,1,2026-05-07 09:59:00,failed,0.0
A00003286,P003286,message,1,2026-01-13 22:47:00,failed,0.0
A00003287,P003287,message,1,2026-04-06 05:04:00,success,1399.67
A00003288,P003288,retry,1,2026-03-25 23:16:00,failed,0.0
A00003289,P003289,payment_link,1,2026-04-17 02:35:00,success,3225.26
A00003290,P003290,escalate,1,2026-04-28 11:38:00,failed,0.0
A00003291,P003291,payment_link,1,2026-05-11 19:54:00,success,10171.7
A00003292,P003292,payment_link,1,2026-03-03 14:35:00,success,7172.83
A00003293,P003293,payment_link,1,2026-02-23 20:22:00,success,6140.74
A00003294,P003294,payment_link,1,2026-05-17 14:34:00,failed,0.0
A00003295,P003295,escalate,1,2026-03-22 10:01:00,success,1993.15
A00003296,P003296,message,1,2026-05-08 17:47:00,failed,0.0
A00003297,P003297,payment_link,1,2026-02-08 00:08:00,success,2498.66
A00003298,P003298,stop,1,2026-02-11 07:38:00,success,4339.03
A00003299,P003299,payment_link,1,2026-03-26 08:19:00,failed,0.0
A00003300,P003300,message,1,2026-06-09 02:26:00,failed,0.0
A00003301,P003301,payment_link,1,2026-06-06 23:48:00,success,22351.13
A00003302,P003302,payment_link,1,2026-03-29 05:23:00,failed,0.0
A00003303,P003303,stop,1,2026-04-17 16:48:00,failed,0.0
A00003304,P003304,message,1,2026-03-20 09:35:00,failed,0.0
A00003305,P003305,payment_link,1,2026-01-07 00:25:00,failed,0.0
A00003306,P003306,payment_link,1,2026-03-06 07:48:00,success,6989.98
A00003307,P003307,retry,1,2026-01-06 09:53:00,success,3458.63
A00003308,P003308,stop,1,2026-06-13 03:55:00,failed,0.0
A00003309,P003309,payment_link,1,2026-06-22 09:24:00,failed,0.0
A00003310,P003310,escalate,1,2026-05-11 05:55:00,failed,0.0
A00003311,P003311,retry,1,2026-05-11 04:31:00,failed,0.0
A00003312,P003312,payment_link,1,2026-02-16 19:05:00,failed,0.0
A00003313,P003313,stop,1,2026-05-24 10:32:00,failed,0.0
A00003314,P003314,payment_link,1,2026-01-06 13:26:00,failed,0.0
A00003315,P003315,payment_link,1,2026-05-03 22:45:00,success,8687.66
A00003316,P003316,escalate,1,2026-06-12 12:43:00,failed,0.0
A00003317,P003317,escalate,1,2026-05-02 21:48:00,failed,0.0
A00003318,P003318,retry,1,2026-02-05 06:45:00,success,3167.88
A00003319,P003319,escalate,1,2026-03-02 12:10:00,failed,0.0
A00003320,P003320,stop,1,2026-01-29 18:14:00,failed,0.0
A00003321,P003321,stop,1,2026-06-22 23:17:00,failed,0.0
A00003322,P003322,stop,1,2026-05-17 07:31:00,failed,0.0
A00003323,P003323,stop,1,2026-04-30 10:56:00,failed,0.0
A00003324,P003324,payment_link,1,2026-05-20 11:32:00,failed,0.0
A00003325,P003325,retry,1,2026-03-26 22:58:00,failed,0.0
A00003326,P003326,message,1,2026-05-25 20:15:00,success,4171.14
A00003327,P003327,retry,1,2026-01-09 17:37:00,failed,0.0
A00003328,P003328,stop,1,2026-06-02 13:45:00,failed,0.0
A00003329,P003329,stop,1,2026-04-01 19:20:00,success,36581.84
A00003330,P003330,payment_link,1,2026-06-25 18:34:00,failed,0.0
A00003331,P003331,retry,1,2026-05-19 08:11:00,failed,0.0
A00003332,P003332,payment_link,1,2026-02-03 15:08:00,failed,0.0
A00003333,P003333,message,1,2026-02-10 13:16:00,success,2298.6
A00003334,P003334,retry,1,2026-04-19 07:10:00,failed,0.0
A00003335,P003335,escalate,1,2026-06-21 07:53:00,success,6143.86
A00003336,P003336,message,1,2026-01-27 09:17:00,success,5374.25
A00003337,P003337,retry,1,2026-02-03 04:25:00,success,6719.55
A00003338,P003338,retry,1,2026-06-09 21:59:00,failed,0.0
A00003339,P003339,message,1,2026-06-02 10:56:00,failed,0.0
A00003340,P003340,message,1,2026-02-12 01:26:00,failed,0.0
A00003341,P003341,stop,1,2026-01-31 21:38:00,failed,0.0
A00003342,P003342,retry,1,2026-03-06 07:16:00,failed,0.0
A00003343,P003343,retry,1,2026-05-29 23:32:00,success,36808.21
A00003344,P003344,payment_link,1,2026-04-17 12:40:00,failed,0.0
A00003345,P003345,payment_link,1,2026-06-20 15:23:00,failed,0.0
A00003346,P003346,stop,1,2026-02-25 15:27:00,failed,0.0
A00003347,P003347,message,1,2026-05-19 15:06:00,failed,0.0
A00003348,P003348,payment_link,1,2026-05-24 11:10:00,failed,0.0
A00003349,P003349,payment_link,1,2026-06-02 09:32:00,failed,0.0
A00003350,P003350,retry,1,2026-03-19 22:06:00,success,6216.73
A00003351,P003351,escalate,1,2026-06-18 04:27:00,failed,0.0
A00003352,P003352,escalate,1,2026-04-19 12:25:00,failed,0.0
A00003353,P003353,payment_link,1,2026-04-20 05:09:00,failed,0.0
A00003354,P003354,retry,1,2026-01-11 05:50:00,success,5569.67
A00003355,P003355,stop,1,2026-06-16 01:20:00,failed,0.0
A00003356,P003356,retry,1,2026-02-01 17:04:00,success,3054.42
A00003357,P003357,retry,1,2026-05-18 05:47:00,failed,0.0
A00003358,P003358,message,1,2026-03-01 23:21:00,failed,0.0
A00003359,P003359,stop,1,2026-01-21 21:17:00,failed,0.0
A00003360,P003360,message,1,2026-04-27 15:28:00,failed,0.0
A00003361,P003361,payment_link,1,2026-04-12 09:07:00,failed,0.0
A00003362,P003362,message,1,2026-06-09 19:18:00,success,5867.29
A00003363,P003363,escalate,1,2026-06-16 18:04:00,success,4943.96
A00003364,P003364,escalate,1,2026-06-21 05:40:00,success,4156.2
A00003365,P003365,message,1,2026-05-11 14:53:00,failed,0.0
A00003366,P003366,escalate,1,2026-02-11 23:59:00,failed,0.0
A00003367,P003367,stop,1,2026-03-27 11:08:00,failed,0.0
A00003368,P003368,payment_link,1,2026-01-11 10:16:00,success,4228.01
A00003369,P003369,escalate,1,2026-06-21 20:22:00,success,1612.07
A00003370,P003370,message,1,2026-05-21 22:30:00,failed,0.0
A00003371,P003371,message,1,2026-06-26 15:18:00,success,646.55
A00003372,P003372,retry,1,2026-02-14 07:29:00,success,4318.65
A00003373,P003373,payment_link,1,2026-05-03 05:56:00,failed,0.0
A00003374,P003374,message,1,2026-02-01 10:15:00,success,13548.1
A00003375,P003375,stop,1,2026-01-14 00:27:00,failed,0.0
A00003376,P003376,payment_link,1,2026-04-04 22:27:00,success,1939.0
A00003377,P003377,payment_link,1,2026-05-21 04:29:00,success,2661.43
A00003378,P003378,escalate,1,2026-04-15 03:48:00,failed,0.0
A00003379,P003379,escalate,1,2026-03-27 09:11:00,failed,0.0
A00003380,P003380,escalate,1,2026-01-20 14:33:00,failed,0.0
A00003381,P003381,retry,1,2026-03-17 00:14:00,failed,0.0
A00003382,P003382,payment_link,1,2026-06-14 08:21:00,success,9596.79
A00003383,P003383,message,1,2026-05-18 03:26:00,failed,0.0
A00003384,P003384,retry,1,2026-03-23 00:32:00,success,2029.47
A00003385,P003385,payment_link,1,2026-02-03 01:27:00,failed,0.0
A00003386,P003386,stop,1,2026-03-19 04:08:00,failed,0.0
A00003387,P003387,retry,1,2026-04-12 21:13:00,failed,0.0
A00003388,P003388,message,1,2026-03-20 16:43:00,failed,0.0
A00003389,P003389,escalate,1,2026-06-11 00:22:00,failed,0.0
A00003390,P003390,retry,1,2026-02-07 08:00:00,failed,0.0
A00003391,P003391,payment_link,1,2026-05-22 18:56:00,success,4618.02
A00003392,P003392,message,1,2026-01-18 18:23:00,failed,0.0
A00003393,P003393,stop,1,2026-05-13 00:30:00,failed,0.0
A00003394,P003394,stop,1,2026-06-29 11:02:00,failed,0.0
A00003395,P003395,retry,1,2026-04-20 02:57:00,success,1414.97
A00003396,P003396,retry,1,2026-06-08 06:33:00,success,4089.15
A00003397,P003397,message,1,2026-04-04 15:32:00,failed,0.0
A00003398,P003398,message,1,2026-05-30 22:11:00,success,6256.2
A00003399,P003399,retry,1,2026-05-10 04:22:00,failed,0.0
A00003400,P003400,retry,1,2026-03-05 11:38:00,failed,0.0
A00003401,P003401,message,1,2026-01-11 03:34:00,failed,0.0
A00003402,P003402,escalate,1,2026-01-22 15:49:00,failed,0.0
A00003403,P003403,message,1,2026-02-15 11:37:00,failed,0.0
A00003404,P003404,escalate,1,2026-06-28 12:43:00,failed,0.0
A00003405,P003405,escalate,1,2026-01-13 03:52:00,failed,0.0
A00003406,P003406,message,1,2026-04-08 00:03:00,success,3093.31
A00003407,P003407,stop,1,2026-04-26 05:29:00,failed,0.0
A00003408,P003408,message,1,2026-05-10 16:33:00,failed,0.0
A00003409,P003409,message,1,2026-02-23 22:32:00,failed,0.0
A00003410,P003410,payment_link,1,2026-01-19 23:58:00,success,912.44
A00003411,P003411,payment_link,1,2026-05-26 08:52:00,failed,0.0
A00003412,P003412,retry,1,2026-04-29 18:49:00,success,4239.7
A00003413,P003413,retry,1,2026-01-29 09:25:00,failed,0.0
A00003414,P003414,stop,1,2026-03-31 15:27:00,failed,0.0
A00003415,P003415,escalate,1,2026-03-07 07:16:00,failed,0.0
A00003416,P003416,retry,1,2026-05-21 20:00:00,failed,0.0
A00003417,P003417,escalate,1,2026-01-02 18:05:00,success,1270.01
A00003418,P003418,stop,1,2026-06-14 09:22:00,failed,0.0
A00003419,P003419,escalate,1,2026-02-23 14:17:00,failed,0.0
A00003420,P003420,payment_link,1,2026-04-13 01:20:00,success,11527.26
A00003421,P003421,retry,1,2026-01-17 13:20:00,success,5038.52
A00003422,P003422,stop,1,2026-02-08 07:19:00,failed,0.0
A00003423,P003423,stop,1,2026-02-19 07:42:00,failed,0.0
A00003424,P003424,retry,1,2026-06-03 16:04:00,success,978.59
A00003425,P003425,retry,1,2026-04-06 22:52:00,failed,0.0
A00003426,P003426,retry,1,2026-04-12 19:55:00,failed,0.0
A00003427,P003427,escalate,1,2026-01-18 12:04:00,success,1934.2
A00003428,P003428,message,1,2026-01-22 19:11:00,failed,0.0
A00003429,P003429,message,1,2026-03-27 11:27:00,success,9607.46
A00003430,P003430,message,1,2026-02-03 06:53:00,success,23330.44
A00003431,P003431,stop,1,2026-01-29 09:26:00,failed,0.0
A00003432,P003432,escalate,1,2026-06-18 03:04:00,success,4698.29
A00003433,P003433,retry,1,2026-04-25 10:10:00,success,1371.59
A00003434,P003434,stop,1,2026-05-22 12:18:00,failed,0.0
A00003435,P003435,message,1,2026-01-30 06:21:00,success,2529.7
A00003436,P003436,escalate,1,2026-04-07 16:37:00,success,3515.4
A00003437,P003437,stop,1,2026-06-06 04:48:00,failed,0.0
A00003438,P003438,message,1,2026-01-10 02:45:00,failed,0.0
A00003439,P003439,stop,1,2026-06-09 05:23:00,failed,0.0
A00003440,P003440,retry,1,2026-05-03 08:32:00,failed,0.0
A00003441,P003441,retry,1,2026-01-07 03:47:00,success,695.66
A00003442,P003442,escalate,1,2026-01-17 14:01:00,success,3355.55
A00003443,P003443,message,1,2026-01-03 11:47:00,success,4782.94
A00003444,P003444,retry,1,2026-04-23 11:33:00,failed,0.0
A00003445,P003445,payment_link,1,2026-02-25 11:46:00,success,4840.39
A00003446,P003446,message,1,2026-06-25 05:48:00,failed,0.0
A00003447,P003447,retry,1,2026-04-02 02:51:00,failed,0.0
A00003448,P003448,escalate,1,2026-04-30 01:52:00,success,2806.69
A00003449,P003449,payment_link,1,2026-03-31 05:13:00,success,2431.81
A00003450,P003450,message,1,2026-04-29 13:54:00,success,4795.48
A00003451,P003451,stop,1,2026-03-29 09:50:00,failed,0.0
A00003452,P003452,message,1,2026-02-19 08:21:00,success,3243.09
A00003453,P003453,payment_link,1,2026-05-31 21:45:00,success,2424.66
A00003454,P003454,escalate,1,2026-06-03 04:43:00,success,5073.6
A00003455,P003455,stop,1,2026-05-25 17:46:00,failed,0.0
A00003456,P003456,escalate,1,2026-03-08 11:19:00,success,3076.81
A00003457,P003457,stop,1,2026-05-15 00:49:00,failed,0.0
A00003458,P003458,message,1,2026-04-16 04:49:00,failed,0.0
A00003459,P003459,stop,1,2026-03-10 21:43:00,failed,0.0
A00003460,P003460,payment_link,1,2026-02-27 21:33:00,failed,0.0
A00003461,P003461,retry,1,2026-01-16 02:23:00,success,25198.55
A00003462,P003462,message,1,2026-03-30 15:20:00,success,6021.48
A00003463,P003463,escalate,1,2026-05-10 00:08:00,failed,0.0
A00003464,P003464,retry,1,2026-04-25 01:52:00,failed,0.0
A00003465,P003465,escalate,1,2026-03-29 02:05:00,failed,0.0
A00003466,P003466,retry,1,2026-01-31 09:34:00,failed,0.0
A00003467,P003467,stop,1,2026-01-08 10:51:00,failed,0.0
A00003468,P003468,retry,1,2026-01-11 16:41:00,failed,0.0
A00003469,P003469,stop,1,2026-02-24 01:24:00,failed,0.0
A00003470,P003470,payment_link,1,2026-03-09 16:48:00,failed,0.0
A00003471,P003471,payment_link,1,2026-06-21 17:35:00,success,2192.81
A00003472,P003472,message,1,2026-01-02 22:18:00,failed,0.0
A00003473,P003473,message,1,2026-03-20 19:25:00,success,6502.43
A00003474,P003474,payment_link,1,2026-03-07 00:36:00,success,1994.44
A00003475,P003475,payment_link,1,2026-01-06 21:57:00,failed,0.0
A00003476,P003476,payment_link,1,2026-02-27 09:47:00,failed,0.0
A00003477,P003477,payment_link,1,2026-04-10 15:15:00,success,1382.51
A00003478,P003478,message,1,2026-01-16 21:02:00,success,12055.04
A00003479,P003479,stop,1,2026-04-08 13:48:00,failed,0.0
A00003480,P003480,escalate,1,2026-03-09 13:45:00,failed,0.0
A00003481,P003481,message,1,2026-01-15 08:46:00,success,1174.43
A00003482,P003482,escalate,1,2026-01-29 16:21:00,success,3094.18
A00003483,P003483,payment_link,1,2026-04-04 21:01:00,failed,0.0
A00003484,P003484,escalate,1,2026-06-16 13:54:00,success,2128.34
A00003485,P003485,message,1,2026-06-11 06:59:00,failed,0.0
A00003486,P003486,message,1,2026-03-30 13:43:00,success,3100.95
A00003487,P003487,retry,1,2026-01-28 14:01:00,success,14922.49
A00003488,P003488,retry,1,2026-05-08 07:05:00,success,1988.5
A00003489,P003489,stop,1,2026-05-23 17:32:00,failed,0.0
A00003490,P003490,escalate,1,2026-04-04 08:07:00,failed,0.0
A00003491,P003491,escalate,1,2026-02-11 12:45:00,failed,0.0
A00003492,P003492,payment_link,1,2026-02-03 15:35:00,success,4032.27
A00003493,P003493,retry,1,2026-03-07 09:02:00,failed,0.0
A00003494,P003494,escalate,1,2026-05-05 16:33:00,failed,0.0
A00003495,P003495,message,1,2026-05-15 20:08:00,success,3257.16
A00003496,P003496,message,1,2026-02-15 21:21:00,failed,0.0
A00003497,P003497,stop,1,2026-03-29 16:16:00,failed,0.0
A00003498,P003498,payment_link,1,2026-04-10 15:46:00,failed,0.0
A00003499,P003499,escalate,1,2026-05-26 04:25:00,success,6413.19
A00003500,P003500,retry,1,2026-03-06 20:49:00,failed,0.0
A00003501,P003501,stop,1,2026-05-13 09:17:00,failed,0.0
A00003502,P003502,message,1,2026-05-25 18:18:00,failed,0.0
A00003503,P003503,stop,1,2026-03-18 20:24:00,failed,0.0
A00003504,P003504,message,1,2026-02-27 01:33:00,success,649.1
A00003505,P003505,payment_link,1,2026-01-09 03:00:00,failed,0.0
A00003506,P003506,payment_link,1,2026-05-25 08:38:00,success,1893.81
A00003507,P003507,stop,1,2026-01-17 09:20:00,success,3770.07
A00003508,P003508,retry,1,2026-03-22 04:59:00,success,6462.49
A00003509,P003509,message,1,2026-05-25 05:03:00,success,3063.11
A00003510,P003510,message,1,2026-02-05 12:07:00,failed,0.0
A00003511,P003511,stop,1,2026-03-04 04:17:00,failed,0.0
A00003512,P003512,message,1,2026-02-27 05:47:00,failed,0.0
A00003513,P003513,escalate,1,2026-01-16 22:58:00,success,3453.28
A00003514,P003514,payment_link,1,2026-05-24 13:16:00,success,6106.03
A00003515,P003515,payment_link,1,2026-04-02 23:13:00,failed,0.0
A00003516,P003516,message,1,2026-04-03 18:55:00,failed,0.0
A00003517,P003517,payment_link,1,2026-06-04 15:31:00,failed,0.0
A00003518,P003518,stop,1,2026-01-09 04:08:00,failed,0.0
A00003519,P003519,payment_link,1,2026-03-28 18:32:00,success,5907.27
A00003520,P003520,payment_link,1,2026-03-22 13:55:00,success,4046.06
A00003521,P003521,escalate,1,2026-01-20 22:56:00,success,4945.38
A00003522,P003522,escalate,1,2026-03-21 20:57:00,success,1251.35
A00003523,P003523,message,1,2026-05-25 07:02:00,failed,0.0
A00003524,P003524,escalate,1,2026-05-10 10:33:00,success,2827.92
A00003525,P003525,retry,1,2026-02-02 08:22:00,success,1900.06
A00003526,P003526,retry,1,2026-03-23 07:42:00,failed,0.0
A00003527,P003527,stop,1,2026-05-20 21:41:00,failed,0.0
A00003528,P003528,escalate,1,2026-03-08 15:51:00,failed,0.0
A00003529,P003529,stop,1,2026-03-07 21:15:00,failed,0.0
A00003530,P003530,payment_link,1,2026-04-06 20:31:00,failed,0.0
A00003531,P003531,message,1,2026-01-29 01:44:00,failed,0.0
A00003532,P003532,retry,1,2026-03-21 02:02:00,failed,0.0
A00003533,P003533,escalate,1,2026-01-20 02:44:00,failed,0.0
A00003534,P003534,message,1,2026-06-10 20:11:00,failed,0.0
A00003535,P003535,retry,1,2026-06-13 07:48:00,failed,0.0
A00003536,P003536,escalate,1,2026-01-09 04:33:00,success,7926.9
A00003537,P003537,message,1,2026-05-14 12:32:00,failed,0.0
A00003538,P003538,stop,1,2026-01-13 01:21:00,failed,0.0
A00003539,P003539,stop,1,2026-05-14 18:03:00,failed,0.0
A00003540,P003540,message,1,2026-02-16 13:44:00,failed,0.0
A00003541,P003541,payment_link,1,2026-01-16 13:30:00,success,3469.5
A00003542,P003542,message,1,2026-04-01 04:15:00,failed,0.0
A00003543,P003543,escalate,1,2026-03-07 09:49:00,failed,0.0
A00003544,P003544,stop,1,2026-02-18 17:44:00,failed,0.0
A00003545,P003545,message,1,2026-05-17 02:11:00,success,1905.85
A00003546,P003546,retry,1,2026-03-13 06:02:00,success,339.56
A00003547,P003547,payment_link,1,2026-01-30 01:11:00,failed,0.0
A00003548,P003548,message,1,2026-05-18 00:55:00,success,1072.62
A00003549,P003549,message,1,2026-05-02 07:36:00,failed,0.0
A00003550,P003550,escalate,1,2026-03-17 09:39:00,failed,0.0
A00003551,P003551,message,1,2026-02-26 10:53:00,success,2062.29
A00003552,P003552,escalate,1,2026-05-08 17:14:00,success,16033.13
A00003553,P003553,stop,1,2026-01-19 23:17:00,failed,0.0
A00003554,P003554,message,1,2026-02-17 16:03:00,failed,0.0
A00003555,P003555,escalate,1,2026-05-26 15:26:00,failed,0.0
A00003556,P003556,stop,1,2026-02-16 13:12:00,failed,0.0
A00003557,P003557,escalate,1,2026-03-04 13:29:00,failed,0.0
A00003558,P003558,escalate,1,2026-03-28 04:28:00,failed,0.0
A00003559,P003559,retry,1,2026-04-25 08:06:00,failed,0.0
A00003560,P003560,escalate,1,2026-04-30 19:05:00,success,3235.09
A00003561,P003561,stop,1,2026-04-08 17:19:00,failed,0.0
A00003562,P003562,message,1,2026-05-19 21:43:00,success,9653.02
A00003563,P003563,retry,1,2026-02-11 06:17:00,success,4480.92
A00003564,P003564,retry,1,2026-03-25 05:01:00,failed,0.0
A00003565,P003565,retry,1,2026-05-28 10:26:00,failed,0.0
A00003566,P003566,payment_link,1,2026-02-04 08:19:00,failed,0.0
A00003567,P003567,payment_link,1,2026-01-06 09:51:00,success,1535.08
A00003568,P003568,stop,1,2026-06-08 06:51:00,failed,0.0
A00003569,P003569,retry,1,2026-04-13 07:15:00,success,3702.68
A00003570,P003570,payment_link,1,2026-03-02 08:49:00,failed,0.0
A00003571,P003571,stop,1,2026-02-18 13:52:00,failed,0.0
A00003572,P003572,payment_link,1,2026-01-31 19:35:00,failed,0.0
A00003573,P003573,message,1,2026-05-05 08:00:00,failed,0.0
A00003574,P003574,message,1,2026-05-07 16:39:00,success,11991.64
A00003575,P003575,retry,1,2026-03-16 18:46:00,failed,0.0
A00003576,P003576,retry,1,2026-06-11 12:10:00,failed,0.0
A00003577,P003577,escalate,1,2026-04-01 22:02:00,success,3822.19
A00003578,P003578,payment_link,1,2026-01-16 16:05:00,failed,0.0
A00003579,P003579,payment_link,1,2026-04-02 10:55:00,failed,0.0
A00003580,P003580,retry,1,2026-04-21 16:30:00,success,6304.18
A00003581,P003581,retry,1,2026-04-03 16:20:00,failed,0.0
A00003582,P003582,retry,1,2026-05-30 22:36:00,failed,0.0
A00003583,P003583,retry,1,2026-01-11 05:40:00,success,1219.48
A00003584,P003584,stop,1,2026-06-16 15:11:00,failed,0.0
A00003585,P003585,payment_link,1,2026-02-09 04:56:00,failed,0.0
A00003586,P003586,message,1,2026-05-24 08:54:00,failed,0.0
A00003587,P003587,stop,1,2026-03-10 04:24:00,failed,0.0
A00003588,P003588,message,1,2026-04-23 04:42:00,failed,0.0
A00003589,P003589,payment_link,1,2026-06-17 09:03:00,failed,0.0
A00003590,P003590,escalate,1,2026-03-24 22:21:00,success,7760.96
A00003591,P003591,stop,1,2026-04-05 08:56:00,failed,0.0
A00003592,P003592,retry,1,2026-04-23 01:10:00,failed,0.0
A00003593,P003593,retry,1,2026-01-12 09:50:00,success,1472.79
A00003594,P003594,payment_link,1,2026-05-16 17:42:00,success,3817.23
A00003595,P003595,retry,1,2026-01-16 15:41:00,failed,0.0
A00003596,P003596,payment_link,1,2026-02-22 20:04:00,failed,0.0
A00003597,P003597,message,1,2026-01-15 16:05:00,failed,0.0
A00003598,P003598,retry,1,2026-03-13 07:43:00,success,41587.13
A00003599,P003599,payment_link,1,2026-05-02 20:40:00,failed,0.0
A00003600,P003600,payment_link,1,2026-02-12 16:30:00,success,1702.32
A00003601,P003601,message,1,2026-01-06 16:39:00,success,2742.32
A00003602,P003602,retry,1,2026-05-27 14:50:00,failed,0.0
A00003603,P003603,payment_link,1,2026-06-26 18:34:00,success,2230.5
A00003604,P003604,stop,1,2026-02-12 18:19:00,failed,0.0
A00003605,P003605,retry,1,2026-04-19 04:29:00,success,2238.89
A00003606,P003606,retry,1,2026-04-28 17:30:00,failed,0.0
A00003607,P003607,retry,1,2026-03-19 03:18:00,success,44466.03
A00003608,P003608,stop,1,2026-01-31 10:16:00,failed,0.0
A00003609,P003609,retry,1,2026-06-24 02:08:00,failed,0.0
A00003610,P003610,escalate,1,2026-05-04 21:16:00,failed,0.0
A00003611,P003611,message,1,2026-04-08 14:00:00,failed,0.0
A00003612,P003612,stop,1,2026-01-22 18:07:00,failed,0.0
A00003613,P003613,retry,1,2026-02-21 09:32:00,failed,0.0
A00003614,P003614,stop,1,2026-06-22 10:47:00,failed,0.0
A00003615,P003615,escalate,1,2026-03-23 15:43:00,failed,0.0
A00003616,P003616,payment_link,1,2026-01-31 17:07:00,success,1757.85
A00003617,P003617,retry,1,2026-02-09 02:55:00,failed,0.0
A00003618,P003618,message,1,2026-04-01 03:02:00,success,3556.59
A00003619,P003619,stop,1,2026-05-29 14:07:00,failed,0.0
A00003620,P003620,stop,1,2026-06-23 10:07:00,failed,0.0
A00003621,P003621,retry,1,2026-05-18 22:32:00,success,3007.23
A00003622,P003622,stop,1,2026-06-05 17:15:00,failed,0.0
A00003623,P003623,retry,1,2026-01-02 21:31:00,failed,0.0
A00003624,P003624,stop,1,2026-05-21 13:08:00,failed,0.0
A00003625,P003625,message,1,2026-01-01 06:23:00,success,3543.12
A00003626,P003626,payment_link,1,2026-01-24 02:35:00,failed,0.0
A00003627,P003627,retry,1,2026-05-20 12:25:00,success,801.05
A00003628,P003628,message,1,2026-03-27 14:08:00,failed,0.0
A00003629,P003629,stop,1,2026-05-29 15:56:00,failed,0.0
A00003630,P003630,escalate,1,2026-05-27 23:39:00,success,971.69
A00003631,P003631,escalate,1,2026-04-10 22:06:00,failed,0.0
A00003632,P003632,escalate,1,2026-03-18 15:56:00,failed,0.0
A00003633,P003633,escalate,1,2026-04-28 10:45:00,failed,0.0
A00003634,P003634,message,1,2026-04-09 10:04:00,success,3789.17
A00003635,P003635,message,1,2026-04-13 11:22:00,failed,0.0
A00003636,P003636,message,1,2026-03-18 01:47:00,success,2731.7
A00003637,P003637,retry,1,2026-06-19 15:12:00,success,4641.32
A00003638,P003638,retry,1,2026-03-09 05:41:00,success,25887.76
A00003639,P003639,escalate,1,2026-01-05 18:12:00,failed,0.0
A00003640,P003640,retry,1,2026-01-26 00:18:00,success,2522.59
A00003641,P003641,stop,1,2026-02-19 17:54:00,failed,0.0
A00003642,P003642,escalate,1,2026-03-22 20:50:00,failed,0.0
A00003643,P003643,stop,1,2026-02-23 02:54:00,failed,0.0
A00003644,P003644,stop,1,2026-02-21 06:45:00,failed,0.0
A00003645,P003645,escalate,1,2026-01-19 10:10:00,success,2974.51
A00003646,P003646,payment_link,1,2026-02-07 02:34:00,success,6238.89
A00003647,P003647,stop,1,2026-04-09 22:02:00,failed,0.0
A00003648,P003648,stop,1,2026-01-18 00:27:00,failed,0.0
A00003649,P003649,payment_link,1,2026-03-10 14:36:00,success,5865.38
A00003650,P003650,escalate,1,2026-01-09 20:39:00,failed,0.0
A00003651,P003651,message,1,2026-04-24 01:20:00,failed,0.0
A00003652,P003652,message,1,2026-04-19 01:13:00,success,727.07
A00003653,P003653,escalate,1,2026-05-31 04:53:00,failed,0.0
A00003654,P003654,retry,1,2026-05-31 05:26:00,success,3730.67
A00003655,P003655,payment_link,1,2026-05-07 22:36:00,failed,0.0
A00003656,P003656,payment_link,1,2026-03-10 15:32:00,failed,0.0
A00003657,P003657,payment_link,1,2026-02-04 06:36:00,success,12319.03
A00003658,P003658,escalate,1,2026-01-04 19:09:00,success,1728.3
A00003659,P003659,stop,1,2026-06-18 22:40:00,failed,0.0
A00003660,P003660,message,1,2026-01-19 18:24:00,success,1898.32
A00003661,P003661,stop,1,2026-06-08 19:15:00,failed,0.0
A00003662,P003662,stop,1,2026-01-26 06:41:00,failed,0.0
A00003663,P003663,escalate,1,2026-06-15 03:13:00,failed,0.0
A00003664,P003664,retry,1,2026-02-22 13:54:00,success,4975.58
A00003665,P003665,message,1,2026-05-13 14:07:00,success,3527.8
A00003666,P003666,message,1,2026-06-12 17:33:00,success,2705.27
A00003667,P003667,stop,1,2026-01-31 14:06:00,failed,0.0
A00003668,P003668,stop,1,2026-03-13 01:08:00,failed,0.0
A00003669,P003669,escalate,1,2026-01-07 02:05:00,failed,0.0
A00003670,P003670,escalate,1,2026-05-17 03:34:00,success,6838.46
A00003671,P003671,retry,1,2026-03-02 08:43:00,failed,0.0
A00003672,P003672,payment_link,1,2026-05-04 22:06:00,success,9225.16
A00003673,P003673,escalate,1,2026-02-04 00:31:00,failed,0.0
A00003674,P003674,message,1,2026-05-16 22:03:00,failed,0.0
A00003675,P003675,message,1,2026-03-08 18:26:00,failed,0.0
A00003676,P003676,stop,1,2026-04-21 23:03:00,failed,0.0
A00003677,P003677,retry,1,2026-04-22 05:51:00,failed,0.0
A00003678,P003678,retry,1,2026-04-18 10:16:00,success,30949.46
A00003679,P003679,payment_link,1,2026-06-20 20:55:00,failed,0.0
A00003680,P003680,escalate,1,2026-05-26 21:41:00,failed,0.0
A00003681,P003681,stop,1,2026-01-27 23:06:00,failed,0.0
A00003682,P003682,escalate,1,2026-01-22 19:57:00,failed,0.0
A00003683,P003683,stop,1,2026-05-12 03:54:00,failed,0.0
A00003684,P003684,escalate,1,2026-05-10 02:24:00,failed,0.0
A00003685,P003685,message,1,2026-05-24 00:54:00,success,1252.98
A00003686,P003686,escalate,1,2026-02-15 04:31:00,failed,0.0
A00003687,P003687,escalate,1,2026-06-10 13:51:00,failed,0.0
A00003688,P003688,stop,1,2026-03-31 13:59:00,success,6875.51
A00003689,P003689,retry,1,2026-05-29 13:06:00,success,5762.4
A00003690,P003690,retry,1,2026-06-28 13:09:00,success,3421.95
A00003691,P003691,retry,1,2026-02-18 12:41:00,failed,0.0
A00003692,P003692,payment_link,1,2026-05-21 20:06:00,success,2162.07
A00003693,P003693,payment_link,1,2026-04-07 07:55:00,failed,0.0
A00003694,P003694,escalate,1,2026-01-24 17:59:00,failed,0.0
A00003695,P003695,stop,1,2026-05-01 08:59:00,failed,0.0
A00003696,P003696,payment_link,1,2026-06-10 22:45:00,failed,0.0
A00003697,P003697,escalate,1,2026-06-20 17:53:00,failed,0.0
A00003698,P003698,escalate,1,2026-06-01 03:39:00,success,5814.26
A00003699,P003699,stop,1,2026-06-14 19:31:00,failed,0.0
A00003700,P003700,escalate,1,2026-05-17 07:39:00,failed,0.0
A00003701,P003701,stop,1,2026-02-14 15:46:00,failed,0.0
A00003702,P003702,payment_link,1,2026-01-19 19:35:00,failed,0.0
A00003703,P003703,escalate,1,2026-03-02 08:04:00,success,1248.24
A00003704,P003704,stop,1,2026-05-15 17:07:00,failed,0.0
A00003705,P003705,escalate,1,2026-04-27 18:38:00,success,3155.97
A00003706,P003706,message,1,2026-03-09 07:48:00,failed,0.0
A00003707,P003707,stop,1,2026-05-20 21:17:00,failed,0.0
A00003708,P003708,message,1,2026-01-05 18:57:00,failed,0.0
A00003709,P003709,retry,1,2026-03-21 12:50:00,failed,0.0
A00003710,P003710,retry,1,2026-02-03 17:32:00,success,3843.19
A00003711,P003711,retry,1,2026-04-17 23:42:00,success,1835.13
A00003712,P003712,escalate,1,2026-06-25 17:32:00,success,606.44
A00003713,P003713,payment_link,1,2026-03-03 04:27:00,success,7384.13
A00003714,P003714,message,1,2026-03-25 14:36:00,failed,0.0
A00003715,P003715,escalate,1,2026-03-02 06:08:00,failed,0.0
A00003716,P003716,payment_link,1,2026-03-17 03:06:00,failed,0.0
A00003717,P003717,payment_link,1,2026-05-27 20:07:00,failed,0.0
A00003718,P003718,stop,1,2026-03-07 11:42:00,failed,0.0
A00003719,P003719,retry,1,2026-01-24 14:21:00,success,7753.64
A00003720,P003720,retry,1,2026-03-02 00:00:00,success,903.17
A00003721,P003721,retry,1,2026-03-14 17:49:00,failed,0.0
A00003722,P003722,payment_link,1,2026-03-11 02:26:00,success,1854.95
A00003723,P003723,stop,1,2026-04-09 16:31:00,failed,0.0
A00003724,P003724,message,1,2026-04-04 08:20:00,failed,0.0
A00003725,P003725,escalate,1,2026-04-12 20:41:00,failed,0.0
A00003726,P003726,escalate,1,2026-03-30 12:16:00,success,2924.99
A00003727,P003727,payment_link,1,2026-05-08 19:32:00,success,6209.44
A00003728,P003728,retry,1,2026-06-28 19:35:00,success,14506.73
A00003729,P003729,payment_link,1,2026-05-25 08:21:00,failed,0.0
A00003730,P003730,retry,1,2026-01-09 18:35:00,failed,0.0
A00003731,P003731,message,1,2026-01-31 06:09:00,success,2494.59
A00003732,P003732,stop,1,2026-06-03 09:06:00,failed,0.0
A00003733,P003733,stop,1,2026-04-13 01:03:00,failed,0.0
A00003734,P003734,escalate,1,2026-05-17 03:59:00,success,33824.14
A00003735,P003735,payment_link,1,2026-05-13 19:28:00,failed,0.0
A00003736,P003736,payment_link,1,2026-01-21 16:32:00,success,800.07
A00003737,P003737,stop,1,2026-01-06 08:40:00,failed,0.0
A00003738,P003738,retry,1,2026-05-09 03:43:00,failed,0.0
A00003739,P003739,payment_link,1,2026-06-19 20:16:00,failed,0.0
A00003740,P003740,retry,1,2026-05-04 22:16:00,failed,0.0
A00003741,P003741,payment_link,1,2026-01-23 12:05:00,failed,0.0
A00003742,P003742,retry,1,2026-03-17 09:27:00,failed,0.0
A00003743,P003743,stop,1,2026-01-28 14:58:00,failed,0.0
A00003744,P003744,stop,1,2026-03-31 17:11:00,failed,0.0
A00003745,P003745,stop,1,2026-02-12 08:54:00,failed,0.0
A00003746,P003746,stop,1,2026-02-21 10:52:00,failed,0.0
A00003747,P003747,payment_link,1,2026-05-03 22:10:00,success,743.71
A00003748,P003748,stop,1,2026-02-07 08:07:00,failed,0.0
A00003749,P003749,stop,1,2026-02-08 17:19:00,failed,0.0
A00003750,P003750,message,1,2026-03-16 15:22:00,success,2326.54
A00003751,P003751,payment_link,1,2026-01-18 08:56:00,failed,0.0
A00003752,P003752,payment_link,1,2026-06-22 07:31:00,failed,0.0
A00003753,P003753,payment_link,1,2026-06-03 11:17:00,failed,0.0
A00003754,P003754,retry,1,2026-03-14 08:33:00,success,4418.19
A00003755,P003755,payment_link,1,2026-05-17 15:27:00,failed,0.0
A00003756,P003756,payment_link,1,2026-06-02 10:37:00,success,3227.12
A00003757,P003757,retry,1,2026-02-01 20:50:00,failed,0.0
A00003758,P003758,stop,1,2026-02-09 09:19:00,failed,0.0
A00003759,P003759,message,1,2026-06-25 22:28:00,failed,0.0
A00003760,P003760,message,1,2026-06-10 00:07:00,failed,0.0
A00003761,P003761,stop,1,2026-06-10 23:50:00,failed,0.0
A00003762,P003762,retry,1,2026-01-19 08:47:00,failed,0.0
A00003763,P003763,retry,1,2026-01-05 11:03:00,success,1374.44
A00003764,P003764,payment_link,1,2026-05-21 17:44:00,success,2733.29
A00003765,P003765,payment_link,1,2026-03-05 12:24:00,failed,0.0
A00003766,P003766,stop,1,2026-06-12 12:23:00,failed,0.0
A00003767,P003767,retry,1,2026-06-28 19:51:00,failed,0.0
A00003768,P003768,payment_link,1,2026-01-26 04:43:00,failed,0.0
A00003769,P003769,stop,1,2026-01-13 03:15:00,failed,0.0
A00003770,P003770,stop,1,2026-06-20 02:09:00,success,2472.1
A00003771,P003771,payment_link,1,2026-06-22 03:04:00,failed,0.0
A00003772,P003772,escalate,1,2026-02-20 14:34:00,failed,0.0
A00003773,P003773,escalate,1,2026-01-25 15:23:00,failed,0.0
A00003774,P003774,payment_link,1,2026-05-22 13:27:00,failed,0.0
A00003775,P003775,payment_link,1,2026-06-08 22:34:00,success,2113.61
A00003776,P003776,escalate,1,2026-04-04 15:27:00,success,1440.34
A00003777,P003777,retry,1,2026-05-23 01:13:00,failed,0.0
A00003778,P003778,payment_link,1,2026-06-15 12:26:00,failed,0.0
A00003779,P003779,escalate,1,2026-04-21 15:52:00,success,3433.25
A00003780,P003780,escalate,1,2026-05-21 14:01:00,success,6556.72
A00003781,P003781,message,1,2026-01-13 20:57:00,failed,0.0
A00003782,P003782,retry,1,2026-04-05 03:49:00,success,1772.41
A00003783,P003783,retry,1,2026-06-24 21:13:00,success,4789.45
A00003784,P003784,retry,1,2026-05-22 14:51:00,success,893.04
A00003785,P003785,payment_link,1,2026-05-16 04:17:00,failed,0.0
A00003786,P003786,escalate,1,2026-04-14 05:08:00,success,670.42
A00003787,P003787,escalate,1,2026-03-23 16:18:00,failed,0.0
A00003788,P003788,stop,1,2026-04-03 12:01:00,success,12907.93
A00003789,P003789,message,1,2026-06-25 16:15:00,success,1881.4
A00003790,P003790,payment_link,1,2026-03-29 11:11:00,success,7163.15
A00003791,P003791,stop,1,2026-01-19 05:51:00,failed,0.0
A00003792,P003792,retry,1,2026-05-02 19:38:00,success,947.61
A00003793,P003793,escalate,1,2026-02-05 00:00:00,success,1521.31
A00003794,P003794,escalate,1,2026-05-20 15:46:00,failed,0.0
A00003795,P003795,message,1,2026-02-18 06:28:00,success,4780.54
A00003796,P003796,escalate,1,2026-03-09 18:29:00,failed,0.0
A00003797,P003797,message,1,2026-04-25 19:14:00,success,25086.43
A00003798,P003798,stop,1,2026-05-23 11:48:00,success,1964.83
A00003799,P003799,escalate,1,2026-04-15 11:21:00,success,5165.82
A00003800,P003800,payment_link,1,2026-03-19 04:42:00,failed,0.0
A00003801,P003801,message,1,2026-06-03 22:36:00,success,3023.78
A00003802,P003802,stop,1,2026-02-10 22:03:00,failed,0.0
A00003803,P003803,message,1,2026-02-03 00:57:00,failed,0.0
A00003804,P003804,message,1,2026-01-04 10:52:00,success,3995.72
A00003805,P003805,payment_link,1,2026-05-13 16:52:00,success,9094.7
A00003806,P003806,stop,1,2026-01-26 18:58:00,failed,0.0
A00003807,P003807,stop,1,2026-06-29 10:43:00,failed,0.0
A00003808,P003808,stop,1,2026-06-18 02:56:00,failed,0.0
A00003809,P003809,stop,1,2026-06-10 06:57:00,failed,0.0
A00003810,P003810,stop,1,2026-03-28 02:55:00,failed,0.0
A00003811,P003811,retry,1,2026-04-15 20:23:00,success,3816.0
A00003812,P003812,message,1,2026-06-11 01:42:00,failed,0.0
A00003813,P003813,stop,1,2026-05-03 05:56:00,failed,0.0
A00003814,P003814,payment_link,1,2026-05-28 18:46:00,failed,0.0
A00003815,P003815,stop,1,2026-04-06 20:38:00,failed,0.0
A00003816,P003816,stop,1,2026-06-08 20:24:00,failed,0.0
A00003817,P003817,payment_link,1,2026-06-27 00:05:00,failed,0.0
A00003818,P003818,escalate,1,2026-02-12 15:55:00,failed,0.0
A00003819,P003819,stop,1,2026-02-24 23:18:00,failed,0.0
A00003820,P003820,stop,1,2026-01-02 16:27:00,failed,0.0
A00003821,P003821,message,1,2026-03-27 09:37:00,failed,0.0
A00003822,P003822,message,1,2026-04-23 14:36:00,failed,0.0
A00003823,P003823,payment_link,1,2026-01-08 04:52:00,failed,0.0
A00003824,P003824,escalate,1,2026-05-22 01:41:00,failed,0.0
A00003825,P003825,payment_link,1,2026-02-19 17:13:00,success,1494.32
A00003826,P003826,message,1,2026-06-24 09:40:00,success,1239.22
A00003827,P003827,escalate,1,2026-03-16 01:50:00,failed,0.0
A00003828,P003828,retry,1,2026-02-10 19:57:00,failed,0.0
A00003829,P003829,payment_link,1,2026-02-21 21:47:00,failed,0.0
A00003830,P003830,stop,1,2026-05-06 18:24:00,failed,0.0
A00003831,P003831,retry,1,2026-01-16 21:08:00,success,31119.91
A00003832,P003832,stop,1,2026-06-09 16:41:00,failed,0.0
A00003833,P003833,retry,1,2026-03-25 09:48:00,success,886.5
A00003834,P003834,escalate,1,2026-02-11 00:31:00,success,3743.28
A00003835,P003835,message,1,2026-03-25 17:38:00,failed,0.0
A00003836,P003836,payment_link,1,2026-02-26 23:27:00,success,4558.93
A00003837,P003837,stop,1,2026-05-29 18:49:00,failed,0.0
A00003838,P003838,stop,1,2026-01-19 12:19:00,failed,0.0
A00003839,P003839,retry,1,2026-05-13 22:28:00,failed,0.0
A00003840,P003840,stop,1,2026-02-17 18:20:00,failed,0.0
A00003841,P003841,message,1,2026-01-10 17:02:00,failed,0.0
A00003842,P003842,message,1,2026-06-29 08:27:00,failed,0.0
A00003843,P003843,retry,1,2026-03-14 22:07:00,failed,0.0
A00003844,P003844,message,1,2026-03-10 02:39:00,failed,0.0
A00003845,P003845,stop,1,2026-04-21 17:03:00,failed,0.0
A00003846,P003846,payment_link,1,2026-05-01 15:33:00,success,1890.48
A00003847,P003847,retry,1,2026-02-01 15:17:00,success,3361.77
A00003848,P003848,payment_link,1,2026-04-12 12:31:00,success,3838.04
A00003849,P003849,stop,1,2026-04-01 09:46:00,failed,0.0
A00003850,P003850,escalate,1,2026-04-07 07:55:00,success,8279.65
A00003851,P003851,payment_link,1,2026-06-10 20:25:00,failed,0.0
A00003852,P003852,retry,1,2026-06-06 20:41:00,success,3936.28
A00003853,P003853,escalate,1,2026-05-05 18:21:00,failed,0.0
A00003854,P003854,escalate,1,2026-02-13 04:22:00,success,7565.51
A00003855,P003855,message,1,2026-05-18 02:01:00,success,1925.58
A00003856,P003856,payment_link,1,2026-01-10 17:19:00,success,656.04
A00003857,P003857,stop,1,2026-04-11 01:11:00,failed,0.0
A00003858,P003858,retry,1,2026-06-12 10:27:00,success,1618.02
A00003859,P003859,retry,1,2026-03-23 05:13:00,success,5680.84
A00003860,P003860,escalate,1,2026-01-12 11:11:00,failed,0.0
A00003861,P003861,stop,1,2026-02-10 18:19:00,failed,0.0
A00003862,P003862,escalate,1,2026-06-29 01:49:00,success,3490.88
A00003863,P003863,escalate,1,2026-04-05 09:55:00,failed,0.0
A00003864,P003864,escalate,1,2026-06-24 06:00:00,failed,0.0
A00003865,P003865,stop,1,2026-06-08 07:03:00,failed,0.0
A00003866,P003866,escalate,1,2026-03-05 09:38:00,success,1027.2
A00003867,P003867,payment_link,1,2026-03-03 12:16:00,success,3475.15
A00003868,P003868,escalate,1,2026-01-25 22:34:00,success,3335.96
A00003869,P003869,escalate,1,2026-06-24 08:59:00,failed,0.0
A00003870,P003870,retry,1,2026-02-20 07:29:00,failed,0.0
A00003871,P003871,escalate,1,2026-03-24 02:25:00,success,4397.54
A00003872,P003872,escalate,1,2026-01-18 16:15:00,success,38230.34
A00003873,P003873,retry,1,2026-02-14 11:34:00,failed,0.0
A00003874,P003874,message,1,2026-05-26 00:40:00,failed,0.0
A00003875,P003875,retry,1,2026-01-11 05:24:00,success,1076.93
A00003876,P003876,message,1,2026-02-16 04:55:00,success,13744.32
A00003877,P003877,message,1,2026-03-01 07:51:00,failed,0.0
A00003878,P003878,retry,1,2026-04-17 12:54:00,success,2509.39
A00003879,P003879,stop,1,2026-03-18 05:54:00,failed,0.0
A00003880,P003880,message,1,2026-05-20 08:20:00,success,1373.44
A00003881,P003881,escalate,1,2026-03-24 01:53:00,failed,0.0
A00003882,P003882,escalate,1,2026-02-26 07:49:00,failed,0.0
A00003883,P003883,escalate,1,2026-05-06 05:39:00,success,6595.9
A00003884,P003884,payment_link,1,2026-02-22 03:35:00,failed,0.0
A00003885,P003885,message,1,2026-01-23 02:01:00,failed,0.0
A00003886,P003886,escalate,1,2026-01-06 06:28:00,success,3696.65
A00003887,P003887,stop,1,2026-04-15 14:21:00,failed,0.0
A00003888,P003888,stop,1,2026-06-18 17:22:00,failed,0.0
A00003889,P003889,escalate,1,2026-04-26 03:39:00,failed,0.0
A00003890,P003890,payment_link,1,2026-05-22 11:06:00,success,1887.53
A00003891,P003891,retry,1,2026-05-02 19:52:00,failed,0.0
A00003892,P003892,message,1,2026-06-16 15:21:00,failed,0.0
A00003893,P003893,retry,1,2026-01-11 14:11:00,success,2693.42
A00003894,P003894,retry,1,2026-06-18 00:48:00,failed,0.0
A00003895,P003895,payment_link,1,2026-05-11 13:00:00,success,3863.4
A00003896,P003896,message,1,2026-02-20 06:18:00,success,935.19
A00003897,P003897,escalate,1,2026-05-16 09:35:00,success,2575.67
A00003898,P003898,stop,1,2026-01-25 12:53:00,failed,0.0
A00003899,P003899,stop,1,2026-03-27 14:20:00,failed,0.0
A00003900,P003900,retry,1,2026-01-10 23:25:00,failed,0.0
A00003901,P003901,stop,1,2026-05-21 18:20:00,failed,0.0
A00003902,P003902,retry,1,2026-02-16 22:39:00,failed,0.0
A00003903,P003903,message,1,2026-02-03 11:45:00,success,4040.94
A00003904,P003904,escalate,1,2026-04-01 08:50:00,failed,0.0
A00003905,P003905,message,1,2026-04-04 02:37:00,success,1207.6
A00003906,P003906,payment_link,1,2026-01-04 15:17:00,failed,0.0
A00003907,P003907,payment_link,1,2026-02-14 05:59:00,failed,0.0
A00003908,P003908,payment_link,1,2026-06-08 00:17:00,failed,0.0
A00003909,P003909,message,1,2026-02-18 18:18:00,success,3329.85
A00003910,P003910,payment_link,1,2026-02-17 02:04:00,success,3586.07
A00003911,P003911,escalate,1,2026-05-08 15:56:00,failed,0.0
A00003912,P003912,message,1,2026-02-17 16:55:00,success,3824.36
A00003913,P003913,payment_link,1,2026-06-04 15:57:00,failed,0.0
A00003914,P003914,escalate,1,2026-04-02 20:44:00,failed,0.0
A00003915,P003915,retry,1,2026-06-07 13:27:00,success,6527.43
A00003916,P003916,stop,1,2026-03-10 14:25:00,failed,0.0
A00003917,P003917,message,1,2026-05-11 18:30:00,failed,0.0
A00003918,P003918,retry,1,2026-02-15 11:21:00,failed,0.0
A00003919,P003919,retry,1,2026-06-27 05:07:00,success,2044.03
A00003920,P003920,stop,1,2026-01-07 02:51:00,failed,0.0
A00003921,P003921,payment_link,1,2026-01-17 21:49:00,success,3303.31
A00003922,P003922,retry,1,2026-06-12 10:47:00,failed,0.0
A00003923,P003923,message,1,2026-05-19 12:44:00,failed,0.0
A00003924,P003924,message,1,2026-01-30 03:51:00,success,3641.71
A00003925,P003925,retry,1,2026-03-16 05:05:00,success,10534.82
A00003926,P003926,escalate,1,2026-06-01 10:36:00,failed,0.0
A00003927,P003927,retry,1,2026-06-08 22:30:00,success,5919.48
A00003928,P003928,message,1,2026-05-20 20:48:00,failed,0.0
A00003929,P003929,stop,1,2026-03-25 19:23:00,failed,0.0
A00003930,P003930,retry,1,2026-05-04 22:54:00,failed,0.0
A00003931,P003931,payment_link,1,2026-04-19 17:53:00,failed,0.0
A00003932,P003932,escalate,1,2026-04-19 21:23:00,failed,0.0
A00003933,P003933,retry,1,2026-06-04 07:32:00,failed,0.0
A00003934,P003934,escalate,1,2026-02-08 02:04:00,success,3946.43
A00003935,P003935,message,1,2026-02-14 09:11:00,success,3647.78
A00003936,P003936,message,1,2026-03-13 19:38:00,success,1350.52
A00003937,P003937,message,1,2026-06-24 23:37:00,failed,0.0
A00003938,P003938,message,1,2026-06-18 11:24:00,failed,0.0
A00003939,P003939,escalate,1,2026-01-31 06:41:00,failed,0.0
A00003940,P003940,message,1,2026-01-26 23:52:00,success,5441.3
A00003941,P003941,message,1,2026-06-28 01:33:00,success,980.31
A00003942,P003942,retry,1,2026-03-02 15:21:00,success,3883.12
A00003943,P003943,payment_link,1,2026-03-17 18:42:00,failed,0.0
A00003944,P003944,retry,1,2026-04-29 13:09:00,failed,0.0
A00003945,P003945,payment_link,1,2026-02-12 07:36:00,failed,0.0
A00003946,P003946,message,1,2026-01-24 07:43:00,failed,0.0
A00003947,P003947,escalate,1,2026-04-03 02:27:00,failed,0.0
A00003948,P003948,escalate,1,2026-05-18 04:22:00,success,1444.53
A00003949,P003949,payment_link,1,2026-01-12 08:25:00,failed,0.0
A00003950,P003950,escalate,1,2026-03-14 14:42:00,failed,0.0
A00003951,P003951,message,1,2026-05-02 15:55:00,failed,0.0
A00003952,P003952,payment_link,1,2026-05-05 06:26:00,success,3566.48
A00003953,P003953,payment_link,1,2026-02-08 18:51:00,success,4108.58
A00003954,P003954,stop,1,2026-02-15 15:28:00,failed,0.0
A00003955,P003955,stop,1,2026-06-28 01:07:00,failed,0.0
A00003956,P003956,message,1,2026-03-17 14:49:00,failed,0.0
A00003957,P003957,retry,1,2026-02-17 04:55:00,success,3605.48
A00003958,P003958,payment_link,1,2026-02-16 16:14:00,success,2575.84
A00003959,P003959,message,1,2026-01-26 11:55:00,success,2937.7
A00003960,P003960,payment_link,1,2026-04-17 21:31:00,success,4939.92
A00003961,P003961,retry,1,2026-04-24 16:19:00,success,603.22
A00003962,P003962,stop,1,2026-04-28 05:05:00,failed,0.0
A00003963,P003963,retry,1,2026-02-28 03:32:00,success,16453.27
A00003964,P003964,escalate,1,2026-05-18 19:44:00,failed,0.0
A00003965,P003965,message,1,2026-06-25 06:18:00,failed,0.0
A00003966,P003966,payment_link,1,2026-03-22 11:01:00,success,2540.58
A00003967,P003967,payment_link,1,2026-05-26 03:21:00,success,747.2
A00003968,P003968,message,1,2026-02-13 10:10:00,failed,0.0
A00003969,P003969,payment_link,1,2026-06-15 02:07:00,failed,0.0
A00003970,P003970,payment_link,1,2026-04-21 10:40:00,failed,0.0
A00003971,P003971,payment_link,1,2026-05-20 18:04:00,failed,0.0
A00003972,P003972,stop,1,2026-05-25 08:39:00,failed,0.0
A00003973,P003973,message,1,2026-01-06 01:53:00,failed,0.0
A00003974,P003974,message,1,2026-06-07 04:36:00,failed,0.0
A00003975,P003975,payment_link,1,2026-03-05 15:06:00,success,890.1
A00003976,P003976,retry,1,2026-03-30 12:10:00,success,5260.38
A00003977,P003977,escalate,1,2026-03-01 02:21:00,failed,0.0
A00003978,P003978,retry,1,2026-05-09 00:23:00,success,5330.7
A00003979,P003979,message,1,2026-05-21 13:42:00,failed,0.0
A00003980,P003980,message,1,2026-04-14 13:51:00,failed,0.0
A00003981,P003981,stop,1,2026-01-05 00:33:00,failed,0.0
A00003982,P003982,message,1,2026-02-11 21:48:00,success,7184.52
A00003983,P003983,payment_link,1,2026-06-16 05:03:00,success,1294.18
A00003984,P003984,message,1,2026-05-04 12:14:00,success,1039.98
A00003985,P003985,stop,1,2026-06-23 23:42:00,failed,0.0
A00003986,P003986,payment_link,1,2026-05-08 13:27:00,success,4348.06
A00003987,P003987,escalate,1,2026-03-24 12:10:00,failed,0.0
A00003988,P003988,stop,1,2026-01-27 04:11:00,failed,0.0
A00003989,P003989,message,1,2026-02-17 09:55:00,failed,0.0
A00003990,P003990,escalate,1,2026-04-30 14:25:00,success,1330.46
A00003991,P003991,payment_link,1,2026-02-19 12:44:00,success,3111.85
A00003992,P003992,escalate,1,2026-01-04 18:10:00,success,1319.55
A00003993,P003993,message,1,2026-01-24 17:50:00,success,1277.35
A00003994,P003994,message,1,2026-02-15 16:13:00,success,1500.39
A00003995,P003995,escalate,1,2026-01-29 04:31:00,failed,0.0
A00003996,P003996,retry,1,2026-04-21 21:06:00,success,2922.02
A00003997,P003997,message,1,2026-05-16 10:05:00,failed,0.0
A00003998,P003998,payment_link,1,2026-01-10 19:46:00,success,2923.6
A00003999,P003999,stop,1,2026-02-24 15:40:00,failed,0.0
A00004000,P004000,payment_link,1,2026-01-17 10:06:00,failed,0.0
A00004001,P004001,payment_link,1,2026-06-29 15:03:00,failed,0.0
A00004002,P004002,escalate,1,2026-06-15 07:27:00,failed,0.0
A00004003,P004003,escalate,1,2026-03-13 06:01:00,failed,0.0
A00004004,P004004,message,1,2026-06-13 11:05:00,success,6680.03
A00004005,P004005,escalate,1,2026-02-15 10:19:00,failed,0.0
A00004006,P004006,escalate,1,2026-01-10 04:22:00,failed,0.0
A00004007,P004007,escalate,1,2026-01-25 07:14:00,success,3601.45
A00004008,P004008,retry,1,2026-05-17 19:12:00,success,2602.69
A00004009,P004009,payment_link,1,2026-04-28 03:05:00,failed,0.0
A00004010,P004010,stop,1,2026-03-23 01:58:00,failed,0.0
A00004011,P004011,payment_link,1,2026-05-13 21:33:00,success,1304.79
A00004012,P004012,retry,1,2026-02-26 13:26:00,success,5964.2
A00004013,P004013,stop,1,2026-03-18 02:28:00,failed,0.0
A00004014,P004014,message,1,2026-04-23 05:02:00,failed,0.0
A00004015,P004015,retry,1,2026-01-13 06:58:00,failed,0.0
A00004016,P004016,escalate,1,2026-03-03 00:02:00,failed,0.0
A00004017,P004017,payment_link,1,2026-01-13 12:08:00,failed,0.0
A00004018,P004018,message,1,2026-02-10 06:24:00,failed,0.0
A00004019,P004019,stop,1,2026-02-02 04:48:00,failed,0.0
A00004020,P004020,retry,1,2026-01-20 05:53:00,failed,0.0
A00004021,P004021,message,1,2026-03-30 02:08:00,failed,0.0
A00004022,P004022,escalate,1,2026-02-03 20:54:00,failed,0.0
A00004023,P004023,stop,1,2026-06-28 18:08:00,failed,0.0
A00004024,P004024,stop,1,2026-06-11 01:46:00,failed,0.0
A00004025,P004025,message,1,2026-01-19 05:42:00,failed,0.0
A00004026,P004026,escalate,1,2026-01-06 19:05:00,failed,0.0
A00004027,P004027,stop,1,2026-04-06 10:52:00,success,3081.7
A00004028,P004028,payment_link,1,2026-02-19 19:47:00,failed,0.0
A00004029,P004029,retry,1,2026-04-09 18:44:00,success,1339.09
A00004030,P004030,message,1,2026-02-05 06:42:00,success,1883.18
A00004031,P004031,retry,1,2026-05-16 08:17:00,failed,0.0
A00004032,P004032,stop,1,2026-03-26 21:15:00,failed,0.0
A00004033,P004033,stop,1,2026-03-11 06:14:00,failed,0.0
A00004034,P004034,stop,1,2026-06-24 00:16:00,failed,0.0
A00004035,P004035,retry,1,2026-06-08 22:35:00,success,2332.64
A00004036,P004036,retry,1,2026-06-17 05:30:00,failed,0.0
A00004037,P004037,stop,1,2026-05-29 02:54:00,failed,0.0
A00004038,P004038,escalate,1,2026-03-22 13:28:00,success,24392.52
A00004039,P004039,escalate,1,2026-01-16 02:08:00,failed,0.0
A00004040,P004040,escalate,1,2026-04-08 20:04:00,failed,0.0
A00004041,P004041,retry,1,2026-04-18 20:01:00,success,12481.32
A00004042,P004042,retry,1,2026-02-16 08:09:00,failed,0.0
A00004043,P004043,message,1,2026-01-18 11:34:00,failed,0.0
A00004044,P004044,stop,1,2026-03-18 13:29:00,failed,0.0
A00004045,P004045,payment_link,1,2026-02-06 14:30:00,success,2590.84
A00004046,P004046,message,1,2026-02-22 19:35:00,failed,0.0
A00004047,P004047,message,1,2026-06-26 21:43:00,failed,0.0
A00004048,P004048,retry,1,2026-01-26 17:47:00,failed,0.0
A00004049,P004049,message,1,2026-05-11 09:47:00,failed,0.0
A00004050,P004050,message,1,2026-03-15 07:05:00,success,1130.72
A00004051,P004051,stop,1,2026-01-21 14:52:00,failed,0.0
A00004052,P004052,escalate,1,2026-05-01 04:51:00,success,5296.82
A00004053,P004053,escalate,1,2026-05-24 02:32:00,failed,0.0
A00004054,P004054,retry,1,2026-04-17 14:06:00,failed,0.0
A00004055,P004055,message,1,2026-04-24 12:00:00,failed,0.0
A00004056,P004056,message,1,2026-06-28 18:07:00,failed,0.0
A00004057,P004057,payment_link,1,2026-01-03 05:21:00,success,1395.51
A00004058,P004058,message,1,2026-06-12 21:11:00,failed,0.0
A00004059,P004059,message,1,2026-01-20 22:10:00,failed,0.0
A00004060,P004060,retry,1,2026-02-25 11:53:00,failed,0.0
A00004061,P004061,stop,1,2026-06-11 08:06:00,failed,0.0
A00004062,P004062,stop,1,2026-06-11 19:38:00,failed,0.0
A00004063,P004063,escalate,1,2026-01-10 10:35:00,success,4390.17
A00004064,P004064,stop,1,2026-05-28 08:32:00,failed,0.0
A00004065,P004065,escalate,1,2026-02-18 08:57:00,failed,0.0
A00004066,P004066,escalate,1,2026-03-16 17:06:00,failed,0.0
A00004067,P004067,stop,1,2026-06-26 14:28:00,failed,0.0
A00004068,P004068,message,1,2026-06-25 11:57:00,success,2482.15
A00004069,P004069,retry,1,2026-05-27 10:05:00,failed,0.0
A00004070,P004070,message,1,2026-04-24 14:10:00,failed,0.0
A00004071,P004071,retry,1,2026-03-26 19:07:00,failed,0.0
A00004072,P004072,retry,1,2026-03-22 05:54:00,failed,0.0
A00004073,P004073,stop,1,2026-01-04 22:44:00,failed,0.0
A00004074,P004074,payment_link,1,2026-03-29 19:32:00,success,8728.09
A00004075,P004075,escalate,1,2026-03-15 01:51:00,success,1499.57
A00004076,P004076,message,1,2026-04-24 08:14:00,failed,0.0
A00004077,P004077,payment_link,1,2026-01-05 21:51:00,failed,0.0
A00004078,P004078,payment_link,1,2026-05-16 15:35:00,failed,0.0
A00004079,P004079,retry,1,2026-02-04 07:19:00,success,784.18
A00004080,P004080,message,1,2026-05-20 08:58:00,success,3196.45
A00004081,P004081,escalate,1,2026-03-21 01:16:00,failed,0.0
A00004082,P004082,escalate,1,2026-04-21 20:08:00,failed,0.0
A00004083,P004083,stop,1,2026-06-19 05:35:00,failed,0.0
A00004084,P004084,stop,1,2026-03-21 21:36:00,failed,0.0
A00004085,P004085,message,1,2026-04-01 01:58:00,success,953.0
A00004086,P004086,message,1,2026-04-05 04:47:00,failed,0.0
A00004087,P004087,payment_link,1,2026-06-04 23:29:00,success,3968.35
A00004088,P004088,payment_link,1,2026-03-16 00:53:00,success,1751.89
A00004089,P004089,message,1,2026-03-07 10:14:00,success,9037.95
A00004090,P004090,payment_link,1,2026-04-10 10:50:00,failed,0.0
A00004091,P004091,payment_link,1,2026-05-16 15:46:00,failed,0.0
A00004092,P004092,message,1,2026-01-08 09:19:00,failed,0.0
A00004093,P004093,message,1,2026-06-03 16:51:00,success,2684.18
A00004094,P004094,retry,1,2026-02-28 22:37:00,success,1802.83
A00004095,P004095,escalate,1,2026-06-08 09:20:00,failed,0.0
A00004096,P004096,stop,1,2026-03-18 21:55:00,failed,0.0
A00004097,P004097,message,1,2026-01-07 15:48:00,failed,0.0
A00004098,P004098,escalate,1,2026-02-14 05:55:00,success,4181.16
A00004099,P004099,escalate,1,2026-01-13 06:51:00,success,5860.29
A00004100,P004100,message,1,2026-03-19 09:01:00,failed,0.0
A00004101,P004101,message,1,2026-05-20 04:48:00,success,2323.12
A00004102,P004102,escalate,1,2026-05-12 02:47:00,failed,0.0
A00004103,P004103,payment_link,1,2026-03-19 23:16:00,success,5651.0
A00004104,P004104,retry,1,2026-03-15 14:17:00,success,1715.36
A00004105,P004105,retry,1,2026-05-10 03:42:00,failed,0.0
A00004106,P004106,stop,1,2026-03-28 16:09:00,failed,0.0
A00004107,P004107,escalate,1,2026-02-27 09:20:00,failed,0.0
A00004108,P004108,retry,1,2026-01-09 19:42:00,success,2259.09
A00004109,P004109,stop,1,2026-05-09 17:37:00,success,2238.77
A00004110,P004110,stop,1,2026-02-04 22:59:00,failed,0.0
A00004111,P004111,stop,1,2026-02-28 08:51:00,failed,0.0
A00004112,P004112,escalate,1,2026-03-08 02:30:00,success,6040.45
A00004113,P004113,escalate,1,2026-05-04 02:27:00,failed,0.0
A00004114,P004114,stop,1,2026-05-07 16:04:00,failed,0.0
A00004115,P004115,payment_link,1,2026-01-26 05:14:00,failed,0.0
A00004116,P004116,stop,1,2026-04-22 19:05:00,failed,0.0
A00004117,P004117,escalate,1,2026-02-25 20:28:00,failed,0.0
A00004118,P004118,escalate,1,2026-03-30 18:40:00,failed,0.0
A00004119,P004119,escalate,1,2026-02-05 19:24:00,failed,0.0
A00004120,P004120,escalate,1,2026-01-07 12:00:00,success,19378.95
A00004121,P004121,payment_link,1,2026-01-21 02:17:00,success,4244.74
A00004122,P004122,payment_link,1,2026-06-06 17:00:00,success,975.97
A00004123,P004123,escalate,1,2026-03-19 21:46:00,success,4911.63
A00004124,P004124,stop,1,2026-04-23 17:11:00,failed,0.0
A00004125,P004125,escalate,1,2026-03-01 11:29:00,success,1423.22
A00004126,P004126,message,1,2026-04-18 16:59:00,success,1848.25
A00004127,P004127,stop,1,2026-05-02 15:45:00,failed,0.0
A00004128,P004128,retry,1,2026-03-02 14:52:00,success,3304.17
A00004129,P004129,stop,1,2026-05-12 20:34:00,failed,0.0
A00004130,P004130,stop,1,2026-05-14 11:50:00,failed,0.0
A00004131,P004131,payment_link,1,2026-01-12 02:27:00,success,3389.74
A00004132,P004132,payment_link,1,2026-06-12 23:52:00,failed,0.0
A00004133,P004133,stop,1,2026-01-03 18:18:00,failed,0.0
A00004134,P004134,message,1,2026-05-28 18:38:00,failed,0.0
A00004135,P004135,stop,1,2026-06-14 01:02:00,failed,0.0
A00004136,P004136,escalate,1,2026-04-19 13:14:00,failed,0.0
A00004137,P004137,stop,1,2026-06-25 02:05:00,failed,0.0
A00004138,P004138,escalate,1,2026-04-12 14:08:00,success,5307.7
A00004139,P004139,escalate,1,2026-06-11 04:04:00,success,5626.53
A00004140,P004140,message,1,2026-01-29 04:48:00,failed,0.0
A00004141,P004141,retry,1,2026-01-14 12:43:00,success,3347.6
A00004142,P004142,escalate,1,2026-01-25 22:13:00,success,2541.96
A00004143,P004143,message,1,2026-03-20 16:19:00,success,2657.96
A00004144,P004144,stop,1,2026-03-08 14:16:00,failed,0.0
A00004145,P004145,escalate,1,2026-04-13 22:41:00,failed,0.0
A00004146,P004146,message,1,2026-01-01 03:36:00,success,3647.08
A00004147,P004147,escalate,1,2026-05-10 14:16:00,success,5092.64
A00004148,P004148,payment_link,1,2026-05-23 10:39:00,success,5572.59
A00004149,P004149,retry,1,2026-03-17 07:57:00,failed,0.0
A00004150,P004150,payment_link,1,2026-06-25 23:41:00,failed,0.0
A00004151,P004151,message,1,2026-03-18 00:44:00,failed,0.0
A00004152,P004152,stop,1,2026-05-12 15:04:00,failed,0.0
A00004153,P004153,retry,1,2026-06-16 04:36:00,success,12664.16
A00004154,P004154,stop,1,2026-02-28 01:59:00,failed,0.0
A00004155,P004155,stop,1,2026-05-16 05:44:00,failed,0.0
A00004156,P004156,escalate,1,2026-03-03 01:56:00,success,676.21
A00004157,P004157,escalate,1,2026-01-10 21:22:00,failed,0.0
A00004158,P004158,escalate,1,2026-01-27 03:07:00,failed,0.0
A00004159,P004159,payment_link,1,2026-03-31 16:35:00,failed,0.0
A00004160,P004160,stop,1,2026-01-09 08:32:00,failed,0.0
A00004161,P004161,retry,1,2026-05-31 17:06:00,success,3020.09
A00004162,P004162,message,1,2026-01-22 21:45:00,failed,0.0
A00004163,P004163,retry,1,2026-02-18 01:08:00,success,1316.34
A00004164,P004164,message,1,2026-03-07 03:54:00,failed,0.0
A00004165,P004165,stop,1,2026-04-15 11:47:00,failed,0.0
A00004166,P004166,message,1,2026-03-18 14:44:00,failed,0.0
A00004167,P004167,retry,1,2026-06-08 09:09:00,failed,0.0
A00004168,P004168,retry,1,2026-06-07 23:49:00,failed,0.0
A00004169,P004169,message,1,2026-05-11 06:16:00,success,3244.65
A00004170,P004170,escalate,1,2026-02-14 11:25:00,success,2399.65
A00004171,P004171,escalate,1,2026-06-23 07:28:00,failed,0.0
A00004172,P004172,escalate,1,2026-05-04 05:48:00,failed,0.0
A00004173,P004173,message,1,2026-05-20 22:58:00,success,806.39
A00004174,P004174,escalate,1,2026-01-04 21:16:00,failed,0.0
A00004175,P004175,stop,1,2026-04-14 17:05:00,failed,0.0
A00004176,P004176,message,1,2026-01-10 18:32:00,failed,0.0
A00004177,P004177,message,1,2026-02-07 09:18:00,failed,0.0
A00004178,P004178,stop,1,2026-03-23 09:25:00,failed,0.0
A00004179,P004179,stop,1,2026-04-02 20:50:00,failed,0.0
A00004180,P004180,retry,1,2026-04-29 21:33:00,failed,0.0
A00004181,P004181,escalate,1,2026-03-29 15:18:00,success,5196.09
A00004182,P004182,stop,1,2026-05-05 18:12:00,failed,0.0
A00004183,P004183,stop,1,2026-05-15 03:49:00,failed,0.0
A00004184,P004184,escalate,1,2026-05-10 17:27:00,success,28596.96
A00004185,P004185,payment_link,1,2026-04-01 09:50:00,success,11230.66
A00004186,P004186,retry,1,2026-06-12 06:26:00,success,4604.43
A00004187,P004187,payment_link,1,2026-05-07 04:36:00,success,447.36
A00004188,P004188,escalate,1,2026-06-14 20:35:00,failed,0.0
A00004189,P004189,stop,1,2026-04-12 15:54:00,failed,0.0
A00004190,P004190,message,1,2026-01-04 07:58:00,failed,0.0
A00004191,P004191,retry,1,2026-03-08 20:06:00,failed,0.0
A00004192,P004192,escalate,1,2026-01-13 10:27:00,success,25112.23
A00004193,P004193,retry,1,2026-02-11 02:59:00,failed,0.0
A00004194,P004194,message,1,2026-03-02 22:24:00,failed,0.0
A00004195,P004195,message,1,2026-06-25 23:21:00,success,1848.04
A00004196,P004196,message,1,2026-02-04 02:16:00,failed,0.0
A00004197,P004197,payment_link,1,2026-02-04 16:48:00,failed,0.0
A00004198,P004198,retry,1,2026-03-01 15:21:00,failed,0.0
A00004199,P004199,payment_link,1,2026-03-23 11:52:00,failed,0.0
A00004200,P004200,retry,1,2026-03-15 15:27:00,success,1289.38
A00004201,P004201,stop,1,2026-03-16 17:16:00,failed,0.0
A00004202,P004202,payment_link,1,2026-04-20 12:54:00,success,1912.32
A00004203,P004203,stop,1,2026-05-20 13:09:00,failed,0.0
A00004204,P004204,payment_link,1,2026-01-06 11:46:00,failed,0.0
A00004205,P004205,escalate,1,2026-05-20 16:42:00,failed,0.0
A00004206,P004206,message,1,2026-03-27 11:59:00,failed,0.0
A00004207,P004207,escalate,1,2026-04-15 03:03:00,failed,0.0
A00004208,P004208,retry,1,2026-04-05 15:50:00,success,3535.48
A00004209,P004209,stop,1,2026-04-23 19:43:00,failed,0.0
A00004210,P004210,stop,1,2026-06-06 19:18:00,failed,0.0
A00004211,P004211,escalate,1,2026-06-15 23:28:00,failed,0.0
A00004212,P004212,escalate,1,2026-01-30 12:51:00,success,4457.02
A00004213,P004213,retry,1,2026-03-27 16:24:00,failed,0.0
A00004214,P004214,payment_link,1,2026-01-16 19:16:00,success,3343.88
A00004215,P004215,message,1,2026-01-19 12:17:00,success,2186.08
A00004216,P004216,retry,1,2026-05-31 12:22:00,success,1636.19
A00004217,P004217,payment_link,1,2026-02-08 20:55:00,failed,0.0
A00004218,P004218,stop,1,2026-02-06 15:29:00,failed,0.0
A00004219,P004219,payment_link,1,2026-03-01 05:49:00,success,1282.14
A00004220,P004220,escalate,1,2026-03-13 19:38:00,success,1516.64
A00004221,P004221,payment_link,1,2026-04-15 17:58:00,failed,0.0
A00004222,P004222,stop,1,2026-06-09 14:24:00,failed,0.0
A00004223,P004223,payment_link,1,2026-02-09 13:03:00,success,1225.48
A00004224,P004224,message,1,2026-06-10 18:29:00,failed,0.0
A00004225,P004225,message,1,2026-01-27 22:40:00,failed,0.0
A00004226,P004226,escalate,1,2026-05-17 16:21:00,success,1628.61
A00004227,P004227,message,1,2026-05-17 06:05:00,success,1656.92
A00004228,P004228,stop,1,2026-03-08 21:18:00,failed,0.0
A00004229,P004229,stop,1,2026-05-24 07:13:00,failed,0.0
A00004230,P004230,retry,1,2026-06-19 15:01:00,failed,0.0
A00004231,P004231,message,1,2026-01-06 15:36:00,failed,0.0
A00004232,P004232,escalate,1,2026-04-13 02:48:00,success,657.73
A00004233,P004233,payment_link,1,2026-04-08 09:44:00,failed,0.0
A00004234,P004234,stop,1,2026-01-13 03:55:00,failed,0.0
A00004235,P004235,payment_link,1,2026-06-21 05:27:00,failed,0.0
A00004236,P004236,message,1,2026-03-19 17:59:00,failed,0.0
A00004237,P004237,message,1,2026-06-06 02:24:00,failed,0.0
A00004238,P004238,stop,1,2026-05-15 10:55:00,failed,0.0
A00004239,P004239,payment_link,1,2026-05-11 18:02:00,failed,0.0
A00004240,P004240,message,1,2026-06-18 10:02:00,failed,0.0
A00004241,P004241,escalate,1,2026-05-07 03:49:00,success,2419.73
A00004242,P004242,payment_link,1,2026-04-29 08:59:00,failed,0.0
A00004243,P004243,payment_link,1,2026-05-25 11:52:00,failed,0.0
A00004244,P004244,message,1,2026-03-02 04:27:00,failed,0.0
A00004245,P004245,retry,1,2026-03-12 16:45:00,success,3788.6
A00004246,P004246,escalate,1,2026-05-06 05:07:00,failed,0.0
A00004247,P004247,stop,1,2026-02-05 04:55:00,failed,0.0
A00004248,P004248,escalate,1,2026-05-09 14:22:00,success,2613.7
A00004249,P004249,stop,1,2026-03-25 07:39:00,failed,0.0
A00004250,P004250,escalate,1,2026-03-15 16:15:00,failed,0.0
A00004251,P004251,stop,1,2026-02-20 09:19:00,failed,0.0
A00004252,P004252,escalate,1,2026-02-17 15:12:00,failed,0.0
A00004253,P004253,message,1,2026-03-21 06:59:00,failed,0.0
A00004254,P004254,payment_link,1,2026-04-02 00:42:00,failed,0.0
A00004255,P004255,message,1,2026-04-13 21:12:00,failed,0.0
A00004256,P004256,escalate,1,2026-01-11 00:36:00,failed,0.0
A00004257,P004257,message,1,2026-05-06 14:45:00,success,8677.01
A00004258,P004258,escalate,1,2026-01-02 12:13:00,failed,0.0
A00004259,P004259,escalate,1,2026-03-26 17:17:00,success,846.93
A00004260,P004260,escalate,1,2026-02-19 10:34:00,success,1663.72
A00004261,P004261,escalate,1,2026-05-12 14:43:00,success,1707.49
A00004262,P004262,retry,1,2026-05-05 08:18:00,failed,0.0
A00004263,P004263,retry,1,2026-03-16 04:27:00,failed,0.0
A00004264,P004264,stop,1,2026-05-19 02:02:00,failed,0.0
A00004265,P004265,stop,1,2026-06-16 06:50:00,failed,0.0
A00004266,P004266,stop,1,2026-06-21 04:00:00,failed,0.0
A00004267,P004267,stop,1,2026-04-11 05:31:00,failed,0.0
A00004268,P004268,message,1,2026-05-05 10:50:00,success,1167.46
A00004269,P004269,retry,1,2026-04-23 06:40:00,failed,0.0
A00004270,P004270,retry,1,2026-06-11 04:51:00,failed,0.0
A00004271,P004271,retry,1,2026-02-24 15:16:00,failed,0.0
A00004272,P004272,stop,1,2026-01-18 09:30:00,failed,0.0
A00004273,P004273,escalate,1,2026-01-13 11:24:00,success,15512.81
A00004274,P004274,payment_link,1,2026-04-16 13:04:00,success,14479.94
A00004275,P004275,message,1,2026-04-02 14:30:00,failed,0.0
A00004276,P004276,escalate,1,2026-03-23 19:26:00,success,2023.4
A00004277,P004277,payment_link,1,2026-03-29 09:24:00,failed,0.0
A00004278,P004278,escalate,1,2026-01-01 16:02:00,failed,0.0
A00004279,P004279,stop,1,2026-05-28 20:34:00,failed,0.0
A00004280,P004280,stop,1,2026-04-06 01:10:00,success,722.51
A00004281,P004281,message,1,2026-05-15 07:35:00,failed,0.0
A00004282,P004282,retry,1,2026-01-15 13:04:00,failed,0.0
A00004283,P004283,stop,1,2026-04-08 13:06:00,failed,0.0
A00004284,P004284,escalate,1,2026-03-28 12:25:00,failed,0.0
A00004285,P004285,message,1,2026-01-06 23:38:00,failed,0.0
A00004286,P004286,escalate,1,2026-01-27 15:30:00,failed,0.0
A00004287,P004287,message,1,2026-06-10 03:37:00,failed,0.0
A00004288,P004288,stop,1,2026-01-07 10:21:00,failed,0.0
A00004289,P004289,payment_link,1,2026-05-13 02:31:00,success,2069.45
A00004290,P004290,message,1,2026-05-02 14:49:00,success,3250.14
A00004291,P004291,escalate,1,2026-03-02 08:13:00,failed,0.0
A00004292,P004292,payment_link,1,2026-06-12 05:01:00,success,1331.81
A00004293,P004293,payment_link,1,2026-03-12 00:05:00,success,4111.72
A00004294,P004294,message,1,2026-02-21 00:06:00,failed,0.0
A00004295,P004295,stop,1,2026-03-03 09:12:00,failed,0.0
A00004296,P004296,message,1,2026-06-20 10:45:00,success,2721.61
A00004297,P004297,retry,1,2026-01-05 16:27:00,failed,0.0
A00004298,P004298,payment_link,1,2026-04-10 18:04:00,success,1742.53
A00004299,P004299,escalate,1,2026-04-07 01:29:00,failed,0.0
A00004300,P004300,retry,1,2026-01-18 15:00:00,failed,0.0
A00004301,P004301,payment_link,1,2026-06-29 15:36:00,failed,0.0
A00004302,P004302,stop,1,2026-04-03 08:54:00,failed,0.0
A00004303,P004303,payment_link,1,2026-05-09 17:10:00,failed,0.0
A00004304,P004304,message,1,2026-02-20 04:58:00,failed,0.0
A00004305,P004305,payment_link,1,2026-05-11 17:55:00,failed,0.0
A00004306,P004306,escalate,1,2026-01-25 17:25:00,success,22361.92
A00004307,P004307,message,1,2026-03-13 19:32:00,failed,0.0
A00004308,P004308,retry,1,2026-04-12 09:04:00,success,19547.02
A00004309,P004309,stop,1,2026-05-22 07:17:00,failed,0.0
A00004310,P004310,retry,1,2026-05-19 16:14:00,success,5219.71
A00004311,P004311,escalate,1,2026-01-06 12:02:00,failed,0.0
A00004312,P004312,message,1,2026-02-28 21:28:00,failed,0.0
A00004313,P004313,payment_link,1,2026-02-06 00:02:00,failed,0.0
A00004314,P004314,stop,1,2026-01-13 16:05:00,failed,0.0
A00004315,P004315,retry,1,2026-05-27 10:56:00,success,4069.54
A00004316,P004316,stop,1,2026-03-01 13:20:00,failed,0.0
A00004317,P004317,message,1,2026-04-21 01:36:00,failed,0.0
A00004318,P004318,stop,1,2026-06-21 07:15:00,failed,0.0
A00004319,P004319,payment_link,1,2026-02-13 06:21:00,failed,0.0
A00004320,P004320,escalate,1,2026-05-07 09:43:00,failed,0.0
A00004321,P004321,retry,1,2026-04-19 17:08:00,failed,0.0
A00004322,P004322,payment_link,1,2026-04-26 22:22:00,success,1245.57
A00004323,P004323,escalate,1,2026-03-22 06:43:00,failed,0.0
A00004324,P004324,escalate,1,2026-03-13 11:52:00,failed,0.0
A00004325,P004325,escalate,1,2026-02-22 21:23:00,failed,0.0
A00004326,P004326,escalate,1,2026-04-25 22:14:00,failed,0.0
A00004327,P004327,stop,1,2026-05-12 08:12:00,failed,0.0
A00004328,P004328,payment_link,1,2026-05-10 12:25:00,failed,0.0
A00004329,P004329,retry,1,2026-03-16 06:50:00,failed,0.0
A00004330,P004330,retry,1,2026-03-04 07:19:00,failed,0.0
A00004331,P004331,stop,1,2026-05-20 13:11:00,failed,0.0
A00004332,P004332,stop,1,2026-06-01 22:04:00,failed,0.0
A00004333,P004333,payment_link,1,2026-04-30 16:08:00,failed,0.0
A00004334,P004334,stop,1,2026-01-17 13:08:00,failed,0.0
A00004335,P004335,message,1,2026-05-03 07:42:00,success,2920.45
A00004336,P004336,message,1,2026-02-14 13:15:00,success,5307.99
A00004337,P004337,message,1,2026-01-15 04:17:00,failed,0.0
A00004338,P004338,retry,1,2026-05-29 01:43:00,failed,0.0
A00004339,P004339,message,1,2026-01-14 11:37:00,failed,0.0
A00004340,P004340,escalate,1,2026-04-21 09:00:00,failed,0.0
A00004341,P004341,message,1,2026-01-05 20:29:00,success,4088.63
A00004342,P004342,message,1,2026-03-31 13:26:00,failed,0.0
A00004343,P004343,stop,1,2026-04-08 13:33:00,failed,0.0
A00004344,P004344,stop,1,2026-03-21 21:00:00,failed,0.0
A00004345,P004345,retry,1,2026-03-19 09:19:00,failed,0.0
A00004346,P004346,payment_link,1,2026-04-14 22:12:00,failed,0.0
A00004347,P004347,escalate,1,2026-06-08 06:29:00,success,3387.76
A00004348,P004348,payment_link,1,2026-03-19 07:20:00,failed,0.0
A00004349,P004349,message,1,2026-04-19 20:03:00,failed,0.0
A00004350,P004350,escalate,1,2026-01-26 12:06:00,success,1581.75
A00004351,P004351,payment_link,1,2026-01-06 15:53:00,failed,0.0
A00004352,P004352,retry,1,2026-01-24 21:35:00,success,299.1
A00004353,P004353,payment_link,1,2026-02-21 12:19:00,failed,0.0
A00004354,P004354,message,1,2026-06-28 09:44:00,failed,0.0
A00004355,P004355,message,1,2026-03-11 11:19:00,failed,0.0
A00004356,P004356,retry,1,2026-03-18 10:21:00,success,6023.89
A00004357,P004357,stop,1,2026-02-20 23:08:00,failed,0.0
A00004358,P004358,message,1,2026-05-29 11:28:00,success,2536.35
A00004359,P004359,stop,1,2026-06-12 03:55:00,failed,0.0
A00004360,P004360,escalate,1,2026-06-22 08:42:00,success,5933.48
A00004361,P004361,stop,1,2026-03-03 21:54:00,failed,0.0
A00004362,P004362,escalate,1,2026-01-05 16:46:00,success,1254.84
A00004363,P004363,message,1,2026-04-27 10:44:00,success,2621.44
A00004364,P004364,escalate,1,2026-01-28 19:51:00,failed,0.0
A00004365,P004365,message,1,2026-03-24 03:46:00,success,3491.42
A00004366,P004366,escalate,1,2026-01-28 04:40:00,success,5526.74
A00004367,P004367,escalate,1,2026-06-08 11:56:00,success,13067.99
A00004368,P004368,retry,1,2026-04-02 20:52:00,success,3556.49
A00004369,P004369,message,1,2026-06-12 04:14:00,success,1834.09
A00004370,P004370,payment_link,1,2026-05-25 02:17:00,failed,0.0
A00004371,P004371,payment_link,1,2026-03-02 13:04:00,failed,0.0
A00004372,P004372,escalate,1,2026-03-05 16:44:00,failed,0.0
A00004373,P004373,payment_link,1,2026-01-28 08:27:00,success,2634.96
A00004374,P004374,stop,1,2026-06-19 04:26:00,failed,0.0
A00004375,P004375,payment_link,1,2026-01-07 20:24:00,failed,0.0
A00004376,P004376,stop,1,2026-01-29 09:46:00,failed,0.0
A00004377,P004377,stop,1,2026-05-09 01:38:00,success,3788.12
A00004378,P004378,message,1,2026-06-18 11:26:00,failed,0.0
A00004379,P004379,escalate,1,2026-06-09 17:10:00,failed,0.0
A00004380,P004380,escalate,1,2026-02-01 12:06:00,success,1887.69
A00004381,P004381,retry,1,2026-03-25 16:18:00,failed,0.0
A00004382,P004382,escalate,1,2026-02-11 06:36:00,failed,0.0
A00004383,P004383,stop,1,2026-06-27 13:20:00,failed,0.0
A00004384,P004384,escalate,1,2026-01-14 05:09:00,failed,0.0
A00004385,P004385,retry,1,2026-06-23 01:40:00,success,491.07
A00004386,P004386,escalate,1,2026-05-07 11:11:00,failed,0.0
A00004387,P004387,payment_link,1,2026-05-26 10:10:00,success,1404.01
A00004388,P004388,payment_link,1,2026-03-06 14:01:00,failed,0.0
A00004389,P004389,payment_link,1,2026-05-22 15:16:00,failed,0.0
A00004390,P004390,payment_link,1,2026-06-16 05:28:00,failed,0.0
A00004391,P004391,message,1,2026-06-20 11:02:00,failed,0.0
A00004392,P004392,retry,1,2026-05-14 17:42:00,failed,0.0
A00004393,P004393,retry,1,2026-06-17 21:09:00,failed,0.0
A00004394,P004394,message,1,2026-03-20 22:48:00,success,754.64
A00004395,P004395,payment_link,1,2026-06-23 08:21:00,success,14353.48
A00004396,P004396,escalate,1,2026-03-14 03:04:00,failed,0.0
A00004397,P004397,payment_link,1,2026-05-03 21:43:00,success,3336.05
A00004398,P004398,escalate,1,2026-03-19 13:24:00,success,4860.08
A00004399,P004399,stop,1,2026-03-05 18:50:00,failed,0.0
A00004400,P004400,escalate,1,2026-03-31 05:19:00,success,965.46
A00004401,P004401,stop,1,2026-02-18 18:30:00,failed,0.0
A00004402,P004402,stop,1,2026-06-01 02:50:00,failed,0.0
A00004403,P004403,retry,1,2026-01-23 18:01:00,failed,0.0
A00004404,P004404,retry,1,2026-01-25 00:09:00,failed,0.0
A00004405,P004405,retry,1,2026-01-22 18:01:00,failed,0.0
A00004406,P004406,message,1,2026-04-13 19:06:00,failed,0.0
A00004407,P004407,retry,1,2026-04-14 12:59:00,failed,0.0
A00004408,P004408,message,1,2026-01-24 05:50:00,failed,0.0
A00004409,P004409,stop,1,2026-05-20 15:50:00,failed,0.0
A00004410,P004410,message,1,2026-04-07 08:18:00,failed,0.0
A00004411,P004411,retry,1,2026-03-27 15:42:00,failed,0.0
A00004412,P004412,retry,1,2026-06-02 03:39:00,success,2383.91
A00004413,P004413,stop,1,2026-01-03 10:24:00,failed,0.0
A00004414,P004414,payment_link,1,2026-03-14 01:35:00,failed,0.0
A00004415,P004415,retry,1,2026-06-20 05:37:00,failed,0.0
A00004416,P004416,retry,1,2026-01-18 16:40:00,success,4404.21
A00004417,P004417,retry,1,2026-02-21 03:46:00,failed,0.0
A00004418,P004418,retry,1,2026-06-19 13:04:00,failed,0.0
A00004419,P004419,payment_link,1,2026-03-30 06:43:00,failed,0.0
A00004420,P004420,message,1,2026-01-07 10:19:00,failed,0.0
A00004421,P004421,escalate,1,2026-04-23 13:44:00,failed,0.0
A00004422,P004422,retry,1,2026-05-13 04:40:00,success,2491.8
A00004423,P004423,message,1,2026-03-21 08:40:00,success,3459.18
A00004424,P004424,escalate,1,2026-02-25 19:38:00,success,2061.4
A00004425,P004425,retry,1,2026-06-22 07:53:00,failed,0.0
A00004426,P004426,escalate,1,2026-03-02 11:34:00,success,704.03
A00004427,P004427,message,1,2026-06-01 19:14:00,success,2165.7
A00004428,P004428,stop,1,2026-01-02 07:08:00,failed,0.0
A00004429,P004429,message,1,2026-06-29 06:48:00,success,7679.16
A00004430,P004430,stop,1,2026-05-06 04:00:00,failed,0.0
A00004431,P004431,escalate,1,2026-03-18 06:20:00,failed,0.0
A00004432,P004432,payment_link,1,2026-01-19 15:11:00,success,3625.11
A00004433,P004433,escalate,1,2026-01-12 02:48:00,failed,0.0
A00004434,P004434,stop,1,2026-04-08 20:48:00,failed,0.0
A00004435,P004435,message,1,2026-01-18 17:53:00,success,1047.44
A00004436,P004436,message,1,2026-01-18 15:57:00,success,3973.49
A00004437,P004437,retry,1,2026-01-10 14:07:00,failed,0.0
A00004438,P004438,stop,1,2026-02-15 11:57:00,failed,0.0
A00004439,P004439,message,1,2026-05-11 10:45:00,success,3854.3
A00004440,P004440,payment_link,1,2026-03-10 01:58:00,failed,0.0
A00004441,P004441,retry,1,2026-02-20 11:51:00,failed,0.0
A00004442,P004442,payment_link,1,2026-04-04 00:58:00,success,1381.01
A00004443,P004443,message,1,2026-04-22 14:48:00,success,3874.43
A00004444,P004444,escalate,1,2026-02-25 05:24:00,failed,0.0
A00004445,P004445,retry,1,2026-02-17 05:53:00,failed,0.0
A00004446,P004446,message,1,2026-06-18 01:51:00,failed,0.0
A00004447,P004447,retry,1,2026-06-02 09:52:00,failed,0.0
A00004448,P004448,message,1,2026-02-27 21:49:00,success,3791.58
A00004449,P004449,stop,1,2026-05-15 15:22:00,failed,0.0
A00004450,P004450,payment_link,1,2026-02-27 07:06:00,failed,0.0
A00004451,P004451,retry,1,2026-01-20 18:44:00,success,7726.15
A00004452,P004452,stop,1,2026-02-19 03:03:00,failed,0.0
A00004453,P004453,retry,1,2026-04-09 00:58:00,failed,0.0
A00004454,P004454,retry,1,2026-04-14 15:00:00,failed,0.0
A00004455,P004455,message,1,2026-05-14 22:41:00,success,30532.02
A00004456,P004456,stop,1,2026-01-29 22:09:00,failed,0.0
A00004457,P004457,stop,1,2026-03-18 13:47:00,failed,0.0
A00004458,P004458,retry,1,2026-02-08 12:44:00,failed,0.0
A00004459,P004459,retry,1,2026-06-01 22:15:00,success,1227.59
A00004460,P004460,payment_link,1,2026-06-19 20:16:00,failed,0.0
A00004461,P004461,stop,1,2026-05-24 06:39:00,failed,0.0
A00004462,P004462,stop,1,2026-02-17 22:22:00,success,5750.39
A00004463,P004463,message,1,2026-02-17 10:19:00,failed,0.0
A00004464,P004464,retry,1,2026-03-21 00:40:00,success,1492.94
A00004465,P004465,stop,1,2026-01-10 05:32:00,success,2177.15
A00004466,P004466,message,1,2026-05-25 03:18:00,failed,0.0
A00004467,P004467,payment_link,1,2026-03-02 18:01:00,success,1587.08
A00004468,P004468,message,1,2026-05-29 17:46:00,success,1923.99
A00004469,P004469,retry,1,2026-03-15 18:30:00,failed,0.0
A00004470,P004470,stop,1,2026-02-21 08:23:00,failed,0.0
A00004471,P004471,escalate,1,2026-03-30 09:46:00,success,2108.55
A00004472,P004472,payment_link,1,2026-06-24 20:00:00,failed,0.0
A00004473,P004473,escalate,1,2026-05-09 12:57:00,success,756.79
A00004474,P004474,stop,1,2026-04-05 18:23:00,failed,0.0
A00004475,P004475,payment_link,1,2026-02-02 10:28:00,success,1364.68
A00004476,P004476,escalate,1,2026-06-05 01:16:00,success,9094.0
A00004477,P004477,message,1,2026-04-07 14:40:00,failed,0.0
A00004478,P004478,retry,1,2026-04-12 02:45:00,success,1387.21
A00004479,P004479,escalate,1,2026-06-05 09:00:00,success,24522.67
A00004480,P004480,payment_link,1,2026-06-06 04:13:00,success,2124.66
A00004481,P004481,escalate,1,2026-01-22 15:44:00,success,1096.3
A00004482,P004482,payment_link,1,2026-05-06 14:46:00,failed,0.0
A00004483,P004483,escalate,1,2026-02-07 16:50:00,failed,0.0
A00004484,P004484,retry,1,2026-04-03 00:16:00,failed,0.0
A00004485,P004485,message,1,2026-01-10 21:03:00,failed,0.0
A00004486,P004486,stop,1,2026-01-16 12:40:00,failed,0.0
A00004487,P004487,escalate,1,2026-01-17 01:05:00,success,1401.32
A00004488,P004488,escalate,1,2026-05-16 17:46:00,success,3401.41
A00004489,P004489,payment_link,1,2026-06-20 21:21:00,success,4198.48
A00004490,P004490,message,1,2026-01-30 10:32:00,failed,0.0
A00004491,P004491,message,1,2026-01-27 09:27:00,failed,0.0
A00004492,P004492,retry,1,2026-02-04 16:08:00,success,1031.7
A00004493,P004493,stop,1,2026-05-17 04:23:00,failed,0.0
A00004494,P004494,payment_link,1,2026-04-23 16:54:00,failed,0.0
A00004495,P004495,escalate,1,2026-03-09 18:21:00,success,1641.78
A00004496,P004496,escalate,1,2026-05-11 16:08:00,success,2626.2
A00004497,P004497,payment_link,1,2026-04-25 13:18:00,success,1748.62
A00004498,P004498,payment_link,1,2026-05-19 15:47:00,success,3394.63
A00004499,P004499,message,1,2026-02-21 06:00:00,success,1448.84
A00004500,P004500,payment_link,1,2026-06-13 08:34:00,success,2338.04
A00004501,P004501,retry,1,2026-04-02 19:52:00,failed,0.0
A00004502,P004502,retry,1,2026-03-31 09:52:00,failed,0.0
A00004503,P004503,retry,1,2026-02-17 00:29:00,failed,0.0
A00004504,P004504,payment_link,1,2026-06-17 08:09:00,success,6964.41
A00004505,P004505,payment_link,1,2026-05-08 22:14:00,success,3936.44
A00004506,P004506,message,1,2026-06-24 20:28:00,success,3039.46
A00004507,P004507,message,1,2026-05-11 15:49:00,success,738.2
A00004508,P004508,message,1,2026-04-25 01:23:00,failed,0.0
A00004509,P004509,stop,1,2026-05-26 00:13:00,failed,0.0
A00004510,P004510,payment_link,1,2026-03-18 23:18:00,success,21671.05
A00004511,P004511,retry,1,2026-01-24 08:57:00,failed,0.0
A00004512,P004512,message,1,2026-04-27 08:50:00,success,2323.71
A00004513,P004513,stop,1,2026-05-31 12:50:00,failed,0.0
A00004514,P004514,retry,1,2026-01-27 13:26:00,failed,0.0
A00004515,P004515,message,1,2026-03-27 13:37:00,failed,0.0
A00004516,P004516,stop,1,2026-05-16 08:44:00,failed,0.0
A00004517,P004517,message,1,2026-03-20 19:13:00,failed,0.0
A00004518,P004518,stop,1,2026-03-18 01:39:00,failed,0.0
A00004519,P004519,retry,1,2026-03-31 14:07:00,success,2440.36
A00004520,P004520,stop,1,2026-02-23 14:24:00,failed,0.0
A00004521,P004521,message,1,2026-05-08 02:02:00,failed,0.0
A00004522,P004522,stop,1,2026-02-24 18:03:00,failed,0.0
A00004523,P004523,message,1,2026-02-25 04:35:00,failed,0.0
A00004524,P004524,message,1,2026-01-27 02:30:00,failed,0.0
A00004525,P004525,escalate,1,2026-06-18 17:21:00,success,6746.95
A00004526,P004526,message,1,2026-04-04 02:37:00,success,3407.22
A00004527,P004527,payment_link,1,2026-03-07 21:04:00,success,4057.97
A00004528,P004528,escalate,1,2026-05-08 21:06:00,success,1301.24
A00004529,P004529,retry,1,2026-06-06 16:28:00,success,3641.33
A00004530,P004530,stop,1,2026-01-07 01:05:00,failed,0.0
A00004531,P004531,escalate,1,2026-01-16 22:51:00,failed,0.0
A00004532,P004532,stop,1,2026-05-16 23:23:00,failed,0.0
A00004533,P004533,retry,1,2026-06-27 18:02:00,failed,0.0
A00004534,P004534,payment_link,1,2026-02-08 00:54:00,success,7909.48
A00004535,P004535,stop,1,2026-01-26 14:59:00,failed,0.0
A00004536,P004536,message,1,2026-06-10 13:15:00,success,2790.58
A00004537,P004537,message,1,2026-04-12 16:57:00,failed,0.0
A00004538,P004538,retry,1,2026-02-22 03:38:00,failed,0.0
A00004539,P004539,message,1,2026-06-09 09:03:00,success,18757.05
A00004540,P004540,escalate,1,2026-02-03 01:12:00,failed,0.0
A00004541,P004541,retry,1,2026-02-09 18:07:00,failed,0.0
A00004542,P004542,message,1,2026-03-03 04:54:00,success,4042.8
A00004543,P004543,retry,1,2026-01-28 19:54:00,failed,0.0
A00004544,P004544,stop,1,2026-03-04 07:02:00,success,1157.12
A00004545,P004545,message,1,2026-04-01 18:20:00,failed,0.0
A00004546,P004546,retry,1,2026-01-03 06:39:00,success,5244.49
A00004547,P004547,stop,1,2026-06-18 12:12:00,success,2176.9
A00004548,P004548,stop,1,2026-06-04 10:10:00,failed,0.0
A00004549,P004549,retry,1,2026-01-05 23:45:00,failed,0.0
A00004550,P004550,stop,1,2026-01-18 00:41:00,failed,0.0
A00004551,P004551,payment_link,1,2026-05-07 16:44:00,failed,0.0
A00004552,P004552,escalate,1,2026-05-07 13:08:00,failed,0.0
A00004553,P004553,retry,1,2026-03-04 03:00:00,success,1034.41
A00004554,P004554,message,1,2026-02-08 09:28:00,failed,0.0
A00004555,P004555,message,1,2026-04-16 15:39:00,failed,0.0
A00004556,P004556,payment_link,1,2026-06-10 01:38:00,failed,0.0
A00004557,P004557,message,1,2026-06-15 22:14:00,failed,0.0
A00004558,P004558,payment_link,1,2026-06-11 06:08:00,success,4328.77
A00004559,P004559,escalate,1,2026-02-20 23:00:00,success,3614.73
A00004560,P004560,retry,1,2026-06-26 02:07:00,failed,0.0
A00004561,P004561,retry,1,2026-01-28 20:11:00,success,2493.53
A00004562,P004562,message,1,2026-01-24 18:34:00,success,3818.78
A00004563,P004563,stop,1,2026-02-03 14:13:00,failed,0.0
A00004564,P004564,message,1,2026-04-10 20:13:00,failed,0.0
A00004565,P004565,retry,1,2026-01-31 22:35:00,failed,0.0
A00004566,P004566,message,1,2026-02-08 12:13:00,failed,0.0
A00004567,P004567,stop,1,2026-04-20 05:41:00,failed,0.0
A00004568,P004568,stop,1,2026-02-01 12:52:00,failed,0.0
A00004569,P004569,message,1,2026-03-27 15:54:00,success,4177.94
A00004570,P004570,escalate,1,2026-05-24 11:56:00,failed,0.0
A00004571,P004571,escalate,1,2026-02-04 17:53:00,failed,0.0
A00004572,P004572,retry,1,2026-05-31 12:38:00,failed,0.0
A00004573,P004573,escalate,1,2026-01-15 13:01:00,success,1770.34
A00004574,P004574,payment_link,1,2026-04-15 10:32:00,success,4169.45
A00004575,P004575,message,1,2026-02-26 16:11:00,success,4636.61
A00004576,P004576,escalate,1,2026-02-28 06:11:00,failed,0.0
A00004577,P004577,retry,1,2026-05-24 06:21:00,failed,0.0
A00004578,P004578,escalate,1,2026-03-15 07:29:00,success,5897.64
A00004579,P004579,escalate,1,2026-06-18 00:16:00,failed,0.0
A00004580,P004580,message,1,2026-02-15 06:58:00,failed,0.0
A00004581,P004581,retry,1,2026-02-07 23:46:00,failed,0.0
A00004582,P004582,stop,1,2026-02-17 12:20:00,failed,0.0
A00004583,P004583,stop,1,2026-03-15 02:41:00,failed,0.0
A00004584,P004584,escalate,1,2026-01-22 00:02:00,success,33281.57
A00004585,P004585,escalate,1,2026-02-11 15:33:00,success,2484.36
A00004586,P004586,retry,1,2026-03-24 20:24:00,failed,0.0
A00004587,P004587,retry,1,2026-06-28 08:57:00,failed,0.0
A00004588,P004588,payment_link,1,2026-04-07 02:38:00,failed,0.0
A00004589,P004589,escalate,1,2026-06-06 22:31:00,failed,0.0
A00004590,P004590,escalate,1,2026-05-20 00:31:00,failed,0.0
A00004591,P004591,message,1,2026-04-19 15:09:00,success,3033.18
A00004592,P004592,message,1,2026-04-07 22:21:00,failed,0.0
A00004593,P004593,payment_link,1,2026-05-12 21:46:00,failed,0.0
A00004594,P004594,stop,1,2026-05-30 21:28:00,failed,0.0
A00004595,P004595,payment_link,1,2026-02-22 01:25:00,failed,0.0
A00004596,P004596,escalate,1,2026-03-04 23:53:00,failed,0.0
A00004597,P004597,escalate,1,2026-06-12 10:33:00,success,8127.32
A00004598,P004598,retry,1,2026-05-24 05:12:00,success,4740.3
A00004599,P004599,escalate,1,2026-06-19 02:36:00,success,2353.89
A00004600,P004600,payment_link,1,2026-01-30 13:58:00,failed,0.0
A00004601,P004601,payment_link,1,2026-02-24 07:09:00,failed,0.0
A00004602,P004602,escalate,1,2026-05-19 09:19:00,failed,0.0
A00004603,P004603,escalate,1,2026-03-29 19:54:00,success,2265.51
A00004604,P004604,stop,1,2026-02-01 11:02:00,failed,0.0
A00004605,P004605,retry,1,2026-05-10 17:23:00,failed,0.0
A00004606,P004606,retry,1,2026-02-04 12:14:00,success,5677.31
A00004607,P004607,message,1,2026-04-12 22:36:00,success,2965.33
A00004608,P004608,escalate,1,2026-05-15 13:11:00,success,31608.16
A00004609,P004609,retry,1,2026-05-25 20:19:00,success,3976.47
A00004610,P004610,escalate,1,2026-03-24 06:48:00,failed,0.0
A00004611,P004611,stop,1,2026-01-23 08:27:00,success,2238.98
A00004612,P004612,escalate,1,2026-04-30 12:38:00,success,4033.76
A00004613,P004613,escalate,1,2026-03-15 12:53:00,failed,0.0
A00004614,P004614,retry,1,2026-05-28 14:54:00,failed,0.0
A00004615,P004615,payment_link,1,2026-06-09 08:32:00,failed,0.0
A00004616,P004616,escalate,1,2026-05-24 13:57:00,success,9376.34
A00004617,P004617,payment_link,1,2026-03-18 02:24:00,failed,0.0
A00004618,P004618,stop,1,2026-02-17 11:59:00,failed,0.0
A00004619,P004619,payment_link,1,2026-04-04 13:18:00,success,957.65
A00004620,P004620,payment_link,1,2026-06-12 16:55:00,success,5319.96
A00004621,P004621,escalate,1,2026-04-18 06:53:00,failed,0.0
A00004622,P004622,escalate,1,2026-03-20 06:51:00,failed,0.0
A00004623,P004623,retry,1,2026-01-09 06:35:00,failed,0.0
A00004624,P004624,escalate,1,2026-02-08 18:42:00,failed,0.0
A00004625,P004625,retry,1,2026-06-24 13:27:00,failed,0.0
A00004626,P004626,retry,1,2026-06-19 12:10:00,success,10128.6
A00004627,P004627,retry,1,2026-03-20 18:33:00,failed,0.0
A00004628,P004628,escalate,1,2026-03-16 13:16:00,failed,0.0
A00004629,P004629,message,1,2026-02-11 03:02:00,success,2566.14
A00004630,P004630,payment_link,1,2026-01-10 14:48:00,failed,0.0
A00004631,P004631,retry,1,2026-04-30 13:45:00,success,1295.31
A00004632,P004632,payment_link,1,2026-03-31 03:44:00,success,3883.73
A00004633,P004633,escalate,1,2026-03-23 23:39:00,failed,0.0
A00004634,P004634,escalate,1,2026-03-27 14:07:00,failed,0.0
A00004635,P004635,retry,1,2026-01-09 21:23:00,failed,0.0
A00004636,P004636,escalate,1,2026-03-28 21:14:00,failed,0.0
A00004637,P004637,payment_link,1,2026-06-28 18:28:00,failed,0.0
A00004638,P004638,stop,1,2026-03-08 12:56:00,failed,0.0
A00004639,P004639,escalate,1,2026-01-07 12:33:00,success,486.88
A00004640,P004640,payment_link,1,2026-01-30 14:48:00,failed,0.0
A00004641,P004641,escalate,1,2026-02-23 21:22:00,success,2026.41
A00004642,P004642,message,1,2026-01-02 06:22:00,failed,0.0
A00004643,P004643,payment_link,1,2026-03-20 15:17:00,failed,0.0
A00004644,P004644,message,1,2026-05-03 01:13:00,success,4399.48
A00004645,P004645,payment_link,1,2026-01-11 03:06:00,failed,0.0
A00004646,P004646,escalate,1,2026-03-15 03:53:00,failed,0.0
A00004647,P004647,stop,1,2026-06-04 23:07:00,failed,0.0
A00004648,P004648,stop,1,2026-02-23 06:21:00,failed,0.0
A00004649,P004649,message,1,2026-04-30 14:43:00,success,24972.31
A00004650,P004650,retry,1,2026-03-27 10:19:00,failed,0.0
A00004651,P004651,message,1,2026-04-18 01:36:00,success,1299.06
A00004652,P004652,retry,1,2026-01-30 03:56:00,success,1363.86
A00004653,P004653,stop,1,2026-01-28 08:45:00,failed,0.0
A00004654,P004654,retry,1,2026-05-30 13:13:00,failed,0.0
A00004655,P004655,message,1,2026-03-13 11:45:00,success,4047.55
A00004656,P004656,message,1,2026-06-18 07:49:00,success,558.72
A00004657,P004657,stop,1,2026-02-07 04:30:00,failed,0.0
A00004658,P004658,message,1,2026-06-06 06:11:00,failed,0.0
A00004659,P004659,retry,1,2026-04-07 15:58:00,success,1878.43
A00004660,P004660,escalate,1,2026-05-03 04:42:00,failed,0.0
A00004661,P004661,payment_link,1,2026-03-24 00:14:00,failed,0.0
A00004662,P004662,escalate,1,2026-01-25 06:50:00,failed,0.0
A00004663,P004663,payment_link,1,2026-01-03 00:52:00,failed,0.0
A00004664,P004664,escalate,1,2026-01-04 07:03:00,success,22240.86
A00004665,P004665,message,1,2026-02-12 13:15:00,success,3972.97
A00004666,P004666,message,1,2026-02-18 22:09:00,success,21286.27
A00004667,P004667,retry,1,2026-03-06 12:12:00,success,1217.27
A00004668,P004668,stop,1,2026-03-13 19:50:00,failed,0.0
A00004669,P004669,stop,1,2026-06-01 21:42:00,failed,0.0
A00004670,P004670,retry,1,2026-02-21 00:01:00,failed,0.0
A00004671,P004671,escalate,1,2026-01-24 13:10:00,success,1357.44
A00004672,P004672,message,1,2026-06-04 03:58:00,failed,0.0
A00004673,P004673,message,1,2026-03-21 01:27:00,failed,0.0
A00004674,P004674,escalate,1,2026-01-19 00:57:00,failed,0.0
A00004675,P004675,payment_link,1,2026-06-21 09:24:00,failed,0.0
A00004676,P004676,stop,1,2026-02-20 18:15:00,failed,0.0
A00004677,P004677,stop,1,2026-04-06 17:26:00,failed,0.0
A00004678,P004678,escalate,1,2026-04-28 18:40:00,failed,0.0
A00004679,P004679,message,1,2026-04-04 02:22:00,failed,0.0
A00004680,P004680,retry,1,2026-01-17 14:24:00,failed,0.0
A00004681,P004681,payment_link,1,2026-02-10 05:15:00,success,2559.48
A00004682,P004682,stop,1,2026-03-10 04:46:00,failed,0.0
A00004683,P004683,stop,1,2026-02-24 10:53:00,failed,0.0
A00004684,P004684,message,1,2026-01-22 11:14:00,failed,0.0
A00004685,P004685,retry,1,2026-01-29 19:00:00,success,9277.77
A00004686,P004686,stop,1,2026-04-04 11:10:00,success,3315.32
A00004687,P004687,payment_link,1,2026-04-23 14:24:00,failed,0.0
A00004688,P004688,escalate,1,2026-05-04 13:00:00,failed,0.0
A00004689,P004689,escalate,1,2026-05-13 21:45:00,failed,0.0
A00004690,P004690,stop,1,2026-02-04 17:33:00,failed,0.0
A00004691,P004691,escalate,1,2026-06-12 19:08:00,success,3339.54
A00004692,P004692,escalate,1,2026-04-27 19:07:00,success,3668.48
A00004693,P004693,escalate,1,2026-06-18 07:56:00,success,36233.59
A00004694,P004694,message,1,2026-06-24 05:35:00,failed,0.0
A00004695,P004695,escalate,1,2026-05-03 23:42:00,failed,0.0
A00004696,P004696,escalate,1,2026-04-10 05:13:00,success,1482.79
A00004697,P004697,message,1,2026-01-31 23:53:00,failed,0.0
A00004698,P004698,payment_link,1,2026-05-14 11:23:00,failed,0.0
A00004699,P004699,payment_link,1,2026-06-15 03:46:00,success,1441.4
A00004700,P004700,payment_link,1,2026-03-30 22:03:00,failed,0.0
A00004701,P004701,retry,1,2026-02-05 10:48:00,failed,0.0
A00004702,P004702,escalate,1,2026-05-17 10:52:00,failed,0.0
A00004703,P004703,escalate,1,2026-03-05 02:55:00,success,39686.45
A00004704,P004704,message,1,2026-02-20 02:11:00,failed,0.0
A00004705,P004705,stop,1,2026-06-04 02:41:00,failed,0.0
A00004706,P004706,message,1,2026-05-21 20:21:00,failed,0.0
A00004707,P004707,stop,1,2026-05-20 10:42:00,failed,0.0
A00004708,P004708,retry,1,2026-02-10 07:03:00,success,3893.63
A00004709,P004709,retry,1,2026-03-17 03:10:00,success,1657.97
A00004710,P004710,message,1,2026-06-04 16:52:00,failed,0.0
A00004711,P004711,stop,1,2026-03-13 18:29:00,failed,0.0
A00004712,P004712,retry,1,2026-03-19 00:47:00,success,3590.93
A00004713,P004713,retry,1,2026-04-17 07:06:00,success,3385.4
A00004714,P004714,escalate,1,2026-02-09 21:17:00,failed,0.0
A00004715,P004715,stop,1,2026-05-14 10:08:00,failed,0.0
A00004716,P004716,retry,1,2026-02-03 05:28:00,success,1794.51
A00004717,P004717,retry,1,2026-05-02 22:22:00,success,23943.28
A00004718,P004718,escalate,1,2026-05-25 18:19:00,failed,0.0
A00004719,P004719,message,1,2026-03-29 21:44:00,success,1678.79
A00004720,P004720,retry,1,2026-03-09 05:47:00,failed,0.0
A00004721,P004721,payment_link,1,2026-06-08 16:02:00,failed,0.0
A00004722,P004722,retry,1,2026-02-20 18:13:00,failed,0.0
A00004723,P004723,escalate,1,2026-05-31 08:09:00,success,27998.18
A00004724,P004724,message,1,2026-03-07 12:40:00,failed,0.0
A00004725,P004725,message,1,2026-01-24 23:07:00,success,21102.12
A00004726,P004726,retry,1,2026-05-14 22:45:00,failed,0.0
A00004727,P004727,payment_link,1,2026-05-15 16:32:00,failed,0.0
A00004728,P004728,message,1,2026-03-23 19:50:00,success,1616.64
A00004729,P004729,retry,1,2026-03-26 09:59:00,failed,0.0
A00004730,P004730,stop,1,2026-01-12 05:25:00,failed,0.0
A00004731,P004731,payment_link,1,2026-01-06 04:11:00,failed,0.0
A00004732,P004732,stop,1,2026-03-12 22:51:00,failed,0.0
A00004733,P004733,message,1,2026-04-23 04:39:00,success,2141.13
A00004734,P004734,stop,1,2026-03-28 07:23:00,failed,0.0
A00004735,P004735,stop,1,2026-01-30 15:48:00,failed,0.0
A00004736,P004736,payment_link,1,2026-05-25 11:00:00,success,1970.28
A00004737,P004737,escalate,1,2026-06-02 07:55:00,failed,0.0
A00004738,P004738,escalate,1,2026-02-16 03:40:00,failed,0.0
A00004739,P004739,retry,1,2026-03-22 03:01:00,failed,0.0
A00004740,P004740,escalate,1,2026-03-26 04:25:00,success,604.96
A00004741,P004741,retry,1,2026-05-25 04:32:00,success,1824.15
A00004742,P004742,payment_link,1,2026-03-14 23:39:00,failed,0.0
A00004743,P004743,stop,1,2026-01-01 05:04:00,failed,0.0
A00004744,P004744,escalate,1,2026-06-19 16:41:00,success,1865.17
A00004745,P004745,message,1,2026-05-09 20:35:00,success,1242.39
A00004746,P004746,escalate,1,2026-06-20 14:03:00,failed,0.0
A00004747,P004747,escalate,1,2026-02-22 01:24:00,success,1011.48
A00004748,P004748,payment_link,1,2026-02-03 06:47:00,success,51882.72
A00004749,P004749,stop,1,2026-03-13 11:49:00,failed,0.0
A00004750,P004750,stop,1,2026-05-13 15:58:00,failed,0.0
A00004751,P004751,message,1,2026-03-31 17:34:00,failed,0.0
A00004752,P004752,retry,1,2026-06-04 19:18:00,success,861.93
A00004753,P004753,payment_link,1,2026-02-05 21:59:00,failed,0.0
A00004754,P004754,escalate,1,2026-05-11 10:43:00,success,1992.75
A00004755,P004755,stop,1,2026-03-24 02:44:00,failed,0.0
A00004756,P004756,stop,1,2026-03-10 23:11:00,failed,0.0
A00004757,P004757,payment_link,1,2026-04-17 16:56:00,success,10432.18
A00004758,P004758,escalate,1,2026-04-16 14:39:00,failed,0.0
A00004759,P004759,stop,1,2026-03-16 18:53:00,failed,0.0
A00004760,P004760,message,1,2026-02-16 02:52:00,failed,0.0
A00004761,P004761,stop,1,2026-03-12 07:38:00,failed,0.0
A00004762,P004762,payment_link,1,2026-02-28 21:03:00,failed,0.0
A00004763,P004763,message,1,2026-01-01 02:34:00,failed,0.0
A00004764,P004764,retry,1,2026-01-09 14:43:00,failed,0.0
A00004765,P004765,message,1,2026-05-08 18:30:00,failed,0.0
A00004766,P004766,retry,1,2026-06-26 16:45:00,success,3143.74
A00004767,P004767,stop,1,2026-05-07 10:05:00,failed,0.0
A00004768,P004768,escalate,1,2026-06-05 01:56:00,failed,0.0
A00004769,P004769,retry,1,2026-06-11 17:23:00,failed,0.0
A00004770,P004770,escalate,1,2026-03-25 05:33:00,failed,0.0
A00004771,P004771,retry,1,2026-02-02 11:45:00,failed,0.0
A00004772,P004772,stop,1,2026-02-04 01:47:00,failed,0.0
A00004773,P004773,retry,1,2026-04-01 04:41:00,failed,0.0
A00004774,P004774,escalate,1,2026-05-24 01:02:00,failed,0.0
A00004775,P004775,message,1,2026-01-06 10:37:00,success,3032.41
A00004776,P004776,escalate,1,2026-01-11 14:12:00,failed,0.0
A00004777,P004777,message,1,2026-02-14 04:31:00,success,2990.64
A00004778,P004778,message,1,2026-04-13 13:21:00,failed,0.0
A00004779,P004779,retry,1,2026-04-13 03:44:00,success,1089.71
A00004780,P004780,stop,1,2026-02-04 03:53:00,failed,0.0
A00004781,P004781,message,1,2026-04-23 23:47:00,failed,0.0
A00004782,P004782,escalate,1,2026-01-05 13:13:00,success,4978.54
A00004783,P004783,payment_link,1,2026-01-14 18:56:00,success,3393.56
A00004784,P004784,escalate,1,2026-05-06 14:11:00,success,1192.3
A00004785,P004785,message,1,2026-05-10 08:00:00,success,5970.26
A00004786,P004786,message,1,2026-01-31 00:24:00,success,8310.41
A00004787,P004787,stop,1,2026-04-16 18:50:00,failed,0.0
A00004788,P004788,escalate,1,2026-01-13 06:50:00,failed,0.0
A00004789,P004789,stop,1,2026-02-17 11:16:00,failed,0.0
A00004790,P004790,stop,1,2026-01-13 11:00:00,failed,0.0
A00004791,P004791,stop,1,2026-03-15 11:11:00,failed,0.0
A00004792,P004792,payment_link,1,2026-03-16 02:36:00,failed,0.0
A00004793,P004793,message,1,2026-01-20 13:02:00,success,1447.47
A00004794,P004794,escalate,1,2026-05-09 01:54:00,failed,0.0
A00004795,P004795,stop,1,2026-04-21 04:51:00,success,2446.45
A00004796,P004796,retry,1,2026-05-11 12:47:00,success,6549.6
A00004797,P004797,stop,1,2026-03-27 16:58:00,failed,0.0
A00004798,P004798,message,1,2026-04-04 09:57:00,success,4309.1
A00004799,P004799,escalate,1,2026-03-23 12:26:00,success,9410.47
A00004800,P004800,stop,1,2026-03-12 08:55:00,failed,0.0
A00004801,P004801,retry,1,2026-05-09 18:38:00,failed,0.0
A00004802,P004802,stop,1,2026-02-27 00:57:00,failed,0.0
A00004803,P004803,stop,1,2026-01-08 07:37:00,failed,0.0
A00004804,P004804,payment_link,1,2026-05-15 15:51:00,success,2075.94
A00004805,P004805,escalate,1,2026-02-16 14:03:00,failed,0.0
A00004806,P004806,retry,1,2026-06-18 12:49:00,failed,0.0
A00004807,P004807,stop,1,2026-03-28 01:37:00,failed,0.0
A00004808,P004808,payment_link,1,2026-05-11 19:19:00,failed,0.0
A00004809,P004809,escalate,1,2026-06-06 12:15:00,failed,0.0
A00004810,P004810,escalate,1,2026-03-01 02:26:00,failed,0.0
A00004811,P004811,retry,1,2026-02-13 08:04:00,failed,0.0
A00004812,P004812,retry,1,2026-03-08 11:48:00,success,3542.31
A00004813,P004813,retry,1,2026-03-07 03:32:00,success,1142.27
A00004814,P004814,message,1,2026-05-08 21:58:00,failed,0.0
A00004815,P004815,escalate,1,2026-01-01 11:55:00,failed,0.0
A00004816,P004816,retry,1,2026-05-15 10:33:00,success,1955.87
A00004817,P004817,stop,1,2026-03-24 13:58:00,success,3809.3
A00004818,P004818,payment_link,1,2026-01-19 07:09:00,failed,0.0
A00004819,P004819,stop,1,2026-05-23 01:54:00,failed,0.0
A00004820,P004820,escalate,1,2026-01-03 13:20:00,success,1402.66
A00004821,P004821,payment_link,1,2026-05-02 01:06:00,failed,0.0
A00004822,P004822,retry,1,2026-06-03 08:01:00,failed,0.0
A00004823,P004823,stop,1,2026-06-12 08:16:00,success,6065.7
A00004824,P004824,retry,1,2026-06-29 06:45:00,failed,0.0
A00004825,P004825,stop,1,2026-04-11 17:34:00,failed,0.0
A00004826,P004826,message,1,2026-04-01 08:06:00,failed,0.0
A00004827,P004827,payment_link,1,2026-04-01 08:50:00,success,966.22
A00004828,P004828,stop,1,2026-01-26 21:39:00,failed,0.0
A00004829,P004829,message,1,2026-02-28 07:31:00,failed,0.0
A00004830,P004830,payment_link,1,2026-06-24 13:48:00,failed,0.0
A00004831,P004831,stop,1,2026-02-26 01:52:00,failed,0.0
A00004832,P004832,message,1,2026-05-23 19:15:00,failed,0.0
A00004833,P004833,payment_link,1,2026-03-21 02:32:00,success,3395.31
A00004834,P004834,message,1,2026-05-19 16:37:00,failed,0.0
A00004835,P004835,payment_link,1,2026-05-20 05:14:00,success,3478.94
A00004836,P004836,escalate,1,2026-06-11 09:18:00,failed,0.0
A00004837,P004837,message,1,2026-02-24 01:34:00,failed,0.0
A00004838,P004838,stop,1,2026-04-06 05:32:00,failed,0.0
A00004839,P004839,escalate,1,2026-05-08 09:41:00,success,1803.53
A00004840,P004840,retry,1,2026-05-04 19:11:00,failed,0.0
A00004841,P004841,retry,1,2026-03-21 23:58:00,success,2343.86
A00004842,P004842,retry,1,2026-03-21 05:33:00,success,3387.96
A00004843,P004843,message,1,2026-03-14 09:28:00,failed,0.0
A00004844,P004844,retry,1,2026-01-05 18:15:00,success,27881.54
A00004845,P004845,message,1,2026-01-16 10:05:00,failed,0.0
A00004846,P004846,stop,1,2026-01-08 20:46:00,failed,0.0
A00004847,P004847,escalate,1,2026-05-25 14:13:00,failed,0.0
A00004848,P004848,payment_link,1,2026-04-30 19:01:00,success,7978.76
A00004849,P004849,escalate,1,2026-06-02 07:35:00,success,4735.22
A00004850,P004850,payment_link,1,2026-04-16 03:03:00,failed,0.0
A00004851,P004851,escalate,1,2026-01-31 02:36:00,failed,0.0
A00004852,P004852,escalate,1,2026-03-19 03:26:00,failed,0.0
A00004853,P004853,retry,1,2026-06-12 19:12:00,failed,0.0
A00004854,P004854,payment_link,1,2026-02-11 22:29:00,failed,0.0
A00004855,P004855,payment_link,1,2026-06-26 16:41:00,success,3305.83
A00004856,P004856,payment_link,1,2026-06-08 05:12:00,failed,0.0
A00004857,P004857,payment_link,1,2026-03-06 21:31:00,failed,0.0
A00004858,P004858,stop,1,2026-02-08 06:09:00,success,18692.32
A00004859,P004859,payment_link,1,2026-06-10 18:21:00,failed,0.0
A00004860,P004860,message,1,2026-01-16 19:35:00,success,8286.34
A00004861,P004861,retry,1,2026-02-13 05:06:00,success,1979.4
A00004862,P004862,message,1,2026-01-31 19:37:00,failed,0.0
A00004863,P004863,escalate,1,2026-06-23 11:19:00,failed,0.0
A00004864,P004864,payment_link,1,2026-06-13 18:22:00,success,8964.23
A00004865,P004865,retry,1,2026-06-02 13:58:00,failed,0.0
A00004866,P004866,stop,1,2026-03-31 16:42:00,failed,0.0
A00004867,P004867,retry,1,2026-06-08 14:41:00,success,7353.47
A00004868,P004868,stop,1,2026-03-12 16:04:00,failed,0.0
A00004869,P004869,payment_link,1,2026-05-11 19:38:00,success,26939.94
A00004870,P004870,retry,1,2026-01-13 08:18:00,failed,0.0
A00004871,P004871,payment_link,1,2026-06-24 17:18:00,success,1125.51
A00004872,P004872,escalate,1,2026-02-14 21:32:00,failed,0.0
A00004873,P004873,stop,1,2026-03-06 10:07:00,failed,0.0
A00004874,P004874,message,1,2026-04-19 22:58:00,failed,0.0
A00004875,P004875,stop,1,2026-05-03 21:12:00,failed,0.0
A00004876,P004876,retry,1,2026-06-09 23:52:00,failed,0.0
A00004877,P004877,stop,1,2026-03-09 08:51:00,failed,0.0
A00004878,P004878,escalate,1,2026-06-11 22:56:00,success,2132.2
A00004879,P004879,escalate,1,2026-01-12 23:01:00,failed,0.0
A00004880,P004880,payment_link,1,2026-03-09 09:15:00,failed,0.0
A00004881,P004881,message,1,2026-06-26 06:13:00,failed,0.0
A00004882,P004882,stop,1,2026-03-24 22:15:00,failed,0.0
A00004883,P004883,retry,1,2026-04-07 14:14:00,failed,0.0
A00004884,P004884,message,1,2026-03-13 16:30:00,success,4330.48
A00004885,P004885,payment_link,1,2026-05-01 22:47:00,failed,0.0
A00004886,P004886,message,1,2026-05-01 16:44:00,success,5218.45
A00004887,P004887,escalate,1,2026-03-19 13:20:00,failed,0.0
A00004888,P004888,retry,1,2026-02-08 06:13:00,failed,0.0
A00004889,P004889,message,1,2026-05-24 01:00:00,failed,0.0
A00004890,P004890,payment_link,1,2026-02-21 15:19:00,failed,0.0
A00004891,P004891,stop,1,2026-02-27 09:32:00,failed,0.0
A00004892,P004892,stop,1,2026-03-13 13:17:00,failed,0.0
A00004893,P004893,stop,1,2026-06-08 02:24:00,success,1852.01
A00004894,P004894,retry,1,2026-02-11 01:59:00,failed,0.0
A00004895,P004895,escalate,1,2026-01-17 18:38:00,success,1628.32
A00004896,P004896,stop,1,2026-04-05 03:52:00,failed,0.0
A00004897,P004897,message,1,2026-04-21 18:50:00,failed,0.0
A00004898,P004898,escalate,1,2026-01-10 04:13:00,failed,0.0
A00004899,P004899,retry,1,2026-03-30 06:41:00,success,1706.36
A00004900,P004900,stop,1,2026-02-15 13:37:00,failed,0.0
A00004901,P004901,retry,1,2026-02-11 15:27:00,success,958.4
A00004902,P004902,payment_link,1,2026-04-15 12:29:00,failed,0.0
A00004903,P004903,retry,1,2026-03-24 23:14:00,failed,0.0
A00004904,P004904,retry,1,2026-05-08 18:07:00,success,943.24
A00004905,P004905,stop,1,2026-03-18 23:02:00,failed,0.0
A00004906,P004906,message,1,2026-04-23 13:30:00,failed,0.0
A00004907,P004907,retry,1,2026-03-21 05:05:00,success,4820.49
A00004908,P004908,retry,1,2026-06-16 01:08:00,success,2611.09
A00004909,P004909,message,1,2026-05-10 17:15:00,failed,0.0
A00004910,P004910,stop,1,2026-06-17 02:03:00,failed,0.0
A00004911,P004911,payment_link,1,2026-04-22 06:52:00,failed,0.0
A00004912,P004912,stop,1,2026-02-04 19:49:00,failed,0.0
A00004913,P004913,payment_link,1,2026-03-21 03:11:00,success,4926.13
A00004914,P004914,stop,1,2026-04-08 20:18:00,failed,0.0
A00004915,P004915,escalate,1,2026-04-14 06:00:00,success,10938.01
A00004916,P004916,message,1,2026-03-19 17:38:00,success,2180.05
A00004917,P004917,message,1,2026-02-04 12:35:00,failed,0.0
A00004918,P004918,payment_link,1,2026-03-10 06:17:00,failed,0.0
A00004919,P004919,stop,1,2026-04-18 05:11:00,failed,0.0
A00004920,P004920,message,1,2026-04-17 08:39:00,success,2201.16
A00004921,P004921,escalate,1,2026-03-11 03:16:00,success,1747.31
A00004922,P004922,message,1,2026-05-31 12:26:00,failed,0.0
A00004923,P004923,stop,1,2026-05-03 17:03:00,failed,0.0
A00004924,P004924,stop,1,2026-03-11 02:09:00,failed,0.0
A00004925,P004925,payment_link,1,2026-05-07 23:21:00,success,2619.59
A00004926,P004926,payment_link,1,2026-04-11 06:34:00,failed,0.0
A00004927,P004927,retry,1,2026-02-22 19:18:00,failed,0.0
A00004928,P004928,payment_link,1,2026-01-11 22:19:00,failed,0.0
A00004929,P004929,escalate,1,2026-03-29 07:32:00,failed,0.0
A00004930,P004930,retry,1,2026-01-13 18:08:00,success,5828.93
A00004931,P004931,payment_link,1,2026-05-21 03:59:00,failed,0.0
A00004932,P004932,message,1,2026-05-23 13:48:00,success,2708.13
A00004933,P004933,stop,1,2026-05-10 14:22:00,failed,0.0
A00004934,P004934,payment_link,1,2026-03-01 18:37:00,failed,0.0
A00004935,P004935,payment_link,1,2026-03-23 12:20:00,success,8761.47
A00004936,P004936,retry,1,2026-01-27 23:51:00,success,3826.26
A00004937,P004937,retry,1,2026-04-27 10:38:00,failed,0.0
A00004938,P004938,retry,1,2026-01-31 18:00:00,success,4781.2
A00004939,P004939,message,1,2026-03-23 09:53:00,failed,0.0
A00004940,P004940,payment_link,1,2026-05-21 03:02:00,failed,0.0
A00004941,P004941,escalate,1,2026-06-02 11:18:00,success,1456.82
A00004942,P004942,retry,1,2026-02-10 12:03:00,success,2207.41
A00004943,P004943,escalate,1,2026-05-30 08:54:00,failed,0.0
A00004944,P004944,escalate,1,2026-01-02 11:27:00,failed,0.0
A00004945,P004945,payment_link,1,2026-01-10 23:46:00,failed,0.0
A00004946,P004946,escalate,1,2026-04-30 01:37:00,success,3849.06
A00004947,P004947,payment_link,1,2026-05-18 09:37:00,failed,0.0
A00004948,P004948,escalate,1,2026-05-20 21:25:00,failed,0.0
A00004949,P004949,retry,1,2026-01-31 14:34:00,success,2473.74
A00004950,P004950,retry,1,2026-01-14 08:44:00,success,1588.22
A00004951,P004951,message,1,2026-05-07 03:50:00,failed,0.0
A00004952,P004952,escalate,1,2026-02-09 04:11:00,failed,0.0
A00004953,P004953,escalate,1,2026-04-13 11:29:00,success,23013.29
A00004954,P004954,escalate,1,2026-06-19 07:20:00,success,5021.87
A00004955,P004955,retry,1,2026-04-26 04:36:00,failed,0.0
A00004956,P004956,message,1,2026-02-20 17:16:00,failed,0.0
A00004957,P004957,stop,1,2026-06-23 11:10:00,failed,0.0
A00004958,P004958,retry,1,2026-05-05 05:44:00,success,4700.02
A00004959,P004959,escalate,1,2026-04-19 03:25:00,failed,0.0
A00004960,P004960,stop,1,2026-02-01 15:08:00,failed,0.0
A00004961,P004961,escalate,1,2026-06-21 00:41:00,success,3200.91
A00004962,P004962,payment_link,1,2026-04-04 19:49:00,success,1331.8
A00004963,P004963,retry,1,2026-02-26 13:21:00,success,2985.75
A00004964,P004964,escalate,1,2026-05-11 12:43:00,failed,0.0
A00004965,P004965,escalate,1,2026-05-10 11:26:00,success,4568.93
A00004966,P004966,stop,1,2026-04-30 01:54:00,failed,0.0
A00004967,P004967,retry,1,2026-06-29 12:49:00,failed,0.0
A00004968,P004968,payment_link,1,2026-03-12 03:00:00,success,2940.87
A00004969,P004969,message,1,2026-04-22 22:36:00,failed,0.0
A00004970,P004970,message,1,2026-04-09 02:04:00,failed,0.0
A00004971,P004971,payment_link,1,2026-04-28 11:08:00,success,3760.17
A00004972,P004972,message,1,2026-01-26 08:34:00,failed,0.0
A00004973,P004973,retry,1,2026-06-09 18:30:00,success,1221.04
A00004974,P004974,escalate,1,2026-06-29 09:15:00,failed,0.0
A00004975,P004975,message,1,2026-03-19 23:35:00,failed,0.0
A00004976,P004976,payment_link,1,2026-05-07 19:52:00,failed,0.0
A00004977,P004977,retry,1,2026-01-10 06:29:00,failed,0.0
A00004978,P004978,payment_link,1,2026-02-20 03:31:00,success,3750.85
A00004979,P004979,stop,1,2026-06-11 20:28:00,failed,0.0
A00004980,P004980,message,1,2026-06-21 16:32:00,failed,0.0
A00004981,P004981,payment_link,1,2026-04-17 23:58:00,failed,0.0
A00004982,P004982,message,1,2026-04-06 13:10:00,success,1874.36
A00004983,P004983,retry,1,2026-02-28 05:58:00,failed,0.0
A00004984,P004984,stop,1,2026-02-09 13:15:00,failed,0.0
A00004985,P004985,payment_link,1,2026-05-31 20:54:00,failed,0.0
A00004986,P004986,escalate,1,2026-06-28 09:16:00,success,2277.15
A00004987,P004987,stop,1,2026-03-02 03:34:00,failed,0.0
A00004988,P004988,payment_link,1,2026-02-25 15:18:00,failed,0.0
A00004989,P004989,retry,1,2026-02-05 07:16:00,failed,0.0
A00004990,P004990,payment_link,1,2026-03-06 00:46:00,success,2362.74
A00004991,P004991,message,1,2026-05-15 22:50:00,failed,0.0
A00004992,P004992,payment_link,1,2026-02-22 18:00:00,failed,0.0
A00004993,P004993,retry,1,2026-05-10 22:22:00,failed,0.0
A00004994,P004994,retry,1,2026-03-10 10:28:00,failed,0.0
A00004995,P004995,retry,1,2026-04-29 10:11:00,failed,0.0
A00004996,P004996,stop,1,2026-03-11 09:01:00,failed,0.0
A00004997,P004997,message,1,2026-06-26 07:44:00,failed,0.0
A00004998,P004998,retry,1,2026-05-01 22:26:00,success,9204.63
A00004999,P004999,message,1,2026-06-23 00:38:00,failed,0.0
A00005000,P005000,message,1,2026-06-23 02:30:00,failed,0.0
A00005001,P005001,escalate,1,2026-06-16 12:05:00,success,12577.63
A00005002,P005002,payment_link,1,2026-06-09 05:21:00,success,3204.97
A00005003,P005003,retry,1,2026-05-01 19:50:00,success,1942.2
A00005004,P005004,message,1,2026-03-19 08:18:00,failed,0.0
A00005005,P005005,retry,1,2026-05-25 23:58:00,failed,0.0
A00005006,P005006,message,1,2026-02-08 03:54:00,success,10562.44
A00005007,P005007,retry,1,2026-05-06 13:52:00,success,2079.85
A00005008,P005008,message,1,2026-06-11 10:02:00,failed,0.0
A00005009,P005009,payment_link,1,2026-02-11 17:57:00,success,1426.69
A00005010,P005010,stop,1,2026-05-07 09:19:00,failed,0.0
A00005011,P005011,payment_link,1,2026-03-03 23:31:00,failed,0.0
A00005012,P005012,retry,1,2026-04-16 12:14:00,failed,0.0
A00005013,P005013,payment_link,1,2026-03-06 00:06:00,failed,0.0
A00005014,P005014,escalate,1,2026-03-11 07:24:00,failed,0.0
A00005015,P005015,escalate,1,2026-01-28 23:21:00,failed,0.0
A00005016,P005016,escalate,1,2026-03-02 20:34:00,success,4805.64
A00005017,P005017,escalate,1,2026-02-01 06:01:00,failed,0.0
A00005018,P005018,escalate,1,2026-04-05 07:17:00,failed,0.0
A00005019,P005019,message,1,2026-02-03 19:44:00,failed,0.0
A00005020,P005020,stop,1,2026-01-27 06:59:00,failed,0.0
A00005021,P005021,retry,1,2026-01-01 16:07:00,failed,0.0
A00005022,P005022,retry,1,2026-06-05 20:01:00,failed,0.0
A00005023,P005023,retry,1,2026-04-27 07:54:00,failed,0.0
A00005024,P005024,escalate,1,2026-02-13 12:21:00,failed,0.0
A00005025,P005025,payment_link,1,2026-03-19 16:49:00,failed,0.0
A00005026,P005026,stop,1,2026-03-22 00:53:00,failed,0.0
A00005027,P005027,retry,1,2026-04-02 00:23:00,success,2183.64
A00005028,P005028,stop,1,2026-04-25 07:13:00,failed,0.0
A00005029,P005029,retry,1,2026-04-24 09:01:00,failed,0.0
A00005030,P005030,payment_link,1,2026-03-10 13:24:00,success,5456.61
A00005031,P005031,escalate,1,2026-06-07 11:55:00,success,1440.09
A00005032,P005032,message,1,2026-03-18 04:58:00,success,1246.76
A00005033,P005033,retry,1,2026-06-19 18:36:00,success,1513.17
A00005034,P005034,retry,1,2026-02-07 17:32:00,failed,0.0
A00005035,P005035,escalate,1,2026-04-10 20:43:00,failed,0.0
A00005036,P005036,message,1,2026-01-07 23:27:00,failed,0.0
A00005037,P005037,escalate,1,2026-04-30 05:39:00,failed,0.0
A00005038,P005038,message,1,2026-06-12 23:03:00,success,3792.99
A00005039,P005039,stop,1,2026-03-29 23:24:00,failed,0.0
A00005040,P005040,stop,1,2026-04-29 00:22:00,success,3701.46
A00005041,P005041,message,1,2026-02-18 14:35:00,failed,0.0
A00005042,P005042,escalate,1,2026-03-29 09:49:00,failed,0.0
A00005043,P005043,payment_link,1,2026-01-08 23:06:00,success,2355.21
A00005044,P005044,payment_link,1,2026-01-02 01:41:00,success,5795.02
A00005045,P005045,stop,1,2026-02-02 03:58:00,failed,0.0
A00005046,P005046,payment_link,1,2026-01-26 05:15:00,success,1890.15
A00005047,P005047,escalate,1,2026-02-24 06:45:00,success,5675.44
A00005048,P005048,message,1,2026-06-13 09:47:00,success,3670.75
A00005049,P005049,payment_link,1,2026-05-28 04:00:00,success,2944.22
A00005050,P005050,retry,1,2026-03-08 16:41:00,failed,0.0
A00005051,P005051,message,1,2026-03-15 16:21:00,success,1328.26
A00005052,P005052,retry,1,2026-02-26 22:00:00,success,1485.52
A00005053,P005053,message,1,2026-03-07 22:29:00,success,1117.01
A00005054,P005054,escalate,1,2026-06-09 01:59:00,success,2004.88
A00005055,P005055,escalate,1,2026-01-05 16:25:00,success,1459.85
A00005056,P005056,stop,1,2026-03-28 09:44:00,failed,0.0
A00005057,P005057,payment_link,1,2026-04-20 20:42:00,success,5389.29
A00005058,P005058,stop,1,2026-04-06 12:00:00,failed,0.0
A00005059,P005059,stop,1,2026-03-22 12:37:00,failed,0.0
A00005060,P005060,message,1,2026-01-23 17:44:00,failed,0.0
A00005061,P005061,retry,1,2026-03-24 19:22:00,success,5319.23
A00005062,P005062,message,1,2026-02-27 00:34:00,success,4636.82
A00005063,P005063,escalate,1,2026-02-01 23:23:00,failed,0.0
A00005064,P005064,payment_link,1,2026-06-13 17:46:00,success,1115.36
A00005065,P005065,retry,1,2026-05-08 02:12:00,success,2205.08
A00005066,P005066,payment_link,1,2026-02-21 04:25:00,success,1226.18
A00005067,P005067,payment_link,1,2026-05-13 08:59:00,failed,0.0
A00005068,P005068,stop,1,2026-02-25 02:52:00,failed,0.0
A00005069,P005069,payment_link,1,2026-04-05 11:21:00,failed,0.0
A00005070,P005070,escalate,1,2026-01-11 06:18:00,failed,0.0
A00005071,P005071,escalate,1,2026-06-26 09:10:00,failed,0.0
A00005072,P005072,retry,1,2026-03-15 20:50:00,success,4971.89
A00005073,P005073,escalate,1,2026-05-25 10:55:00,success,1000.88
A00005074,P005074,escalate,1,2026-04-28 16:59:00,success,2856.31
A00005075,P005075,payment_link,1,2026-05-08 09:02:00,failed,0.0
A00005076,P005076,payment_link,1,2026-01-30 01:09:00,success,6856.32
A00005077,P005077,retry,1,2026-06-13 07:22:00,success,7215.59
A00005078,P005078,retry,1,2026-06-26 17:22:00,success,1503.75
A00005079,P005079,payment_link,1,2026-05-17 13:13:00,success,3111.71
A00005080,P005080,payment_link,1,2026-05-19 05:49:00,failed,0.0
A00005081,P005081,escalate,1,2026-03-31 20:31:00,success,1815.69
A00005082,P005082,retry,1,2026-03-13 12:40:00,failed,0.0
A00005083,P005083,message,1,2026-05-23 11:08:00,success,22883.6
A00005084,P005084,stop,1,2026-04-20 11:06:00,failed,0.0
A00005085,P005085,payment_link,1,2026-05-29 09:24:00,failed,0.0
A00005086,P005086,escalate,1,2026-01-10 05:49:00,failed,0.0
A00005087,P005087,retry,1,2026-02-16 20:41:00,success,3138.13
A00005088,P005088,escalate,1,2026-06-26 23:26:00,failed,0.0
A00005089,P005089,payment_link,1,2026-03-11 11:16:00,failed,0.0
A00005090,P005090,message,1,2026-01-01 15:54:00,success,9055.39
A00005091,P005091,payment_link,1,2026-05-27 15:40:00,failed,0.0
A00005092,P005092,retry,1,2026-01-29 18:58:00,failed,0.0
A00005093,P005093,payment_link,1,2026-03-29 20:37:00,success,11710.97
A00005094,P005094,stop,1,2026-02-08 06:31:00,failed,0.0
A00005095,P005095,escalate,1,2026-06-17 05:24:00,failed,0.0
A00005096,P005096,message,1,2026-02-11 10:58:00,failed,0.0
A00005097,P005097,retry,1,2026-03-03 15:38:00,failed,0.0
A00005098,P005098,retry,1,2026-06-09 13:57:00,failed,0.0
A00005099,P005099,escalate,1,2026-02-20 20:41:00,failed,0.0
A00005100,P005100,stop,1,2026-06-11 02:06:00,failed,0.0
A00005101,P005101,payment_link,1,2026-02-01 20:05:00,success,6571.72
A00005102,P005102,retry,1,2026-02-20 19:38:00,failed,0.0
A00005103,P005103,escalate,1,2026-02-09 23:32:00,success,2419.36
A00005104,P005104,retry,1,2026-04-15 16:44:00,success,865.71
A00005105,P005105,payment_link,1,2026-06-24 23:50:00,success,17671.5
A00005106,P005106,stop,1,2026-03-25 03:00:00,failed,0.0
A00005107,P005107,stop,1,2026-01-13 02:46:00,failed,0.0
A00005108,P005108,escalate,1,2026-06-15 20:11:00,success,2554.23
A00005109,P005109,escalate,1,2026-03-19 08:30:00,failed,0.0
A00005110,P005110,payment_link,1,2026-05-26 00:49:00,success,3370.14
A00005111,P005111,message,1,2026-04-15 07:11:00,success,4463.73
A00005112,P005112,message,1,2026-04-11 01:36:00,failed,0.0
A00005113,P005113,escalate,1,2026-03-20 21:32:00,failed,0.0
A00005114,P005114,stop,1,2026-02-26 09:27:00,failed,0.0
A00005115,P005115,message,1,2026-02-04 22:03:00,failed,0.0
A00005116,P005116,retry,1,2026-01-22 06:10:00,failed,0.0
A00005117,P005117,stop,1,2026-02-19 09:17:00,failed,0.0
A00005118,P005118,message,1,2026-03-09 05:24:00,failed,0.0
A00005119,P005119,stop,1,2026-05-16 06:12:00,failed,0.0
A00005120,P005120,stop,1,2026-01-30 14:13:00,failed,0.0
A00005121,P005121,payment_link,1,2026-06-22 06:30:00,failed,0.0
A00005122,P005122,stop,1,2026-02-08 07:32:00,failed,0.0
A00005123,P005123,escalate,1,2026-02-17 22:27:00,success,2756.32
A00005124,P005124,message,1,2026-06-24 07:27:00,failed,0.0
A00005125,P005125,stop,1,2026-06-08 03:16:00,failed,0.0
A00005126,P005126,message,1,2026-01-27 10:11:00,success,3997.44
A00005127,P005127,retry,1,2026-04-08 00:58:00,failed,0.0
A00005128,P005128,payment_link,1,2026-01-03 08:43:00,success,1403.58
A00005129,P005129,escalate,1,2026-05-30 20:47:00,failed,0.0
A00005130,P005130,payment_link,1,2026-02-05 02:19:00,success,2169.34
A00005131,P005131,stop,1,2026-05-27 18:27:00,failed,0.0
A00005132,P005132,escalate,1,2026-06-05 14:08:00,success,1830.11
A00005133,P005133,payment_link,1,2026-05-15 16:45:00,failed,0.0
A00005134,P005134,stop,1,2026-03-17 06:51:00,failed,0.0
A00005135,P005135,message,1,2026-06-27 22:37:00,success,5643.38
A00005136,P005136,stop,1,2026-03-02 18:42:00,failed,0.0
A00005137,P005137,message,1,2026-05-16 12:16:00,failed,0.0
A00005138,P005138,stop,1,2026-01-04 13:24:00,failed,0.0
A00005139,P005139,message,1,2026-05-31 00:27:00,success,4790.32
A00005140,P005140,escalate,1,2026-05-21 09:01:00,failed,0.0
A00005141,P005141,stop,1,2026-04-13 09:48:00,failed,0.0
A00005142,P005142,stop,1,2026-03-23 21:21:00,failed,0.0
A00005143,P005143,message,1,2026-02-17 07:29:00,failed,0.0
A00005144,P005144,stop,1,2026-04-14 10:30:00,failed,0.0
A00005145,P005145,message,1,2026-05-12 16:05:00,failed,0.0
A00005146,P005146,message,1,2026-04-11 11:03:00,success,1158.75
A00005147,P005147,retry,1,2026-04-25 04:40:00,failed,0.0
A00005148,P005148,payment_link,1,2026-03-20 13:49:00,success,2314.87
A00005149,P005149,payment_link,1,2026-03-08 20:18:00,failed,0.0
A00005150,P005150,message,1,2026-01-20 05:49:00,failed,0.0
A00005151,P005151,stop,1,2026-05-08 18:09:00,success,5717.7
A00005152,P005152,stop,1,2026-01-01 07:19:00,success,16040.15
A00005153,P005153,message,1,2026-04-13 03:41:00,success,2316.01
A00005154,P005154,escalate,1,2026-04-04 19:04:00,failed,0.0
A00005155,P005155,escalate,1,2026-04-27 11:30:00,failed,0.0
A00005156,P005156,payment_link,1,2026-02-08 02:55:00,success,2049.95
A00005157,P005157,retry,1,2026-03-23 09:26:00,failed,0.0
A00005158,P005158,message,1,2026-01-17 04:28:00,failed,0.0
A00005159,P005159,escalate,1,2026-05-27 14:32:00,failed,0.0
A00005160,P005160,retry,1,2026-01-05 12:54:00,success,2360.8
A00005161,P005161,escalate,1,2026-05-31 22:08:00,failed,0.0
A00005162,P005162,retry,1,2026-05-14 12:30:00,success,2724.84
A00005163,P005163,escalate,1,2026-01-10 18:23:00,success,12632.84
A00005164,P005164,escalate,1,2026-05-11 14:34:00,failed,0.0
A00005165,P005165,escalate,1,2026-03-27 20:58:00,success,249.87
A00005166,P005166,escalate,1,2026-01-03 18:15:00,success,4979.96
A00005167,P005167,escalate,1,2026-03-16 10:25:00,failed,0.0
A00005168,P005168,escalate,1,2026-02-16 15:37:00,failed,0.0
A00005169,P005169,retry,1,2026-03-22 22:38:00,failed,0.0
A00005170,P005170,payment_link,1,2026-02-12 05:54:00,success,8159.98
A00005171,P005171,stop,1,2026-06-05 12:08:00,failed,0.0
A00005172,P005172,payment_link,1,2026-05-31 23:28:00,success,1736.44
A00005173,P005173,escalate,1,2026-02-17 20:57:00,success,1413.18
A00005174,P005174,message,1,2026-01-09 12:23:00,failed,0.0
A00005175,P005175,payment_link,1,2026-01-29 11:50:00,failed,0.0
A00005176,P005176,retry,1,2026-02-02 22:35:00,success,2569.93
A00005177,P005177,escalate,1,2026-02-21 04:42:00,success,2674.83
A00005178,P005178,escalate,1,2026-03-21 23:20:00,failed,0.0
A00005179,P005179,message,1,2026-05-25 20:02:00,success,3856.13
A00005180,P005180,escalate,1,2026-03-29 03:42:00,failed,0.0
A00005181,P005181,retry,1,2026-05-27 13:29:00,success,2057.08
A00005182,P005182,message,1,2026-06-07 18:25:00,success,5050.74
A00005183,P005183,message,1,2026-02-23 00:16:00,failed,0.0
A00005184,P005184,retry,1,2026-03-04 23:48:00,success,2550.42
A00005185,P005185,retry,1,2026-05-30 05:07:00,failed,0.0
A00005186,P005186,retry,1,2026-03-30 21:02:00,failed,0.0
A00005187,P005187,payment_link,1,2026-06-14 18:52:00,failed,0.0
A00005188,P005188,message,1,2026-03-02 06:29:00,failed,0.0
A00005189,P005189,stop,1,2026-02-24 05:33:00,failed,0.0
A00005190,P005190,escalate,1,2026-01-29 11:32:00,failed,0.0
A00005191,P005191,payment_link,1,2026-02-13 02:01:00,failed,0.0
A00005192,P005192,escalate,1,2026-04-09 22:43:00,failed,0.0
A00005193,P005193,retry,1,2026-06-28 21:09:00,success,703.36
A00005194,P005194,stop,1,2026-03-18 14:53:00,failed,0.0
A00005195,P005195,stop,1,2026-06-14 20:40:00,failed,0.0
A00005196,P005196,escalate,1,2026-03-20 06:01:00,failed,0.0
A00005197,P005197,payment_link,1,2026-01-30 22:01:00,success,2564.57
A00005198,P005198,message,1,2026-01-09 16:03:00,failed,0.0
A00005199,P005199,message,1,2026-01-04 02:30:00,failed,0.0
A00005200,P005200,retry,1,2026-02-09 13:36:00,failed,0.0
A00005201,P005201,escalate,1,2026-03-22 00:33:00,failed,0.0
A00005202,P005202,payment_link,1,2026-03-11 12:45:00,success,4592.32
A00005203,P005203,retry,1,2026-06-17 18:30:00,success,2280.23
A00005204,P005204,escalate,1,2026-02-24 06:35:00,failed,0.0
A00005205,P005205,message,1,2026-02-27 07:48:00,failed,0.0
A00005206,P005206,payment_link,1,2026-02-20 03:08:00,failed,0.0
A00005207,P005207,retry,1,2026-01-26 15:03:00,success,3081.51
A00005208,P005208,payment_link,1,2026-03-30 16:26:00,success,3521.17
A00005209,P005209,payment_link,1,2026-03-02 02:51:00,success,1145.19
A00005210,P005210,payment_link,1,2026-01-10 20:20:00,success,42150.34
A00005211,P005211,message,1,2026-06-20 10:32:00,success,4013.06
A00005212,P005212,stop,1,2026-06-17 13:21:00,failed,0.0
A00005213,P005213,stop,1,2026-02-09 05:40:00,failed,0.0
A00005214,P005214,message,1,2026-01-22 12:53:00,success,5019.31
A00005215,P005215,payment_link,1,2026-02-05 19:55:00,failed,0.0
A00005216,P005216,escalate,1,2026-02-10 09:12:00,success,1058.95
A00005217,P005217,escalate,1,2026-02-11 01:07:00,failed,0.0
A00005218,P005218,message,1,2026-02-09 14:21:00,failed,0.0
A00005219,P005219,retry,1,2026-04-15 09:55:00,success,2049.21
A00005220,P005220,payment_link,1,2026-03-17 09:43:00,failed,0.0
A00005221,P005221,retry,1,2026-05-30 04:35:00,success,5516.12
A00005222,P005222,retry,1,2026-05-25 07:37:00,failed,0.0
A00005223,P005223,stop,1,2026-05-15 00:13:00,failed,0.0
A00005224,P005224,retry,1,2026-02-12 16:33:00,failed,0.0
A00005225,P005225,escalate,1,2026-01-24 00:21:00,failed,0.0
A00005226,P005226,escalate,1,2026-04-18 21:06:00,success,4416.4
A00005227,P005227,escalate,1,2026-05-13 08:03:00,failed,0.0
A00005228,P005228,stop,1,2026-03-10 17:06:00,failed,0.0
A00005229,P005229,stop,1,2026-06-01 07:00:00,failed,0.0
A00005230,P005230,stop,1,2026-01-08 21:10:00,success,15440.47
A00005231,P005231,retry,1,2026-04-19 15:02:00,failed,0.0
A00005232,P005232,retry,1,2026-03-09 07:43:00,failed,0.0
A00005233,P005233,payment_link,1,2026-05-20 10:58:00,failed,0.0
A00005234,P005234,payment_link,1,2026-02-26 16:59:00,success,1505.52
A00005235,P005235,message,1,2026-04-02 15:57:00,failed,0.0
A00005236,P005236,stop,1,2026-05-30 02:59:00,failed,0.0
A00005237,P005237,stop,1,2026-02-27 05:14:00,failed,0.0
A00005238,P005238,stop,1,2026-04-26 23:02:00,failed,0.0
A00005239,P005239,stop,1,2026-01-11 13:53:00,failed,0.0
A00005240,P005240,message,1,2026-06-20 07:12:00,success,4081.88
A00005241,P005241,escalate,1,2026-02-22 15:04:00,failed,0.0
A00005242,P005242,escalate,1,2026-05-16 14:10:00,success,19804.73
A00005243,P005243,escalate,1,2026-06-16 18:44:00,failed,0.0
A00005244,P005244,escalate,1,2026-03-20 07:26:00,failed,0.0
A00005245,P005245,stop,1,2026-05-26 07:32:00,failed,0.0
A00005246,P005246,payment_link,1,2026-03-20 07:37:00,failed,0.0
A00005247,P005247,stop,1,2026-04-18 21:09:00,failed,0.0
A00005248,P005248,message,1,2026-06-11 10:38:00,success,1335.56
A00005249,P005249,retry,1,2026-01-26 08:52:00,failed,0.0
A00005250,P005250,payment_link,1,2026-05-17 05:04:00,success,3481.62
A00005251,P005251,escalate,1,2026-05-14 03:57:00,failed,0.0
A00005252,P005252,message,1,2026-06-23 16:40:00,success,2155.27
A00005253,P005253,stop,1,2026-03-09 19:15:00,failed,0.0
A00005254,P005254,message,1,2026-01-25 06:19:00,failed,0.0
A00005255,P005255,payment_link,1,2026-02-25 11:04:00,failed,0.0
A00005256,P005256,payment_link,1,2026-03-03 12:35:00,failed,0.0
A00005257,P005257,escalate,1,2026-01-18 00:22:00,failed,0.0
A00005258,P005258,stop,1,2026-03-21 00:21:00,failed,0.0
A00005259,P005259,retry,1,2026-04-29 05:46:00,failed,0.0
A00005260,P005260,payment_link,1,2026-03-13 01:26:00,failed,0.0
A00005261,P005261,message,1,2026-01-13 04:23:00,failed,0.0
A00005262,P005262,message,1,2026-01-06 03:44:00,success,3467.89
A00005263,P005263,retry,1,2026-05-04 23:11:00,success,5665.52
A00005264,P005264,payment_link,1,2026-06-04 02:45:00,success,1628.15
A00005265,P005265,escalate,1,2026-04-19 17:57:00,failed,0.0
A00005266,P005266,message,1,2026-05-14 22:43:00,success,11918.13
A00005267,P005267,message,1,2026-05-02 20:45:00,success,2802.61
A00005268,P005268,stop,1,2026-05-25 14:13:00,failed,0.0
A00005269,P005269,stop,1,2026-02-13 18:52:00,failed,0.0
A00005270,P005270,stop,1,2026-03-01 12:45:00,failed,0.0
A00005271,P005271,escalate,1,2026-06-14 01:07:00,failed,0.0
A00005272,P005272,escalate,1,2026-06-14 11:11:00,failed,0.0
A00005273,P005273,stop,1,2026-04-16 11:29:00,success,21411.39
A00005274,P005274,message,1,2026-05-08 13:38:00,failed,0.0
A00005275,P005275,retry,1,2026-06-12 20:52:00,failed,0.0
A00005276,P005276,retry,1,2026-03-11 21:24:00,failed,0.0
A00005277,P005277,stop,1,2026-02-09 18:38:00,failed,0.0
A00005278,P005278,message,1,2026-06-03 22:16:00,success,1375.8
A00005279,P005279,retry,1,2026-04-21 17:19:00,failed,0.0
A00005280,P005280,escalate,1,2026-04-27 17:29:00,failed,0.0
A00005281,P005281,stop,1,2026-06-06 22:09:00,failed,0.0
A00005282,P005282,retry,1,2026-01-27 14:27:00,failed,0.0
A00005283,P005283,escalate,1,2026-04-18 19:46:00,success,1866.14
A00005284,P005284,stop,1,2026-01-09 02:10:00,failed,0.0
A00005285,P005285,stop,1,2026-05-16 14:18:00,failed,0.0
A00005286,P005286,payment_link,1,2026-02-13 01:47:00,failed,0.0
A00005287,P005287,payment_link,1,2026-01-15 15:43:00,failed,0.0
A00005288,P005288,message,1,2026-06-01 09:24:00,failed,0.0
A00005289,P005289,message,1,2026-06-13 21:33:00,failed,0.0
A00005290,P005290,stop,1,2026-02-20 19:12:00,failed,0.0
A00005291,P005291,escalate,1,2026-06-10 12:49:00,failed,0.0
A00005292,P005292,payment_link,1,2026-03-28 13:06:00,success,10711.42
A00005293,P005293,retry,1,2026-04-24 15:03:00,failed,0.0
A00005294,P005294,escalate,1,2026-02-09 06:10:00,success,19750.2
A00005295,P005295,escalate,1,2026-05-29 02:28:00,failed,0.0
A00005296,P005296,retry,1,2026-04-22 14:00:00,failed,0.0
A00005297,P005297,escalate,1,2026-06-06 08:59:00,failed,0.0
A00005298,P005298,retry,1,2026-02-03 23:51:00,failed,0.0
A00005299,P005299,message,1,2026-03-14 22:43:00,success,2827.02
A00005300,P005300,payment_link,1,2026-04-30 16:11:00,failed,0.0
A00005301,P005301,message,1,2026-03-24 04:27:00,success,2080.05
A00005302,P005302,retry,1,2026-04-02 22:47:00,success,2094.48
A00005303,P005303,stop,1,2026-03-26 17:14:00,failed,0.0
A00005304,P005304,stop,1,2026-01-17 00:18:00,failed,0.0
A00005305,P005305,escalate,1,2026-03-24 23:07:00,failed,0.0
A00005306,P005306,escalate,1,2026-06-22 05:18:00,failed,0.0
A00005307,P005307,retry,1,2026-06-25 19:25:00,failed,0.0
A00005308,P005308,retry,1,2026-06-21 03:32:00,success,8550.7
A00005309,P005309,payment_link,1,2026-01-14 06:52:00,failed,0.0
A00005310,P005310,stop,1,2026-01-26 03:34:00,failed,0.0
A00005311,P005311,payment_link,1,2026-04-25 09:13:00,success,993.21
A00005312,P005312,payment_link,1,2026-03-30 03:23:00,failed,0.0
A00005313,P005313,stop,1,2026-04-02 07:04:00,failed,0.0
A00005314,P005314,retry,1,2026-01-16 01:27:00,success,1384.29
A00005315,P005315,escalate,1,2026-06-07 13:45:00,failed,0.0
A00005316,P005316,message,1,2026-05-23 05:22:00,failed,0.0
A00005317,P005317,retry,1,2026-02-07 17:13:00,failed,0.0
A00005318,P005318,retry,1,2026-03-19 10:14:00,failed,0.0
A00005319,P005319,stop,1,2026-06-23 18:37:00,success,1052.4
A00005320,P005320,escalate,1,2026-01-17 04:58:00,failed,0.0
A00005321,P005321,escalate,1,2026-02-02 09:44:00,failed,0.0
A00005322,P005322,stop,1,2026-03-16 12:42:00,success,1304.94
A00005323,P005323,retry,1,2026-02-11 02:26:00,success,10348.71
A00005324,P005324,payment_link,1,2026-02-06 15:19:00,failed,0.0
A00005325,P005325,escalate,1,2026-02-04 11:52:00,failed,0.0
A00005326,P005326,escalate,1,2026-03-25 21:46:00,failed,0.0
A00005327,P005327,payment_link,1,2026-04-13 03:38:00,failed,0.0
A00005328,P005328,stop,1,2026-01-24 22:42:00,failed,0.0
A00005329,P005329,message,1,2026-06-03 17:48:00,failed,0.0
A00005330,P005330,payment_link,1,2026-01-27 12:15:00,success,2499.46
A00005331,P005331,message,1,2026-06-11 06:26:00,failed,0.0
A00005332,P005332,payment_link,1,2026-06-09 07:17:00,failed,0.0
A00005333,P005333,message,1,2026-02-08 16:05:00,success,2668.53
A00005334,P005334,stop,1,2026-03-31 18:17:00,failed,0.0
A00005335,P005335,escalate,1,2026-06-11 07:52:00,failed,0.0
A00005336,P005336,escalate,1,2026-04-09 13:14:00,success,2573.32
A00005337,P005337,stop,1,2026-04-01 23:48:00,failed,0.0
A00005338,P005338,message,1,2026-05-18 11:28:00,failed,0.0
A00005339,P005339,retry,1,2026-04-16 04:29:00,failed,0.0
A00005340,P005340,message,1,2026-05-04 16:04:00,success,5595.86
A00005341,P005341,payment_link,1,2026-05-09 04:37:00,success,1997.49
A00005342,P005342,retry,1,2026-05-23 22:41:00,success,48268.98
A00005343,P005343,escalate,1,2026-05-11 02:46:00,failed,0.0
A00005344,P005344,message,1,2026-01-07 02:15:00,failed,0.0
A00005345,P005345,retry,1,2026-03-03 03:53:00,failed,0.0
A00005346,P005346,payment_link,1,2026-04-01 11:30:00,success,4033.4
A00005347,P005347,escalate,1,2026-03-29 11:51:00,failed,0.0
A00005348,P005348,payment_link,1,2026-02-19 12:11:00,failed,0.0
A00005349,P005349,stop,1,2026-01-07 16:38:00,failed,0.0
A00005350,P005350,message,1,2026-04-18 23:13:00,failed,0.0
A00005351,P005351,escalate,1,2026-03-24 18:22:00,failed,0.0
A00005352,P005352,payment_link,1,2026-03-21 12:38:00,failed,0.0
A00005353,P005353,escalate,1,2026-01-31 13:44:00,failed,0.0
A00005354,P005354,retry,1,2026-04-25 21:25:00,failed,0.0
A00005355,P005355,escalate,1,2026-04-30 16:47:00,failed,0.0
A00005356,P005356,retry,1,2026-02-10 15:13:00,success,1645.98
A00005357,P005357,escalate,1,2026-03-08 23:07:00,success,1644.7
A00005358,P005358,message,1,2026-04-13 11:41:00,success,544.84
A00005359,P005359,message,1,2026-04-15 21:47:00,failed,0.0
A00005360,P005360,message,1,2026-04-18 02:08:00,failed,0.0
A00005361,P005361,stop,1,2026-03-14 01:28:00,failed,0.0
A00005362,P005362,escalate,1,2026-02-01 11:08:00,failed,0.0
A00005363,P005363,payment_link,1,2026-06-08 10:29:00,failed,0.0
A00005364,P005364,message,1,2026-04-09 16:25:00,failed,0.0
A00005365,P005365,retry,1,2026-06-13 09:15:00,failed,0.0
A00005366,P005366,message,1,2026-04-04 06:41:00,failed,0.0
A00005367,P005367,retry,1,2026-01-06 13:28:00,failed,0.0
A00005368,P005368,stop,1,2026-02-03 10:32:00,failed,0.0
A00005369,P005369,escalate,1,2026-03-22 23:20:00,failed,0.0
A00005370,P005370,retry,1,2026-03-29 10:34:00,failed,0.0
A00005371,P005371,retry,1,2026-05-26 07:10:00,success,19678.23
A00005372,P005372,message,1,2026-03-13 23:55:00,failed,0.0
A00005373,P005373,retry,1,2026-03-04 12:33:00,success,1259.74
A00005374,P005374,payment_link,1,2026-03-13 12:01:00,failed,0.0
A00005375,P005375,stop,1,2026-02-28 18:04:00,failed,0.0
A00005376,P005376,retry,1,2026-06-09 13:05:00,failed,0.0
A00005377,P005377,message,1,2026-04-27 17:32:00,failed,0.0
A00005378,P005378,retry,1,2026-01-20 16:48:00,failed,0.0
A00005379,P005379,retry,1,2026-02-27 15:46:00,success,1812.99
A00005380,P005380,message,1,2026-04-12 21:56:00,failed,0.0
A00005381,P005381,message,1,2026-05-15 20:47:00,success,26427.99
A00005382,P005382,retry,1,2026-03-18 03:22:00,failed,0.0
A00005383,P005383,escalate,1,2026-04-02 19:43:00,failed,0.0
A00005384,P005384,retry,1,2026-06-12 21:53:00,success,2272.43
A00005385,P005385,escalate,1,2026-03-28 17:28:00,success,1152.75
A00005386,P005386,retry,1,2026-02-28 15:34:00,failed,0.0
A00005387,P005387,escalate,1,2026-05-10 16:18:00,failed,0.0
A00005388,P005388,escalate,1,2026-02-10 07:32:00,success,4404.4
A00005389,P005389,retry,1,2026-06-17 21:20:00,success,4337.26
A00005390,P005390,escalate,1,2026-05-18 11:58:00,failed,0.0
A00005391,P005391,message,1,2026-02-12 07:00:00,failed,0.0
A00005392,P005392,message,1,2026-01-06 10:26:00,failed,0.0
A00005393,P005393,retry,1,2026-04-09 04:01:00,success,1435.29
A00005394,P005394,escalate,1,2026-06-16 13:59:00,failed,0.0
A00005395,P005395,escalate,1,2026-03-29 08:00:00,failed,0.0
A00005396,P005396,escalate,1,2026-03-19 07:15:00,failed,0.0
A00005397,P005397,stop,1,2026-04-21 09:50:00,success,7693.2
A00005398,P005398,message,1,2026-06-20 10:05:00,success,6671.28
A00005399,P005399,payment_link,1,2026-06-20 09:14:00,success,3699.39
A00005400,P005400,escalate,1,2026-06-07 19:30:00,failed,0.0
A00005401,P005401,payment_link,1,2026-04-02 15:12:00,failed,0.0
A00005402,P005402,retry,1,2026-01-09 23:13:00,failed,0.0
A00005403,P005403,retry,1,2026-06-28 00:48:00,failed,0.0
A00005404,P005404,escalate,1,2026-02-12 02:32:00,success,598.93
A00005405,P005405,message,1,2026-03-29 20:07:00,failed,0.0
A00005406,P005406,message,1,2026-01-15 16:21:00,success,5917.05
A00005407,P005407,retry,1,2026-04-17 10:21:00,failed,0.0
A00005408,P005408,stop,1,2026-06-14 13:59:00,success,6981.74
A00005409,P005409,stop,1,2026-04-03 11:27:00,failed,0.0
A00005410,P005410,retry,1,2026-03-01 11:01:00,failed,0.0
A00005411,P005411,retry,1,2026-02-18 19:53:00,success,2013.72
A00005412,P005412,message,1,2026-06-30 01:58:00,failed,0.0
A00005413,P005413,stop,1,2026-03-14 04:53:00,failed,0.0
A00005414,P005414,escalate,1,2026-06-11 10:12:00,failed,0.0
A00005415,P005415,stop,1,2026-03-15 13:23:00,failed,0.0
A00005416,P005416,message,1,2026-03-11 15:20:00,failed,0.0
A00005417,P005417,retry,1,2026-02-13 05:40:00,success,5199.37
A00005418,P005418,message,1,2026-05-02 12:44:00,success,6144.3
A00005419,P005419,payment_link,1,2026-04-10 16:43:00,success,32472.54
A00005420,P005420,payment_link,1,2026-05-04 06:46:00,success,3180.47
A00005421,P005421,stop,1,2026-06-15 10:28:00,failed,0.0
A00005422,P005422,retry,1,2026-02-14 03:47:00,success,7976.06
A00005423,P005423,payment_link,1,2026-05-11 21:08:00,success,1883.59
A00005424,P005424,stop,1,2026-03-28 20:05:00,failed,0.0
A00005425,P005425,retry,1,2026-01-07 15:16:00,failed,0.0
A00005426,P005426,escalate,1,2026-04-04 18:01:00,success,5395.32
A00005427,P005427,message,1,2026-04-29 15:57:00,success,5249.59
A00005428,P005428,escalate,1,2026-05-14 15:17:00,failed,0.0
A00005429,P005429,escalate,1,2026-05-10 12:18:00,failed,0.0
A00005430,P005430,message,1,2026-04-11 00:52:00,failed,0.0
A00005431,P005431,retry,1,2026-05-05 20:40:00,failed,0.0
A00005432,P005432,retry,1,2026-04-27 14:39:00,success,4916.91
A00005433,P005433,payment_link,1,2026-05-08 22:35:00,failed,0.0
A00005434,P005434,stop,1,2026-03-16 16:45:00,failed,0.0
A00005435,P005435,stop,1,2026-04-28 18:09:00,failed,0.0
A00005436,P005436,payment_link,1,2026-05-11 05:37:00,failed,0.0
A00005437,P005437,stop,1,2026-05-27 19:58:00,failed,0.0
A00005438,P005438,retry,1,2026-01-23 09:04:00,failed,0.0
A00005439,P005439,payment_link,1,2026-02-22 02:30:00,failed,0.0
A00005440,P005440,message,1,2026-05-11 12:00:00,success,9026.37
A00005441,P005441,escalate,1,2026-03-02 03:51:00,failed,0.0
A00005442,P005442,message,1,2026-04-15 03:03:00,failed,0.0
A00005443,P005443,retry,1,2026-04-06 15:26:00,success,2679.96
A00005444,P005444,payment_link,1,2026-01-06 11:35:00,success,13213.21
A00005445,P005445,stop,1,2026-05-07 05:53:00,failed,0.0
A00005446,P005446,payment_link,1,2026-02-01 05:25:00,success,2476.72
A00005447,P005447,payment_link,1,2026-05-31 21:25:00,success,825.12
A00005448,P005448,retry,1,2026-05-09 22:27:00,success,3389.18
A00005449,P005449,payment_link,1,2026-02-11 00:19:00,failed,0.0
A00005450,P005450,payment_link,1,2026-01-09 05:51:00,failed,0.0
A00005451,P005451,message,1,2026-03-10 14:29:00,failed,0.0
A00005452,P005452,stop,1,2026-01-27 01:35:00,failed,0.0
A00005453,P005453,message,1,2026-04-05 00:34:00,success,1256.71
A00005454,P005454,retry,1,2026-01-06 23:16:00,failed,0.0
A00005455,P005455,stop,1,2026-02-28 20:58:00,failed,0.0
A00005456,P005456,payment_link,1,2026-02-11 20:33:00,success,3559.06
A00005457,P005457,retry,1,2026-03-07 13:43:00,failed,0.0
A00005458,P005458,escalate,1,2026-02-16 17:22:00,failed,0.0
A00005459,P005459,escalate,1,2026-06-02 19:12:00,failed,0.0
A00005460,P005460,message,1,2026-03-15 22:01:00,failed,0.0
A00005461,P005461,escalate,1,2026-01-11 13:27:00,failed,0.0
A00005462,P005462,message,1,2026-04-25 07:00:00,failed,0.0
A00005463,P005463,stop,1,2026-01-23 12:13:00,failed,0.0
A00005464,P005464,payment_link,1,2026-05-18 16:22:00,failed,0.0
A00005465,P005465,stop,1,2026-06-05 05:00:00,failed,0.0
A00005466,P005466,payment_link,1,2026-06-07 19:53:00,failed,0.0
A00005467,P005467,message,1,2026-01-28 01:47:00,failed,0.0
A00005468,P005468,message,1,2026-03-05 03:51:00,success,3102.78
A00005469,P005469,escalate,1,2026-03-03 19:53:00,success,6166.19
A00005470,P005470,stop,1,2026-06-26 02:43:00,failed,0.0
A00005471,P005471,payment_link,1,2026-06-01 09:40:00,success,8699.99
A00005472,P005472,payment_link,1,2026-02-12 04:23:00,failed,0.0
A00005473,P005473,retry,1,2026-05-22 11:53:00,success,8907.97
A00005474,P005474,stop,1,2026-04-18 19:27:00,failed,0.0
A00005475,P005475,message,1,2026-04-26 09:49:00,failed,0.0
A00005476,P005476,message,1,2026-03-29 04:07:00,failed,0.0
A00005477,P005477,message,1,2026-06-11 23:19:00,success,2958.74
A00005478,P005478,stop,1,2026-02-14 12:25:00,failed,0.0
A00005479,P005479,message,1,2026-05-31 06:06:00,failed,0.0
A00005480,P005480,payment_link,1,2026-05-23 00:04:00,failed,0.0
A00005481,P005481,payment_link,1,2026-06-25 01:16:00,failed,0.0
A00005482,P005482,payment_link,1,2026-01-14 07:03:00,success,8592.3
A00005483,P005483,payment_link,1,2026-06-17 07:38:00,failed,0.0
A00005484,P005484,payment_link,1,2026-06-22 04:56:00,failed,0.0
A00005485,P005485,escalate,1,2026-05-17 04:27:00,failed,0.0
A00005486,P005486,retry,1,2026-05-15 01:03:00,failed,0.0
A00005487,P005487,stop,1,2026-03-25 00:21:00,failed,0.0
A00005488,P005488,payment_link,1,2026-06-08 12:57:00,success,683.0
A00005489,P005489,stop,1,2026-04-10 03:45:00,success,3022.25
A00005490,P005490,payment_link,1,2026-03-15 05:49:00,failed,0.0
A00005491,P005491,retry,1,2026-05-17 05:34:00,failed,0.0
A00005492,P005492,stop,1,2026-04-07 12:05:00,failed,0.0
A00005493,P005493,retry,1,2026-02-01 02:18:00,success,6419.52
A00005494,P005494,escalate,1,2026-01-01 09:51:00,failed,0.0
A00005495,P005495,stop,1,2026-02-05 19:22:00,failed,0.0
A00005496,P005496,escalate,1,2026-02-18 07:20:00,failed,0.0
A00005497,P005497,escalate,1,2026-06-18 20:19:00,success,7154.42
A00005498,P005498,escalate,1,2026-06-14 10:08:00,failed,0.0
A00005499,P005499,retry,1,2026-04-10 14:11:00,success,18091.56
A00005500,P005500,retry,1,2026-02-08 11:11:00,failed,0.0
A00005501,P005501,payment_link,1,2026-02-27 20:08:00,success,8811.5
A00005502,P005502,escalate,1,2026-02-22 08:49:00,failed,0.0
A00005503,P005503,stop,1,2026-04-12 00:02:00,failed,0.0
A00005504,P005504,stop,1,2026-02-01 19:30:00,failed,0.0
A00005505,P005505,retry,1,2026-02-22 23:08:00,success,2102.03
A00005506,P005506,escalate,1,2026-03-05 14:12:00,failed,0.0
A00005507,P005507,escalate,1,2026-04-11 21:03:00,success,3068.17
A00005508,P005508,retry,1,2026-04-18 19:24:00,success,20274.2
A00005509,P005509,escalate,1,2026-01-20 12:16:00,failed,0.0
A00005510,P005510,escalate,1,2026-01-08 03:59:00,failed,0.0
A00005511,P005511,escalate,1,2026-01-01 05:50:00,success,21448.17
A00005512,P005512,stop,1,2026-02-12 17:19:00,failed,0.0
A00005513,P005513,payment_link,1,2026-01-11 16:48:00,failed,0.0
A00005514,P005514,stop,1,2026-05-17 03:48:00,failed,0.0
A00005515,P005515,payment_link,1,2026-01-27 06:43:00,success,12674.14
A00005516,P005516,stop,1,2026-02-18 11:10:00,failed,0.0
A00005517,P005517,stop,1,2026-06-21 10:10:00,failed,0.0
A00005518,P005518,retry,1,2026-02-10 12:28:00,success,5255.02
A00005519,P005519,retry,1,2026-03-14 08:36:00,success,4380.68
A00005520,P005520,escalate,1,2026-06-08 09:37:00,failed,0.0
A00005521,P005521,stop,1,2026-06-24 01:33:00,failed,0.0
A00005522,P005522,message,1,2026-03-12 16:34:00,success,5062.2
A00005523,P005523,escalate,1,2026-02-21 03:36:00,failed,0.0
A00005524,P005524,stop,1,2026-03-09 08:12:00,failed,0.0
A00005525,P005525,escalate,1,2026-04-11 01:52:00,success,5164.35
A00005526,P005526,escalate,1,2026-06-20 07:12:00,failed,0.0
A00005527,P005527,escalate,1,2026-02-11 00:04:00,success,1700.78
A00005528,P005528,stop,1,2026-06-04 20:08:00,failed,0.0
A00005529,P005529,retry,1,2026-06-11 09:14:00,success,977.26
A00005530,P005530,message,1,2026-02-04 00:57:00,success,4963.4
A00005531,P005531,payment_link,1,2026-03-29 01:17:00,failed,0.0
A00005532,P005532,escalate,1,2026-02-25 22:31:00,success,3205.36
A00005533,P005533,message,1,2026-02-02 16:50:00,success,2768.59
A00005534,P005534,payment_link,1,2026-04-03 19:20:00,success,1932.26
A00005535,P005535,retry,1,2026-05-13 05:03:00,success,845.64
A00005536,P005536,escalate,1,2026-01-07 20:59:00,success,1058.77
A00005537,P005537,retry,1,2026-06-22 18:19:00,failed,0.0
A00005538,P005538,stop,1,2026-06-28 19:06:00,failed,0.0
A00005539,P005539,retry,1,2026-04-02 11:08:00,success,1227.29
A00005540,P005540,payment_link,1,2026-03-25 16:51:00,failed,0.0
A00005541,P005541,message,1,2026-05-18 05:45:00,failed,0.0
A00005542,P005542,stop,1,2026-03-18 22:40:00,failed,0.0
A00005543,P005543,message,1,2026-01-01 08:44:00,success,1743.13
A00005544,P005544,stop,1,2026-02-02 16:56:00,success,3671.9
A00005545,P005545,escalate,1,2026-02-16 12:17:00,success,1486.12
A00005546,P005546,escalate,1,2026-06-10 14:31:00,failed,0.0
A00005547,P005547,escalate,1,2026-04-25 01:08:00,failed,0.0
A00005548,P005548,payment_link,1,2026-06-21 01:25:00,success,5798.83
A00005549,P005549,escalate,1,2026-01-04 01:56:00,failed,0.0
A00005550,P005550,escalate,1,2026-03-26 18:04:00,success,5438.55
A00005551,P005551,stop,1,2026-02-27 05:54:00,failed,0.0
A00005552,P005552,escalate,1,2026-02-21 18:36:00,success,1708.14
A00005553,P005553,retry,1,2026-05-03 04:15:00,success,553.56
A00005554,P005554,payment_link,1,2026-01-10 15:22:00,success,5904.54
A00005555,P005555,payment_link,1,2026-01-16 12:42:00,success,4744.22
A00005556,P005556,stop,1,2026-01-08 08:58:00,failed,0.0
A00005557,P005557,retry,1,2026-05-31 09:47:00,success,2270.04
A00005558,P005558,payment_link,1,2026-04-16 20:03:00,failed,0.0
A00005559,P005559,payment_link,1,2026-02-25 13:51:00,failed,0.0
A00005560,P005560,payment_link,1,2026-01-24 06:06:00,success,1081.21
A00005561,P005561,payment_link,1,2026-03-06 02:27:00,failed,0.0
A00005562,P005562,payment_link,1,2026-03-31 08:35:00,failed,0.0
A00005563,P005563,message,1,2026-01-06 23:13:00,failed,0.0
A00005564,P005564,payment_link,1,2026-06-21 20:57:00,failed,0.0
A00005565,P005565,stop,1,2026-05-27 08:59:00,success,5011.4
A00005566,P005566,escalate,1,2026-05-08 03:24:00,success,3954.21
A00005567,P005567,payment_link,1,2026-01-19 07:30:00,success,3385.7
A00005568,P005568,escalate,1,2026-05-04 07:12:00,success,3823.01
A00005569,P005569,escalate,1,2026-02-10 05:18:00,failed,0.0
A00005570,P005570,payment_link,1,2026-05-10 10:18:00,success,4757.43
A00005571,P005571,message,1,2026-05-11 12:35:00,failed,0.0
A00005572,P005572,retry,1,2026-04-02 04:07:00,failed,0.0
A00005573,P005573,payment_link,1,2026-02-21 13:56:00,success,4631.94
A00005574,P005574,escalate,1,2026-05-20 17:58:00,success,4578.44
A00005575,P005575,payment_link,1,2026-01-27 11:16:00,success,3730.8
A00005576,P005576,message,1,2026-02-02 10:34:00,success,7818.73
A00005577,P005577,stop,1,2026-01-07 05:26:00,failed,0.0
A00005578,P005578,stop,1,2026-03-03 03:44:00,failed,0.0
A00005579,P005579,payment_link,1,2026-05-06 05:19:00,failed,0.0
A00005580,P005580,escalate,1,2026-02-08 00:49:00,failed,0.0
A00005581,P005581,payment_link,1,2026-06-11 03:28:00,failed,0.0
A00005582,P005582,payment_link,1,2026-04-20 16:39:00,success,2401.94
A00005583,P005583,escalate,1,2026-02-14 20:02:00,failed,0.0
A00005584,P005584,retry,1,2026-03-25 04:29:00,success,4600.94
A00005585,P005585,message,1,2026-04-01 11:22:00,failed,0.0
A00005586,P005586,escalate,1,2026-03-13 06:41:00,failed,0.0
A00005587,P005587,stop,1,2026-05-22 18:20:00,failed,0.0
A00005588,P005588,payment_link,1,2026-02-19 22:09:00,failed,0.0
A00005589,P005589,message,1,2026-01-27 07:20:00,success,5600.04
A00005590,P005590,payment_link,1,2026-02-23 08:38:00,failed,0.0
A00005591,P005591,stop,1,2026-04-29 01:11:00,failed,0.0
A00005592,P005592,payment_link,1,2026-05-10 05:15:00,failed,0.0
A00005593,P005593,payment_link,1,2026-02-11 03:24:00,success,1052.93
A00005594,P005594,stop,1,2026-04-21 06:14:00,failed,0.0
A00005595,P005595,payment_link,1,2026-06-04 16:11:00,success,1259.56
A00005596,P005596,stop,1,2026-01-08 21:53:00,failed,0.0
A00005597,P005597,stop,1,2026-01-11 03:25:00,failed,0.0
A00005598,P005598,message,1,2026-02-13 01:54:00,success,1634.01
A00005599,P005599,escalate,1,2026-01-19 19:43:00,failed,0.0
A00005600,P005600,retry,1,2026-02-20 07:42:00,success,1646.71
A00005601,P005601,stop,1,2026-02-06 17:29:00,failed,0.0
A00005602,P005602,stop,1,2026-01-28 12:06:00,failed,0.0
A00005603,P005603,message,1,2026-05-30 20:40:00,success,1946.14
A00005604,P005604,payment_link,1,2026-05-04 11:37:00,failed,0.0
A00005605,P005605,retry,1,2026-05-12 21:52:00,success,3817.16
A00005606,P005606,payment_link,1,2026-03-15 15:41:00,failed,0.0
A00005607,P005607,escalate,1,2026-01-09 07:40:00,success,3499.38
A00005608,P005608,stop,1,2026-06-11 01:05:00,failed,0.0
A00005609,P005609,payment_link,1,2026-06-12 04:21:00,success,3592.51
A00005610,P005610,payment_link,1,2026-01-03 03:55:00,success,4049.59
A00005611,P005611,retry,1,2026-03-14 02:20:00,failed,0.0
A00005612,P005612,payment_link,1,2026-03-08 17:02:00,failed,0.0
A00005613,P005613,stop,1,2026-05-07 00:16:00,failed,0.0
A00005614,P005614,stop,1,2026-02-21 00:34:00,failed,0.0
A00005615,P005615,retry,1,2026-03-19 04:50:00,failed,0.0
A00005616,P005616,escalate,1,2026-03-19 11:32:00,success,1900.94
A00005617,P005617,retry,1,2026-04-13 12:47:00,failed,0.0
A00005618,P005618,stop,1,2026-06-22 01:12:00,failed,0.0
A00005619,P005619,message,1,2026-05-13 15:28:00,failed,0.0
A00005620,P005620,retry,1,2026-02-17 20:01:00,failed,0.0
A00005621,P005621,message,1,2026-01-16 03:06:00,success,3718.42
A00005622,P005622,retry,1,2026-05-22 14:01:00,failed,0.0
A00005623,P005623,payment_link,1,2026-06-12 16:32:00,failed,0.0
A00005624,P005624,retry,1,2026-03-06 09:57:00,success,1468.09
A00005625,P005625,payment_link,1,2026-05-11 01:31:00,failed,0.0
A00005626,P005626,stop,1,2026-03-30 06:28:00,failed,0.0
A00005627,P005627,payment_link,1,2026-04-27 23:30:00,success,1852.84
A00005628,P005628,retry,1,2026-01-06 18:23:00,success,1450.51
A00005629,P005629,stop,1,2026-04-13 15:56:00,failed,0.0
A00005630,P005630,payment_link,1,2026-01-01 07:51:00,success,12975.8
A00005631,P005631,escalate,1,2026-01-22 23:56:00,failed,0.0
A00005632,P005632,retry,1,2026-04-01 09:45:00,failed,0.0
A00005633,P005633,message,1,2026-02-19 22:36:00,failed,0.0
A00005634,P005634,escalate,1,2026-03-18 22:19:00,success,1592.67
A00005635,P005635,message,1,2026-05-03 18:46:00,success,8490.26
A00005636,P005636,stop,1,2026-03-11 19:14:00,failed,0.0
A00005637,P005637,message,1,2026-05-02 22:54:00,success,17874.01
A00005638,P005638,retry,1,2026-06-07 04:30:00,success,2809.84
A00005639,P005639,stop,1,2026-03-27 23:40:00,failed,0.0
A00005640,P005640,payment_link,1,2026-01-01 07:44:00,failed,0.0
A00005641,P005641,payment_link,1,2026-01-26 15:19:00,failed,0.0
A00005642,P005642,retry,1,2026-03-04 08:16:00,success,3749.81
A00005643,P005643,message,1,2026-06-19 09:07:00,success,2108.42
A00005644,P005644,stop,1,2026-01-11 19:43:00,failed,0.0
A00005645,P005645,retry,1,2026-06-07 18:28:00,success,1254.36
A00005646,P005646,escalate,1,2026-05-27 15:05:00,failed,0.0
A00005647,P005647,message,1,2026-03-16 13:48:00,failed,0.0
A00005648,P005648,payment_link,1,2026-02-18 17:00:00,success,3032.15
A00005649,P005649,retry,1,2026-05-13 07:03:00,success,2038.7
A00005650,P005650,escalate,1,2026-04-09 17:20:00,success,1610.57
A00005651,P005651,payment_link,1,2026-01-09 18:20:00,failed,0.0
A00005652,P005652,escalate,1,2026-03-11 09:07:00,failed,0.0
A00005653,P005653,message,1,2026-05-05 12:56:00,failed,0.0
A00005654,P005654,retry,1,2026-05-29 03:55:00,failed,0.0
A00005655,P005655,stop,1,2026-05-16 17:04:00,failed,0.0
A00005656,P005656,retry,1,2026-01-09 16:11:00,failed,0.0
A00005657,P005657,escalate,1,2026-04-06 16:27:00,failed,0.0
A00005658,P005658,message,1,2026-03-13 05:41:00,success,6604.67
A00005659,P005659,stop,1,2026-05-18 03:16:00,failed,0.0
A00005660,P005660,message,1,2026-02-01 00:41:00,failed,0.0
A00005661,P005661,retry,1,2026-02-08 08:15:00,success,4959.77
A00005662,P005662,payment_link,1,2026-06-23 08:04:00,success,3661.84
A00005663,P005663,stop,1,2026-03-10 16:51:00,failed,0.0
A00005664,P005664,escalate,1,2026-01-15 00:42:00,success,7193.39
A00005665,P005665,payment_link,1,2026-05-02 15:43:00,failed,0.0
A00005666,P005666,stop,1,2026-01-25 03:14:00,failed,0.0
A00005667,P005667,payment_link,1,2026-05-05 06:04:00,success,2356.32
A00005668,P005668,escalate,1,2026-01-30 07:19:00,failed,0.0
A00005669,P005669,message,1,2026-01-06 03:38:00,failed,0.0
A00005670,P005670,message,1,2026-03-09 03:28:00,success,2510.9
A00005671,P005671,retry,1,2026-02-23 01:05:00,success,3733.6
A00005672,P005672,retry,1,2026-06-07 04:09:00,failed,0.0
A00005673,P005673,stop,1,2026-03-06 22:18:00,failed,0.0
A00005674,P005674,message,1,2026-01-15 19:58:00,success,1880.29
A00005675,P005675,retry,1,2026-03-19 17:40:00,failed,0.0
A00005676,P005676,retry,1,2026-06-25 07:41:00,success,4108.27
A00005677,P005677,message,1,2026-01-31 01:20:00,failed,0.0
A00005678,P005678,escalate,1,2026-06-26 16:19:00,failed,0.0
A00005679,P005679,message,1,2026-04-14 06:39:00,failed,0.0
A00005680,P005680,message,1,2026-05-07 05:07:00,failed,0.0
A00005681,P005681,stop,1,2026-01-02 18:14:00,failed,0.0
A00005682,P005682,payment_link,1,2026-05-04 11:03:00,success,38353.92
A00005683,P005683,retry,1,2026-05-13 16:25:00,failed,0.0
A00005684,P005684,message,1,2026-01-04 23:25:00,success,9127.34
A00005685,P005685,payment_link,1,2026-04-01 13:57:00,failed,0.0
A00005686,P005686,retry,1,2026-03-24 17:22:00,failed,0.0
A00005687,P005687,retry,1,2026-05-07 08:12:00,success,2845.97
A00005688,P005688,escalate,1,2026-05-28 21:41:00,failed,0.0
A00005689,P005689,payment_link,1,2026-01-08 20:32:00,success,2257.13
A00005690,P005690,stop,1,2026-01-31 21:18:00,failed,0.0
A00005691,P005691,stop,1,2026-03-26 10:26:00,failed,0.0
A00005692,P005692,payment_link,1,2026-06-17 10:10:00,success,5029.19
A00005693,P005693,message,1,2026-04-29 17:52:00,success,2752.39
A00005694,P005694,escalate,1,2026-01-09 09:50:00,failed,0.0
A00005695,P005695,retry,1,2026-01-21 01:17:00,success,8185.5
A00005696,P005696,message,1,2026-04-28 09:00:00,success,13300.81
A00005697,P005697,payment_link,1,2026-05-07 21:32:00,success,3226.34
A00005698,P005698,message,1,2026-05-22 12:03:00,success,10078.88
A00005699,P005699,message,1,2026-03-02 05:39:00,success,1274.42
A00005700,P005700,message,1,2026-06-25 13:05:00,success,1102.37
A00005701,P005701,escalate,1,2026-06-18 17:18:00,failed,0.0
A00005702,P005702,payment_link,1,2026-06-27 03:04:00,failed,0.0
A00005703,P005703,escalate,1,2026-03-10 06:28:00,failed,0.0
A00005704,P005704,message,1,2026-04-04 03:32:00,failed,0.0
A00005705,P005705,escalate,1,2026-05-11 04:24:00,success,654.21
A00005706,P005706,payment_link,1,2026-04-11 06:38:00,failed,0.0
A00005707,P005707,escalate,1,2026-05-29 10:58:00,failed,0.0
A00005708,P005708,stop,1,2026-01-28 18:03:00,failed,0.0
A00005709,P005709,payment_link,1,2026-05-15 08:18:00,success,1913.67
A00005710,P005710,payment_link,1,2026-03-14 19:42:00,success,3659.98
A00005711,P005711,escalate,1,2026-05-18 12:21:00,failed,0.0
A00005712,P005712,message,1,2026-06-08 10:50:00,success,1814.41
A00005713,P005713,retry,1,2026-06-26 10:14:00,success,6938.17
A00005714,P005714,retry,1,2026-05-15 20:20:00,success,2675.16
A00005715,P005715,payment_link,1,2026-02-10 08:39:00,failed,0.0
A00005716,P005716,retry,1,2026-05-26 04:35:00,success,1488.14
A00005717,P005717,escalate,1,2026-01-30 19:33:00,failed,0.0
A00005718,P005718,retry,1,2026-03-19 03:46:00,success,5145.0
A00005719,P005719,stop,1,2026-03-08 02:12:00,failed,0.0
A00005720,P005720,message,1,2026-02-02 16:46:00,success,2903.87
A00005721,P005721,message,1,2026-01-28 18:39:00,success,4504.79
A00005722,P005722,message,1,2026-02-21 17:59:00,success,5537.71
A00005723,P005723,payment_link,1,2026-01-29 14:17:00,failed,0.0
A00005724,P005724,stop,1,2026-02-25 09:22:00,failed,0.0
A00005725,P005725,payment_link,1,2026-01-25 17:43:00,success,4983.49
A00005726,P005726,retry,1,2026-05-03 10:00:00,success,4740.3
A00005727,P005727,stop,1,2026-04-21 16:13:00,failed,0.0
A00005728,P005728,message,1,2026-06-16 22:15:00,success,2018.41
A00005729,P005729,stop,1,2026-06-27 22:41:00,failed,0.0
A00005730,P005730,retry,1,2026-05-01 20:21:00,failed,0.0
A00005731,P005731,stop,1,2026-05-21 13:46:00,failed,0.0
A00005732,P005732,message,1,2026-01-17 09:48:00,failed,0.0
A00005733,P005733,retry,1,2026-06-22 16:45:00,success,14985.02
A00005734,P005734,payment_link,1,2026-02-14 13:44:00,failed,0.0
A00005735,P005735,stop,1,2026-03-04 04:17:00,failed,0.0
A00005736,P005736,escalate,1,2026-01-24 15:47:00,failed,0.0
A00005737,P005737,stop,1,2026-02-24 06:11:00,failed,0.0
A00005738,P005738,escalate,1,2026-05-31 02:38:00,success,5425.57
A00005739,P005739,retry,1,2026-06-03 05:47:00,failed,0.0
A00005740,P005740,escalate,1,2026-01-21 00:46:00,success,2822.37
A00005741,P005741,message,1,2026-04-04 06:10:00,success,2205.32
A00005742,P005742,retry,1,2026-05-01 02:54:00,failed,0.0
A00005743,P005743,message,1,2026-01-30 07:35:00,failed,0.0
A00005744,P005744,payment_link,1,2026-01-20 18:33:00,failed,0.0
A00005745,P005745,payment_link,1,2026-01-18 04:56:00,success,2829.0
A00005746,P005746,retry,1,2026-05-06 07:11:00,success,5173.84
A00005747,P005747,payment_link,1,2026-06-15 02:27:00,failed,0.0
A00005748,P005748,payment_link,1,2026-06-17 13:30:00,success,1640.55
A00005749,P005749,escalate,1,2026-02-24 01:39:00,failed,0.0
A00005750,P005750,message,1,2026-06-08 15:54:00,failed,0.0
A00005751,P005751,message,1,2026-04-16 08:36:00,success,841.84
A00005752,P005752,retry,1,2026-06-08 10:03:00,success,3999.27
A00005753,P005753,escalate,1,2026-02-05 10:54:00,failed,0.0
A00005754,P005754,payment_link,1,2026-02-14 09:12:00,failed,0.0
A00005755,P005755,stop,1,2026-04-07 17:52:00,failed,0.0
A00005756,P005756,retry,1,2026-02-05 23:24:00,failed,0.0
A00005757,P005757,escalate,1,2026-01-15 05:59:00,success,8254.41
A00005758,P005758,payment_link,1,2026-05-29 22:06:00,success,4500.62
A00005759,P005759,message,1,2026-02-07 13:25:00,failed,0.0
A00005760,P005760,message,1,2026-05-15 10:32:00,failed,0.0
A00005761,P005761,message,1,2026-01-17 06:38:00,failed,0.0
A00005762,P005762,payment_link,1,2026-03-29 21:00:00,success,2164.62
A00005763,P005763,payment_link,1,2026-04-11 20:07:00,failed,0.0
A00005764,P005764,message,1,2026-06-12 18:36:00,success,5447.36
A00005765,P005765,message,1,2026-06-23 18:49:00,success,1809.85
A00005766,P005766,stop,1,2026-05-22 11:30:00,failed,0.0
A00005767,P005767,stop,1,2026-04-03 06:41:00,failed,0.0
A00005768,P005768,retry,1,2026-05-18 06:31:00,failed,0.0
A00005769,P005769,retry,1,2026-04-02 15:59:00,success,1019.85
A00005770,P005770,stop,1,2026-05-17 17:06:00,failed,0.0
A00005771,P005771,payment_link,1,2026-02-02 22:58:00,success,1178.59
A00005772,P005772,payment_link,1,2026-01-17 02:26:00,success,3111.42
A00005773,P005773,payment_link,1,2026-06-08 14:14:00,failed,0.0
A00005774,P005774,escalate,1,2026-01-07 10:48:00,failed,0.0
A00005775,P005775,payment_link,1,2026-04-13 10:07:00,failed,0.0
A00005776,P005776,escalate,1,2026-05-05 07:05:00,success,9029.75
A00005777,P005777,retry,1,2026-04-05 06:42:00,success,1794.82
A00005778,P005778,payment_link,1,2026-02-24 03:27:00,success,4319.9
A00005779,P005779,stop,1,2026-03-07 09:09:00,failed,0.0
A00005780,P005780,payment_link,1,2026-06-02 00:26:00,failed,0.0
A00005781,P005781,retry,1,2026-04-29 09:07:00,failed,0.0
A00005782,P005782,stop,1,2026-03-18 19:41:00,failed,0.0
A00005783,P005783,escalate,1,2026-03-16 22:16:00,success,6058.17
A00005784,P005784,escalate,1,2026-03-04 14:53:00,failed,0.0
A00005785,P005785,message,1,2026-02-25 22:47:00,failed,0.0
A00005786,P005786,stop,1,2026-01-23 10:45:00,failed,0.0
A00005787,P005787,escalate,1,2026-06-16 05:24:00,success,3391.47
A00005788,P005788,retry,1,2026-05-05 22:02:00,failed,0.0
A00005789,P005789,payment_link,1,2026-04-13 01:03:00,failed,0.0
A00005790,P005790,escalate,1,2026-06-11 09:12:00,success,1364.63
A00005791,P005791,escalate,1,2026-01-03 12:34:00,failed,0.0
A00005792,P005792,stop,1,2026-04-28 21:14:00,success,26548.85
A00005793,P005793,escalate,1,2026-05-27 13:13:00,success,3516.11
A00005794,P005794,retry,1,2026-02-09 19:01:00,failed,0.0
A00005795,P005795,message,1,2026-03-05 23:35:00,failed,0.0
A00005796,P005796,stop,1,2026-05-11 04:19:00,failed,0.0
A00005797,P005797,retry,1,2026-03-07 02:34:00,success,2549.25
A00005798,P005798,stop,1,2026-04-22 12:29:00,failed,0.0
A00005799,P005799,retry,1,2026-06-16 11:15:00,success,1541.13
A00005800,P005800,stop,1,2026-05-14 05:36:00,failed,0.0
A00005801,P005801,stop,1,2026-03-22 21:59:00,failed,0.0
A00005802,P005802,escalate,1,2026-01-05 09:30:00,failed,0.0
A00005803,P005803,retry,1,2026-01-20 12:13:00,success,5028.69
A00005804,P005804,stop,1,2026-05-04 13:15:00,failed,0.0
A00005805,P005805,message,1,2026-04-18 00:35:00,failed,0.0
A00005806,P005806,escalate,1,2026-05-24 08:46:00,success,6463.52
A00005807,P005807,payment_link,1,2026-01-13 04:37:00,failed,0.0
A00005808,P005808,escalate,1,2026-06-12 04:15:00,failed,0.0
A00005809,P005809,payment_link,1,2026-02-13 23:18:00,failed,0.0
A00005810,P005810,retry,1,2026-05-03 13:42:00,failed,0.0
A00005811,P005811,payment_link,1,2026-02-25 21:20:00,failed,0.0
A00005812,P005812,message,1,2026-05-17 20:25:00,failed,0.0
A00005813,P005813,payment_link,1,2026-01-24 11:10:00,success,560.42
A00005814,P005814,stop,1,2026-04-07 16:59:00,failed,0.0
A00005815,P005815,message,1,2026-05-21 01:55:00,success,17950.02
A00005816,P005816,retry,1,2026-01-12 19:41:00,failed,0.0
A00005817,P005817,escalate,1,2026-04-22 21:50:00,failed,0.0
A00005818,P005818,escalate,1,2026-03-08 02:14:00,success,21393.66
A00005819,P005819,payment_link,1,2026-01-28 08:51:00,success,12681.21
A00005820,P005820,payment_link,1,2026-02-27 20:16:00,failed,0.0
A00005821,P005821,escalate,1,2026-05-29 01:15:00,failed,0.0
A00005822,P005822,stop,1,2026-03-26 15:15:00,failed,0.0
A00005823,P005823,retry,1,2026-04-02 12:07:00,success,1451.95
A00005824,P005824,payment_link,1,2026-03-20 16:43:00,success,2993.82
A00005825,P005825,payment_link,1,2026-03-06 20:56:00,failed,0.0
A00005826,P005826,message,1,2026-06-23 10:11:00,failed,0.0
A00005827,P005827,retry,1,2026-04-20 21:18:00,success,1663.61
A00005828,P005828,message,1,2026-03-14 06:18:00,failed,0.0
A00005829,P005829,message,1,2026-03-18 01:06:00,failed,0.0
A00005830,P005830,stop,1,2026-01-23 07:37:00,failed,0.0
A00005831,P005831,stop,1,2026-03-26 09:28:00,success,3872.43
A00005832,P005832,escalate,1,2026-06-23 19:56:00,failed,0.0
A00005833,P005833,message,1,2026-06-15 19:19:00,failed,0.0
A00005834,P005834,escalate,1,2026-02-06 23:17:00,success,16124.4
A00005835,P005835,message,1,2026-04-06 06:16:00,success,4753.5
A00005836,P005836,stop,1,2026-04-21 09:51:00,failed,0.0
A00005837,P005837,message,1,2026-05-20 01:57:00,success,2530.06
A00005838,P005838,payment_link,1,2026-05-13 20:30:00,success,595.77
A00005839,P005839,stop,1,2026-01-25 22:53:00,failed,0.0
A00005840,P005840,stop,1,2026-06-06 02:00:00,failed,0.0
A00005841,P005841,escalate,1,2026-01-17 21:36:00,success,4523.88
A00005842,P005842,payment_link,1,2026-01-02 16:53:00,failed,0.0
A00005843,P005843,retry,1,2026-02-04 20:33:00,success,4853.27
A00005844,P005844,message,1,2026-01-09 16:58:00,failed,0.0
A00005845,P005845,stop,1,2026-03-17 02:01:00,failed,0.0
A00005846,P005846,escalate,1,2026-04-15 21:28:00,success,8302.82
A00005847,P005847,payment_link,1,2026-06-06 00:56:00,success,2528.39
A00005848,P005848,stop,1,2026-03-12 03:09:00,failed,0.0
A00005849,P005849,stop,1,2026-06-06 00:45:00,failed,0.0
A00005850,P005850,stop,1,2026-01-11 14:13:00,failed,0.0
A00005851,P005851,message,1,2026-03-11 03:31:00,success,687.64
A00005852,P005852,stop,1,2026-01-11 17:23:00,failed,0.0
A00005853,P005853,stop,1,2026-03-29 09:04:00,failed,0.0
A00005854,P005854,escalate,1,2026-06-26 00:24:00,failed,0.0
A00005855,P005855,message,1,2026-01-13 23:38:00,success,4996.21
A00005856,P005856,stop,1,2026-05-11 16:07:00,failed,0.0
A00005857,P005857,escalate,1,2026-05-14 02:34:00,failed,0.0
A00005858,P005858,escalate,1,2026-02-15 12:16:00,success,6338.96
A00005859,P005859,stop,1,2026-03-31 23:00:00,failed,0.0
A00005860,P005860,message,1,2026-01-24 07:24:00,failed,0.0
A00005861,P005861,stop,1,2026-04-07 15:36:00,failed,0.0
A00005862,P005862,stop,1,2026-06-26 11:42:00,failed,0.0
A00005863,P005863,stop,1,2026-05-23 07:43:00,success,900.22
A00005864,P005864,escalate,1,2026-01-20 10:53:00,success,3416.34
A00005865,P005865,payment_link,1,2026-05-06 20:34:00,success,2323.47
A00005866,P005866,message,1,2026-02-03 12:18:00,failed,0.0
A00005867,P005867,stop,1,2026-01-09 01:01:00,failed,0.0
A00005868,P005868,stop,1,2026-01-23 03:03:00,failed,0.0
A00005869,P005869,message,1,2026-05-30 09:34:00,success,696.16
A00005870,P005870,escalate,1,2026-02-13 14:51:00,success,3185.45
A00005871,P005871,message,1,2026-03-30 02:47:00,success,3685.56
A00005872,P005872,escalate,1,2026-01-24 06:22:00,failed,0.0
A00005873,P005873,retry,1,2026-01-01 13:10:00,success,4038.03
A00005874,P005874,stop,1,2026-02-20 00:24:00,failed,0.0
A00005875,P005875,stop,1,2026-05-16 05:56:00,failed,0.0
A00005876,P005876,retry,1,2026-05-26 21:40:00,failed,0.0
A00005877,P005877,escalate,1,2026-03-03 10:07:00,failed,0.0
A00005878,P005878,message,1,2026-03-04 12:33:00,failed,0.0
A00005879,P005879,payment_link,1,2026-05-23 08:30:00,success,3664.54
A00005880,P005880,escalate,1,2026-04-01 11:59:00,failed,0.0
A00005881,P005881,retry,1,2026-06-14 14:40:00,failed,0.0
A00005882,P005882,stop,1,2026-01-24 07:30:00,success,4201.87
A00005883,P005883,message,1,2026-06-10 12:54:00,failed,0.0
A00005884,P005884,retry,1,2026-01-02 20:09:00,failed,0.0
A00005885,P005885,escalate,1,2026-01-31 10:16:00,failed,0.0
A00005886,P005886,stop,1,2026-03-31 11:43:00,failed,0.0
A00005887,P005887,escalate,1,2026-03-12 04:19:00,failed,0.0
A00005888,P005888,payment_link,1,2026-03-16 17:45:00,failed,0.0
A00005889,P005889,payment_link,1,2026-04-04 10:36:00,success,9626.89
A00005890,P005890,escalate,1,2026-03-12 07:04:00,failed,0.0
A00005891,P005891,retry,1,2026-04-21 11:39:00,failed,0.0
A00005892,P005892,escalate,1,2026-04-10 15:38:00,failed,0.0
A00005893,P005893,escalate,1,2026-02-03 15:00:00,failed,0.0
A00005894,P005894,message,1,2026-01-06 07:06:00,failed,0.0
A00005895,P005895,escalate,1,2026-01-04 13:03:00,success,2049.98
A00005896,P005896,message,1,2026-02-03 20:09:00,failed,0.0
A00005897,P005897,message,1,2026-06-19 22:00:00,success,5520.31
A00005898,P005898,payment_link,1,2026-06-02 20:59:00,failed,0.0
A00005899,P005899,escalate,1,2026-01-28 05:42:00,success,1439.77
A00005900,P005900,escalate,1,2026-01-29 13:40:00,success,5409.0
A00005901,P005901,retry,1,2026-04-01 05:12:00,failed,0.0
A00005902,P005902,stop,1,2026-05-27 15:01:00,failed,0.0
A00005903,P005903,message,1,2026-04-22 23:10:00,success,28052.52
A00005904,P005904,payment_link,1,2026-06-07 17:01:00,failed,0.0
A00005905,P005905,escalate,1,2026-02-23 18:14:00,failed,0.0
A00005906,P005906,escalate,1,2026-06-10 00:58:00,failed,0.0
A00005907,P005907,retry,1,2026-03-26 14:36:00,success,3447.83
A00005908,P005908,payment_link,1,2026-02-24 15:05:00,failed,0.0
A00005909,P005909,escalate,1,2026-02-07 02:20:00,failed,0.0
A00005910,P005910,stop,1,2026-05-15 20:50:00,failed,0.0
A00005911,P005911,retry,1,2026-02-22 01:09:00,success,2100.11
A00005912,P005912,message,1,2026-02-22 19:42:00,success,10095.18
A00005913,P005913,payment_link,1,2026-03-28 05:51:00,success,11872.46
A00005914,P005914,stop,1,2026-06-05 08:30:00,failed,0.0
A00005915,P005915,escalate,1,2026-05-28 06:17:00,failed,0.0
A00005916,P005916,message,1,2026-06-04 23:39:00,failed,0.0
A00005917,P005917,retry,1,2026-05-10 19:30:00,failed,0.0
A00005918,P005918,retry,1,2026-04-29 04:30:00,success,1810.14
A00005919,P005919,payment_link,1,2026-06-13 19:26:00,success,1038.52
A00005920,P005920,retry,1,2026-05-14 20:14:00,failed,0.0
A00005921,P005921,retry,1,2026-01-16 05:15:00,failed,0.0
A00005922,P005922,escalate,1,2026-06-15 10:36:00,success,268.79
A00005923,P005923,retry,1,2026-03-18 12:09:00,failed,0.0
A00005924,P005924,payment_link,1,2026-03-24 22:28:00,success,694.07
A00005925,P005925,payment_link,1,2026-03-01 02:03:00,failed,0.0
A00005926,P005926,stop,1,2026-01-25 17:31:00,failed,0.0
A00005927,P005927,retry,1,2026-04-03 22:45:00,failed,0.0
A00005928,P005928,payment_link,1,2026-03-24 05:40:00,failed,0.0
A00005929,P005929,payment_link,1,2026-01-09 12:45:00,success,7070.72
A00005930,P005930,escalate,1,2026-05-07 16:29:00,success,2683.88
A00005931,P005931,retry,1,2026-06-01 04:32:00,success,2969.58
A00005932,P005932,escalate,1,2026-04-02 12:29:00,failed,0.0
A00005933,P005933,escalate,1,2026-02-12 22:52:00,failed,0.0
A00005934,P005934,stop,1,2026-03-13 18:48:00,failed,0.0
A00005935,P005935,message,1,2026-01-09 04:50:00,success,18048.02
A00005936,P005936,message,1,2026-02-22 22:04:00,success,30889.14
A00005937,P005937,escalate,1,2026-06-01 00:43:00,failed,0.0
A00005938,P005938,stop,1,2026-01-12 14:53:00,failed,0.0
A00005939,P005939,retry,1,2026-05-16 01:57:00,failed,0.0
A00005940,P005940,retry,1,2026-06-25 08:27:00,failed,0.0
A00005941,P005941,escalate,1,2026-04-30 05:54:00,success,1495.3
A00005942,P005942,stop,1,2026-04-01 08:05:00,failed,0.0
A00005943,P005943,escalate,1,2026-04-02 07:29:00,success,970.78
A00005944,P005944,escalate,1,2026-01-13 21:29:00,success,3393.4
A00005945,P005945,payment_link,1,2026-02-16 05:24:00,failed,0.0
A00005946,P005946,payment_link,1,2026-03-26 08:29:00,failed,0.0
A00005947,P005947,stop,1,2026-03-02 09:20:00,failed,0.0
A00005948,P005948,stop,1,2026-03-07 01:02:00,failed,0.0
A00005949,P005949,message,1,2026-05-22 09:35:00,success,1797.97
A00005950,P005950,payment_link,1,2026-04-16 04:41:00,failed,0.0
A00005951,P005951,stop,1,2026-03-05 06:41:00,failed,0.0
A00005952,P005952,retry,1,2026-05-13 07:38:00,failed,0.0
A00005953,P005953,stop,1,2026-04-18 18:35:00,failed,0.0
A00005954,P005954,retry,1,2026-02-21 04:27:00,success,2857.37
A00005955,P005955,escalate,1,2026-02-05 09:42:00,failed,0.0
A00005956,P005956,payment_link,1,2026-04-30 08:23:00,failed,0.0
A00005957,P005957,payment_link,1,2026-06-09 16:21:00,success,1327.44
A00005958,P005958,escalate,1,2026-03-13 15:19:00,success,2979.63
A00005959,P005959,stop,1,2026-01-08 07:13:00,failed,0.0
A00005960,P005960,retry,1,2026-02-24 16:37:00,failed,0.0
A00005961,P005961,escalate,1,2026-06-20 05:10:00,success,3551.09
A00005962,P005962,payment_link,1,2026-04-24 06:33:00,failed,0.0
A00005963,P005963,retry,1,2026-05-08 14:45:00,success,2581.94
A00005964,P005964,stop,1,2026-05-20 03:58:00,failed,0.0
A00005965,P005965,payment_link,1,2026-04-30 03:35:00,success,12068.54
A00005966,P005966,message,1,2026-01-16 12:57:00,success,8100.08
A00005967,P005967,payment_link,1,2026-04-29 08:09:00,success,2946.0
A00005968,P005968,stop,1,2026-03-29 22:12:00,failed,0.0
A00005969,P005969,stop,1,2026-05-04 15:01:00,failed,0.0
A00005970,P005970,stop,1,2026-02-14 04:14:00,failed,0.0
A00005971,P005971,stop,1,2026-02-12 03:17:00,failed,0.0
A00005972,P005972,message,1,2026-06-04 21:48:00,failed,0.0
A00005973,P005973,retry,1,2026-02-19 18:03:00,success,1130.55
A00005974,P005974,payment_link,1,2026-01-12 10:54:00,success,4497.66
A00005975,P005975,stop,1,2026-06-16 02:11:00,failed,0.0
A00005976,P005976,retry,1,2026-06-07 08:58:00,success,3891.13
A00005977,P005977,payment_link,1,2026-04-08 21:13:00,success,3570.48
A00005978,P005978,retry,1,2026-05-28 19:40:00,failed,0.0
A00005979,P005979,payment_link,1,2026-06-07 17:45:00,success,408.78
A00005980,P005980,escalate,1,2026-06-28 07:52:00,success,14033.87
A00005981,P005981,stop,1,2026-03-31 08:03:00,failed,0.0
A00005982,P005982,stop,1,2026-06-29 21:17:00,failed,0.0
A00005983,P005983,message,1,2026-03-31 17:46:00,success,3348.72
A00005984,P005984,escalate,1,2026-05-22 14:01:00,success,2322.51
A00005985,P005985,retry,1,2026-01-12 09:51:00,failed,0.0
A00005986,P005986,stop,1,2026-06-11 05:41:00,failed,0.0
A00005987,P005987,stop,1,2026-02-10 20:21:00,failed,0.0
A00005988,P005988,message,1,2026-01-31 10:45:00,success,4820.12
A00005989,P005989,escalate,1,2026-05-18 11:14:00,success,1630.4
A00005990,P005990,stop,1,2026-05-30 05:57:00,failed,0.0
A00005991,P005991,retry,1,2026-02-14 13:50:00,failed,0.0
A00005992,P005992,stop,1,2026-02-20 05:52:00,failed,0.0
A00005993,P005993,stop,1,2026-04-13 14:31:00,failed,0.0
A00005994,P005994,retry,1,2026-01-11 05:18:00,success,2168.99
A00005995,P005995,payment_link,1,2026-05-28 05:22:00,failed,0.0
A00005996,P005996,payment_link,1,2026-01-25 22:21:00,success,2808.03
A00005997,P005997,retry,1,2026-02-21 11:27:00,success,1833.1
A00005998,P005998,stop,1,2026-04-17 23:49:00,failed,0.0
A00005999,P005999,message,1,2026-01-05 00:54:00,success,7282.09
A00006000,P006000,escalate,1,2026-03-23 04:23:00,failed,0.0
A00006001,P006001,retry,1,2026-02-12 07:06:00,failed,0.0
A00006002,P006002,stop,1,2026-02-07 15:01:00,failed,0.0
A00006003,P006003,retry,1,2026-03-30 09:18:00,success,4683.48
A00006004,P006004,stop,1,2026-03-25 18:07:00,failed,0.0
A00006005,P006005,stop,1,2026-06-19 21:13:00,failed,0.0
A00006006,P006006,escalate,1,2026-01-28 22:27:00,success,5086.76
A00006007,P006007,stop,1,2026-03-08 05:58:00,failed,0.0
A00006008,P006008,stop,1,2026-02-14 16:37:00,failed,0.0
A00006009,P006009,stop,1,2026-03-24 02:38:00,failed,0.0
A00006010,P006010,retry,1,2026-03-07 09:08:00,failed,0.0
A00006011,P006011,message,1,2026-04-28 09:50:00,success,773.1
A00006012,P006012,message,1,2026-01-14 05:28:00,success,2977.82
A00006013,P006013,message,1,2026-02-18 12:34:00,failed,0.0
A00006014,P006014,stop,1,2026-01-20 10:59:00,failed,0.0
A00006015,P006015,retry,1,2026-02-27 11:40:00,failed,0.0
A00006016,P006016,payment_link,1,2026-05-07 18:22:00,success,22697.35
A00006017,P006017,escalate,1,2026-02-11 20:08:00,failed,0.0
A00006018,P006018,retry,1,2026-01-16 04:30:00,success,2537.5
A00006019,P006019,stop,1,2026-01-08 11:14:00,failed,0.0
A00006020,P006020,stop,1,2026-04-07 12:31:00,failed,0.0
A00006021,P006021,stop,1,2026-04-07 15:55:00,failed,0.0
A00006022,P006022,retry,1,2026-06-11 12:04:00,failed,0.0
A00006023,P006023,stop,1,2026-03-25 00:24:00,failed,0.0
A00006024,P006024,retry,1,2026-06-19 00:36:00,success,1704.2
A00006025,P006025,payment_link,1,2026-01-05 06:41:00,failed,0.0
A00006026,P006026,stop,1,2026-06-10 03:52:00,failed,0.0
A00006027,P006027,payment_link,1,2026-03-03 23:10:00,failed,0.0
A00006028,P006028,message,1,2026-05-05 17:34:00,failed,0.0
A00006029,P006029,stop,1,2026-03-08 23:17:00,failed,0.0
A00006030,P006030,escalate,1,2026-02-17 10:09:00,failed,0.0
A00006031,P006031,retry,1,2026-01-19 13:45:00,success,24663.42
A00006032,P006032,retry,1,2026-01-17 16:57:00,failed,0.0
A00006033,P006033,escalate,1,2026-05-16 09:59:00,success,2655.23
A00006034,P006034,payment_link,1,2026-05-22 05:48:00,success,1110.6
A00006035,P006035,stop,1,2026-03-28 12:42:00,failed,0.0
A00006036,P006036,escalate,1,2026-06-09 07:23:00,failed,0.0
A00006037,P006037,retry,1,2026-06-14 13:41:00,success,2550.62
A00006038,P006038,payment_link,1,2026-03-09 15:09:00,success,5305.98
A00006039,P006039,message,1,2026-06-01 12:31:00,failed,0.0
A00006040,P006040,escalate,1,2026-05-18 23:32:00,failed,0.0
A00006041,P006041,message,1,2026-05-08 13:40:00,success,5022.32
A00006042,P006042,retry,1,2026-02-06 14:19:00,failed,0.0
A00006043,P006043,stop,1,2026-05-20 03:14:00,failed,0.0
A00006044,P006044,stop,1,2026-05-12 20:57:00,failed,0.0
A00006045,P006045,message,1,2026-04-11 21:34:00,failed,0.0
A00006046,P006046,message,1,2026-04-16 23:51:00,failed,0.0
A00006047,P006047,retry,1,2026-03-28 23:56:00,failed,0.0
A00006048,P006048,escalate,1,2026-03-13 09:34:00,failed,0.0
A00006049,P006049,escalate,1,2026-03-10 19:00:00,success,3452.33
A00006050,P006050,retry,1,2026-02-27 18:58:00,failed,0.0
A00006051,P006051,message,1,2026-02-08 06:51:00,success,2180.93
A00006052,P006052,stop,1,2026-06-22 06:50:00,failed,0.0
A00006053,P006053,stop,1,2026-06-27 03:33:00,failed,0.0
A00006054,P006054,escalate,1,2026-04-19 07:36:00,failed,0.0
A00006055,P006055,payment_link,1,2026-04-29 03:54:00,success,689.77
A00006056,P006056,retry,1,2026-06-01 12:43:00,success,3201.22
A00006057,P006057,message,1,2026-04-26 22:11:00,failed,0.0
A00006058,P006058,retry,1,2026-01-08 18:07:00,failed,0.0
A00006059,P006059,stop,1,2026-06-10 23:08:00,failed,0.0
A00006060,P006060,escalate,1,2026-05-25 18:35:00,failed,0.0
A00006061,P006061,stop,1,2026-02-18 23:30:00,failed,0.0
A00006062,P006062,escalate,1,2026-03-04 13:18:00,success,3274.12
A00006063,P006063,message,1,2026-05-10 01:49:00,failed,0.0
A00006064,P006064,escalate,1,2026-05-03 18:14:00,success,2000.06
A00006065,P006065,payment_link,1,2026-02-15 16:44:00,failed,0.0
A00006066,P006066,message,1,2026-06-19 19:51:00,success,820.22
A00006067,P006067,retry,1,2026-02-16 08:31:00,failed,0.0
A00006068,P006068,payment_link,1,2026-06-01 13:45:00,failed,0.0
A00006069,P006069,escalate,1,2026-03-25 11:15:00,failed,0.0
A00006070,P006070,stop,1,2026-03-24 16:15:00,failed,0.0
A00006071,P006071,stop,1,2026-01-14 08:05:00,failed,0.0
A00006072,P006072,retry,1,2026-01-08 07:25:00,success,3372.6
A00006073,P006073,payment_link,1,2026-02-27 05:09:00,failed,0.0
A00006074,P006074,retry,1,2026-01-29 17:10:00,failed,0.0
A00006075,P006075,stop,1,2026-02-12 02:12:00,failed,0.0
A00006076,P006076,retry,1,2026-03-28 09:11:00,failed,0.0
A00006077,P006077,message,1,2026-03-28 12:33:00,success,5552.12
A00006078,P006078,retry,1,2026-02-07 21:23:00,failed,0.0
A00006079,P006079,message,1,2026-06-08 01:26:00,success,16960.98
A00006080,P006080,message,1,2026-01-18 19:15:00,failed,0.0
A00006081,P006081,stop,1,2026-05-22 15:30:00,failed,0.0
A00006082,P006082,retry,1,2026-03-30 18:39:00,failed,0.0
A00006083,P006083,retry,1,2026-01-31 00:59:00,failed,0.0
A00006084,P006084,escalate,1,2026-06-03 01:01:00,failed,0.0
A00006085,P006085,payment_link,1,2026-06-01 16:28:00,success,1741.36
A00006086,P006086,escalate,1,2026-05-07 03:46:00,failed,0.0
A00006087,P006087,retry,1,2026-04-22 20:09:00,success,5114.86
A00006088,P006088,escalate,1,2026-04-09 17:25:00,failed,0.0
A00006089,P006089,stop,1,2026-05-13 05:55:00,failed,0.0
A00006090,P006090,escalate,1,2026-04-29 05:39:00,failed,0.0
A00006091,P006091,message,1,2026-01-10 19:29:00,success,4362.5
A00006092,P006092,payment_link,1,2026-03-26 03:02:00,success,4609.37
A00006093,P006093,escalate,1,2026-06-24 16:12:00,success,4162.91
A00006094,P006094,stop,1,2026-05-03 15:58:00,failed,0.0
A00006095,P006095,stop,1,2026-04-26 02:14:00,failed,0.0
A00006096,P006096,payment_link,1,2026-05-19 10:25:00,failed,0.0
A00006097,P006097,stop,1,2026-03-19 04:08:00,failed,0.0
A00006098,P006098,stop,1,2026-04-20 07:45:00,failed,0.0
A00006099,P006099,retry,1,2026-05-22 11:23:00,failed,0.0
A00006100,P006100,payment_link,1,2026-04-28 19:43:00,failed,0.0
A00006101,P006101,stop,1,2026-03-21 13:52:00,success,2458.39
A00006102,P006102,message,1,2026-03-11 13:48:00,failed,0.0
A00006103,P006103,escalate,1,2026-01-17 21:41:00,success,1374.55
A00006104,P006104,message,1,2026-01-20 02:47:00,failed,0.0
A00006105,P006105,escalate,1,2026-02-14 18:35:00,success,2691.29
A00006106,P006106,retry,1,2026-01-21 12:14:00,failed,0.0
A00006107,P006107,stop,1,2026-05-11 11:25:00,failed,0.0
A00006108,P006108,retry,1,2026-06-20 10:39:00,failed,0.0
A00006109,P006109,message,1,2026-01-12 07:46:00,failed,0.0
A00006110,P006110,stop,1,2026-02-24 09:03:00,success,1498.12
A00006111,P006111,payment_link,1,2026-02-05 10:30:00,failed,0.0
A00006112,P006112,message,1,2026-01-23 20:25:00,failed,0.0
A00006113,P006113,payment_link,1,2026-05-07 20:37:00,failed,0.0
A00006114,P006114,payment_link,1,2026-01-14 18:54:00,failed,0.0
A00006115,P006115,retry,1,2026-03-13 22:00:00,success,5678.53
A00006116,P006116,message,1,2026-05-03 06:05:00,success,2559.78
A00006117,P006117,escalate,1,2026-05-27 02:15:00,failed,0.0
A00006118,P006118,stop,1,2026-05-24 21:12:00,failed,0.0
A00006119,P006119,stop,1,2026-06-14 15:40:00,failed,0.0
A00006120,P006120,message,1,2026-01-10 14:07:00,failed,0.0
A00006121,P006121,escalate,1,2026-01-18 12:08:00,success,1880.28
A00006122,P006122,escalate,1,2026-02-24 03:56:00,failed,0.0
A00006123,P006123,escalate,1,2026-04-29 12:00:00,failed,0.0
A00006124,P006124,message,1,2026-03-06 10:56:00,success,1598.61
A00006125,P006125,message,1,2026-02-03 22:27:00,success,7834.15
A00006126,P006126,escalate,1,2026-06-09 01:27:00,failed,0.0
A00006127,P006127,message,1,2026-06-06 10:33:00,failed,0.0
A00006128,P006128,stop,1,2026-01-13 16:42:00,failed,0.0
A00006129,P006129,retry,1,2026-04-28 00:49:00,failed,0.0
A00006130,P006130,payment_link,1,2026-03-23 01:20:00,success,1831.93
A00006131,P006131,retry,1,2026-01-14 16:54:00,failed,0.0
A00006132,P006132,message,1,2026-01-15 21:25:00,failed,0.0
A00006133,P006133,stop,1,2026-03-08 22:30:00,failed,0.0
A00006134,P006134,retry,1,2026-03-01 07:30:00,failed,0.0
A00006135,P006135,message,1,2026-02-26 07:56:00,failed,0.0
A00006136,P006136,message,1,2026-04-25 10:46:00,failed,0.0
A00006137,P006137,message,1,2026-01-13 14:39:00,success,766.91
A00006138,P006138,message,1,2026-02-22 16:27:00,failed,0.0
A00006139,P006139,stop,1,2026-06-09 12:17:00,failed,0.0
A00006140,P006140,message,1,2026-04-20 01:21:00,success,6040.8
A00006141,P006141,stop,1,2026-02-08 14:59:00,failed,0.0
A00006142,P006142,stop,1,2026-06-20 05:55:00,failed,0.0
A00006143,P006143,retry,1,2026-01-24 09:32:00,success,3116.06
A00006144,P006144,retry,1,2026-05-17 15:19:00,success,1914.77
A00006145,P006145,escalate,1,2026-05-27 11:43:00,failed,0.0
A00006146,P006146,payment_link,1,2026-04-30 05:28:00,success,7707.96
A00006147,P006147,stop,1,2026-06-13 12:57:00,failed,0.0
A00006148,P006148,escalate,1,2026-02-13 15:37:00,success,749.97
A00006149,P006149,payment_link,1,2026-05-22 14:16:00,success,1786.09
A00006150,P006150,escalate,1,2026-03-12 22:34:00,success,4179.33
A00006151,P006151,escalate,1,2026-02-03 14:49:00,success,5159.77
A00006152,P006152,retry,1,2026-04-29 09:31:00,failed,0.0
A00006153,P006153,escalate,1,2026-01-11 16:46:00,failed,0.0
A00006154,P006154,retry,1,2026-01-09 04:03:00,success,3252.45
A00006155,P006155,stop,1,2026-05-17 11:09:00,failed,0.0
A00006156,P006156,retry,1,2026-05-22 05:50:00,failed,0.0
A00006157,P006157,message,1,2026-05-01 21:53:00,failed,0.0
A00006158,P006158,message,1,2026-02-08 06:04:00,failed,0.0
A00006159,P006159,stop,1,2026-04-25 06:17:00,failed,0.0
A00006160,P006160,retry,1,2026-04-02 09:22:00,failed,0.0
A00006161,P006161,retry,1,2026-03-20 15:27:00,success,6399.96
A00006162,P006162,stop,1,2026-02-26 08:34:00,failed,0.0
A00006163,P006163,payment_link,1,2026-01-23 08:07:00,success,948.38
A00006164,P006164,escalate,1,2026-05-21 23:38:00,success,2930.13
A00006165,P006165,stop,1,2026-05-05 17:54:00,failed,0.0
A00006166,P006166,escalate,1,2026-05-28 04:40:00,success,4168.41
A00006167,P006167,retry,1,2026-04-16 15:28:00,failed,0.0
A00006168,P006168,message,1,2026-01-10 17:35:00,success,1221.47
A00006169,P006169,retry,1,2026-05-02 20:24:00,failed,0.0
A00006170,P006170,payment_link,1,2026-02-20 02:48:00,failed,0.0
A00006171,P006171,retry,1,2026-05-25 00:20:00,failed,0.0
A00006172,P006172,stop,1,2026-05-16 10:15:00,failed,0.0
A00006173,P006173,payment_link,1,2026-01-01 15:21:00,failed,0.0
A00006174,P006174,escalate,1,2026-04-01 18:59:00,failed,0.0
A00006175,P006175,payment_link,1,2026-02-20 10:40:00,failed,0.0
A00006176,P006176,escalate,1,2026-04-28 02:48:00,failed,0.0
A00006177,P006177,payment_link,1,2026-03-02 18:26:00,success,7111.24
A00006178,P006178,stop,1,2026-03-18 21:02:00,failed,0.0
A00006179,P006179,escalate,1,2026-06-28 20:49:00,failed,0.0
A00006180,P006180,message,1,2026-06-28 06:33:00,success,17162.76
A00006181,P006181,message,1,2026-03-31 18:22:00,failed,0.0
A00006182,P006182,stop,1,2026-01-22 16:54:00,failed,0.0
A00006183,P006183,retry,1,2026-03-27 16:29:00,success,2425.79
A00006184,P006184,stop,1,2026-05-22 11:48:00,failed,0.0
A00006185,P006185,stop,1,2026-06-26 00:36:00,failed,0.0
A00006186,P006186,retry,1,2026-06-21 10:30:00,failed,0.0
A00006187,P006187,payment_link,1,2026-05-07 08:04:00,failed,0.0
A00006188,P006188,payment_link,1,2026-01-13 17:07:00,failed,0.0
A00006189,P006189,payment_link,1,2026-03-17 12:33:00,failed,0.0
A00006190,P006190,retry,1,2026-04-19 14:43:00,failed,0.0
A00006191,P006191,retry,1,2026-06-13 16:27:00,success,2939.32
A00006192,P006192,escalate,1,2026-01-06 00:47:00,success,1420.19
A00006193,P006193,stop,1,2026-01-05 00:22:00,failed,0.0
A00006194,P006194,escalate,1,2026-01-24 03:21:00,failed,0.0
A00006195,P006195,payment_link,1,2026-02-13 09:15:00,failed,0.0
A00006196,P006196,message,1,2026-03-30 05:34:00,success,4203.84
A00006197,P006197,retry,1,2026-04-29 10:21:00,failed,0.0
A00006198,P006198,payment_link,1,2026-06-06 21:48:00,failed,0.0
A00006199,P006199,escalate,1,2026-02-01 16:47:00,failed,0.0
A00006200,P006200,retry,1,2026-02-26 17:55:00,failed,0.0
A00006201,P006201,retry,1,2026-05-23 13:13:00,success,2577.05
A00006202,P006202,retry,1,2026-03-14 06:27:00,failed,0.0
A00006203,P006203,message,1,2026-02-10 17:13:00,success,969.51
A00006204,P006204,message,1,2026-03-18 04:44:00,failed,0.0
A00006205,P006205,stop,1,2026-04-26 01:22:00,failed,0.0
A00006206,P006206,retry,1,2026-02-18 17:14:00,success,5975.32
A00006207,P006207,message,1,2026-04-08 06:51:00,failed,0.0
A00006208,P006208,payment_link,1,2026-02-09 21:47:00,success,4820.99
A00006209,P006209,retry,1,2026-04-04 22:00:00,success,5633.95
A00006210,P006210,message,1,2026-05-17 14:01:00,failed,0.0
A00006211,P006211,retry,1,2026-03-22 20:32:00,failed,0.0
A00006212,P006212,stop,1,2026-03-16 04:34:00,failed,0.0
A00006213,P006213,escalate,1,2026-01-19 14:00:00,failed,0.0
A00006214,P006214,retry,1,2026-03-24 23:37:00,success,2854.96
A00006215,P006215,message,1,2026-06-16 02:19:00,success,2719.54
A00006216,P006216,escalate,1,2026-02-11 19:27:00,success,3198.4
A00006217,P006217,escalate,1,2026-02-07 19:57:00,failed,0.0
A00006218,P006218,payment_link,1,2026-05-19 00:46:00,failed,0.0
A00006219,P006219,retry,1,2026-01-16 17:37:00,success,4384.0
A00006220,P006220,stop,1,2026-06-02 22:23:00,success,12206.83
A00006221,P006221,message,1,2026-03-14 20:42:00,failed,0.0
A00006222,P006222,stop,1,2026-03-09 01:35:00,failed,0.0
A00006223,P006223,payment_link,1,2026-02-25 06:14:00,failed,0.0
A00006224,P006224,stop,1,2026-03-20 02:17:00,failed,0.0
A00006225,P006225,message,1,2026-04-16 22:21:00,success,2099.47
A00006226,P006226,retry,1,2026-04-02 04:13:00,failed,0.0
A00006227,P006227,message,1,2026-01-07 03:57:00,success,18387.8
A00006228,P006228,escalate,1,2026-04-12 09:04:00,failed,0.0
A00006229,P006229,stop,1,2026-02-05 10:51:00,failed,0.0
A00006230,P006230,escalate,1,2026-03-24 05:16:00,success,1837.86
A00006231,P006231,payment_link,1,2026-05-06 01:18:00,success,2218.41
A00006232,P006232,stop,1,2026-04-13 18:30:00,failed,0.0
A00006233,P006233,payment_link,1,2026-05-04 12:52:00,success,3839.93
A00006234,P006234,message,1,2026-05-29 19:35:00,failed,0.0
A00006235,P006235,escalate,1,2026-01-17 20:33:00,failed,0.0
A00006236,P006236,payment_link,1,2026-04-08 10:40:00,success,2566.35
A00006237,P006237,escalate,1,2026-01-21 01:11:00,success,3165.37
A00006238,P006238,message,1,2026-06-22 01:09:00,failed,0.0
A00006239,P006239,escalate,1,2026-06-25 20:41:00,failed,0.0
A00006240,P006240,retry,1,2026-03-07 00:58:00,failed,0.0
A00006241,P006241,message,1,2026-04-15 21:32:00,success,2318.3
A00006242,P006242,stop,1,2026-02-16 04:09:00,failed,0.0
A00006243,P006243,escalate,1,2026-05-23 05:39:00,failed,0.0
A00006244,P006244,message,1,2026-06-02 19:38:00,success,3054.9
A00006245,P006245,escalate,1,2026-06-13 19:32:00,failed,0.0
A00006246,P006246,stop,1,2026-06-20 00:30:00,failed,0.0
A00006247,P006247,escalate,1,2026-03-06 03:43:00,failed,0.0
A00006248,P006248,message,1,2026-04-25 20:23:00,success,1627.1
A00006249,P006249,retry,1,2026-02-19 19:21:00,failed,0.0
A00006250,P006250,stop,1,2026-02-02 12:22:00,failed,0.0
A00006251,P006251,escalate,1,2026-05-05 09:15:00,failed,0.0
A00006252,P006252,message,1,2026-02-23 20:54:00,failed,0.0
A00006253,P006253,stop,1,2026-04-14 00:45:00,failed,0.0
A00006254,P006254,retry,1,2026-05-23 05:19:00,failed,0.0
A00006255,P006255,stop,1,2026-05-18 15:46:00,success,11476.43
A00006256,P006256,escalate,1,2026-04-10 21:54:00,failed,0.0
A00006257,P006257,escalate,1,2026-06-29 15:11:00,failed,0.0
A00006258,P006258,message,1,2026-06-07 15:46:00,success,1452.36
A00006259,P006259,escalate,1,2026-06-04 17:42:00,success,3886.46
A00006260,P006260,escalate,1,2026-04-08 15:30:00,success,5338.64
A00006261,P006261,stop,1,2026-06-16 13:58:00,failed,0.0
A00006262,P006262,retry,1,2026-03-11 12:43:00,failed,0.0
A00006263,P006263,retry,1,2026-06-09 05:35:00,failed,0.0
A00006264,P006264,escalate,1,2026-06-20 01:12:00,success,5417.99
A00006265,P006265,retry,1,2026-03-23 01:25:00,failed,0.0
A00006266,P006266,payment_link,1,2026-05-20 18:47:00,success,4773.05
A00006267,P006267,retry,1,2026-02-13 08:32:00,success,2695.82
A00006268,P006268,payment_link,1,2026-01-13 14:14:00,success,489.14
A00006269,P006269,payment_link,1,2026-05-22 06:46:00,failed,0.0
A00006270,P006270,message,1,2026-04-17 12:25:00,failed,0.0
A00006271,P006271,stop,1,2026-04-18 05:35:00,failed,0.0
A00006272,P006272,stop,1,2026-01-03 06:31:00,failed,0.0
A00006273,P006273,payment_link,1,2026-01-31 21:04:00,failed,0.0
A00006274,P006274,payment_link,1,2026-03-05 02:41:00,success,3034.0
A00006275,P006275,message,1,2026-05-28 09:54:00,success,5073.6
A00006276,P006276,escalate,1,2026-02-07 20:52:00,failed,0.0
A00006277,P006277,message,1,2026-01-09 21:03:00,failed,0.0
A00006278,P006278,payment_link,1,2026-02-15 07:14:00,success,1728.32
A00006279,P006279,payment_link,1,2026-01-16 13:44:00,failed,0.0
A00006280,P006280,message,1,2026-01-07 12:26:00,success,2547.79
A00006281,P006281,retry,1,2026-05-25 09:50:00,failed,0.0
A00006282,P006282,stop,1,2026-02-08 13:31:00,failed,0.0
A00006283,P006283,escalate,1,2026-05-08 14:19:00,success,6412.88
A00006284,P006284,message,1,2026-02-09 02:36:00,failed,0.0
A00006285,P006285,payment_link,1,2026-06-05 12:48:00,success,1920.82
A00006286,P006286,stop,1,2026-04-17 21:24:00,failed,0.0
A00006287,P006287,retry,1,2026-03-21 18:26:00,failed,0.0
A00006288,P006288,stop,1,2026-04-02 21:50:00,failed,0.0
A00006289,P006289,payment_link,1,2026-03-29 03:52:00,success,2440.2
A00006290,P006290,message,1,2026-03-04 03:17:00,failed,0.0
A00006291,P006291,stop,1,2026-02-13 16:00:00,failed,0.0
A00006292,P006292,escalate,1,2026-03-31 08:05:00,failed,0.0
A00006293,P006293,retry,1,2026-03-09 06:11:00,success,2611.53
A00006294,P006294,message,1,2026-03-15 06:00:00,failed,0.0
A00006295,P006295,stop,1,2026-04-04 22:05:00,failed,0.0
A00006296,P006296,payment_link,1,2026-06-04 11:48:00,success,7629.16
A00006297,P006297,stop,1,2026-02-21 05:16:00,failed,0.0
A00006298,P006298,stop,1,2026-06-19 02:10:00,failed,0.0
A00006299,P006299,stop,1,2026-04-24 19:01:00,failed,0.0
A00006300,P006300,escalate,1,2026-02-27 02:04:00,success,2438.4
A00006301,P006301,message,1,2026-01-11 02:53:00,failed,0.0
A00006302,P006302,escalate,1,2026-04-11 21:51:00,success,825.64
A00006303,P006303,message,1,2026-01-18 21:16:00,failed,0.0
A00006304,P006304,stop,1,2026-01-02 22:58:00,failed,0.0
A00006305,P006305,retry,1,2026-01-16 03:28:00,failed,0.0
A00006306,P006306,message,1,2026-03-09 16:43:00,success,9730.65
A00006307,P006307,stop,1,2026-06-07 00:27:00,failed,0.0
A00006308,P006308,message,1,2026-01-14 10:42:00,failed,0.0
A00006309,P006309,retry,1,2026-05-07 09:28:00,success,8171.54
A00006310,P006310,escalate,1,2026-05-08 23:49:00,success,3379.6
A00006311,P006311,retry,1,2026-02-14 23:33:00,success,18251.85
A00006312,P006312,retry,1,2026-01-31 22:59:00,success,1687.84
A00006313,P006313,escalate,1,2026-04-23 11:19:00,failed,0.0
A00006314,P006314,stop,1,2026-01-10 22:19:00,failed,0.0
A00006315,P006315,retry,1,2026-01-05 06:36:00,success,3239.96
A00006316,P006316,message,1,2026-03-01 22:24:00,success,720.02
A00006317,P006317,message,1,2026-04-01 14:40:00,failed,0.0
A00006318,P006318,retry,1,2026-03-25 09:36:00,failed,0.0
A00006319,P006319,payment_link,1,2026-05-24 21:44:00,failed,0.0
A00006320,P006320,escalate,1,2026-05-12 19:26:00,failed,0.0
A00006321,P006321,retry,1,2026-03-02 23:56:00,failed,0.0
A00006322,P006322,payment_link,1,2026-05-22 23:34:00,failed,0.0
A00006323,P006323,payment_link,1,2026-03-07 17:50:00,success,3472.83
A00006324,P006324,payment_link,1,2026-01-07 23:14:00,success,1325.48
A00006325,P006325,retry,1,2026-06-22 16:28:00,failed,0.0
A00006326,P006326,escalate,1,2026-05-20 20:06:00,success,6912.62
A00006327,P006327,stop,1,2026-05-21 15:08:00,failed,0.0
A00006328,P006328,stop,1,2026-03-24 18:24:00,failed,0.0
A00006329,P006329,retry,1,2026-01-24 12:50:00,failed,0.0
A00006330,P006330,escalate,1,2026-03-16 01:16:00,failed,0.0
A00006331,P006331,retry,1,2026-01-28 17:17:00,failed,0.0
A00006332,P006332,escalate,1,2026-05-06 19:05:00,success,2085.89
A00006333,P006333,message,1,2026-02-07 17:26:00,success,5380.21
A00006334,P006334,retry,1,2026-02-28 12:16:00,success,3268.49
A00006335,P006335,message,1,2026-05-04 20:14:00,failed,0.0
A00006336,P006336,payment_link,1,2026-06-03 02:05:00,failed,0.0
A00006337,P006337,retry,1,2026-05-22 16:28:00,failed,0.0
A00006338,P006338,retry,1,2026-02-24 15:41:00,failed,0.0
A00006339,P006339,payment_link,1,2026-05-27 23:18:00,failed,0.0
A00006340,P006340,escalate,1,2026-01-19 10:33:00,failed,0.0
A00006341,P006341,stop,1,2026-04-04 06:17:00,failed,0.0
A00006342,P006342,message,1,2026-04-10 05:33:00,failed,0.0
A00006343,P006343,message,1,2026-04-03 04:09:00,failed,0.0
A00006344,P006344,stop,1,2026-05-27 22:42:00,failed,0.0
A00006345,P006345,stop,1,2026-05-01 07:53:00,success,5799.95
A00006346,P006346,stop,1,2026-06-13 22:08:00,failed,0.0
A00006347,P006347,retry,1,2026-04-12 15:06:00,success,3895.04
A00006348,P006348,message,1,2026-05-17 22:09:00,failed,0.0
A00006349,P006349,escalate,1,2026-05-22 15:00:00,success,12302.12
A00006350,P006350,retry,1,2026-03-29 01:45:00,failed,0.0
A00006351,P006351,retry,1,2026-03-14 14:37:00,success,18900.61
A00006352,P006352,stop,1,2026-03-15 18:30:00,failed,0.0
A00006353,P006353,escalate,1,2026-01-09 16:32:00,success,1901.03
A00006354,P006354,retry,1,2026-02-17 23:56:00,success,3960.52
A00006355,P006355,retry,1,2026-04-08 06:23:00,failed,0.0
A00006356,P006356,escalate,1,2026-01-03 01:15:00,failed,0.0
A00006357,P006357,message,1,2026-01-16 03:56:00,failed,0.0
A00006358,P006358,message,1,2026-03-02 09:25:00,success,4152.12
A00006359,P006359,retry,1,2026-02-14 16:53:00,success,2482.88
A00006360,P006360,stop,1,2026-01-23 00:15:00,failed,0.0
A00006361,P006361,payment_link,1,2026-02-04 06:05:00,failed,0.0
A00006362,P006362,stop,1,2026-06-10 08:13:00,failed,0.0
A00006363,P006363,payment_link,1,2026-01-24 17:17:00,success,3068.08
A00006364,P006364,escalate,1,2026-03-19 16:28:00,failed,0.0
A00006365,P006365,payment_link,1,2026-04-14 10:33:00,success,3079.79
A00006366,P006366,stop,1,2026-06-14 03:11:00,failed,0.0
A00006367,P006367,stop,1,2026-05-06 20:04:00,failed,0.0
A00006368,P006368,escalate,1,2026-05-15 06:43:00,failed,0.0
A00006369,P006369,retry,1,2026-03-17 18:18:00,success,2986.12
A00006370,P006370,payment_link,1,2026-06-05 12:59:00,failed,0.0
A00006371,P006371,stop,1,2026-01-21 15:32:00,failed,0.0
A00006372,P006372,payment_link,1,2026-06-02 05:27:00,success,1927.82
A00006373,P006373,message,1,2026-03-29 00:41:00,success,4575.9
A00006374,P006374,stop,1,2026-03-01 11:54:00,failed,0.0
A00006375,P006375,message,1,2026-03-04 16:03:00,success,2202.73
A00006376,P006376,stop,1,2026-06-19 14:56:00,failed,0.0
A00006377,P006377,stop,1,2026-04-20 19:07:00,failed,0.0
A00006378,P006378,stop,1,2026-04-13 15:12:00,failed,0.0
A00006379,P006379,message,1,2026-05-16 03:41:00,failed,0.0
A00006380,P006380,stop,1,2026-04-01 21:30:00,failed,0.0
A00006381,P006381,retry,1,2026-05-14 20:00:00,success,7580.59
A00006382,P006382,retry,1,2026-04-24 22:52:00,failed,0.0
A00006383,P006383,payment_link,1,2026-06-21 20:30:00,success,5109.12
A00006384,P006384,stop,1,2026-06-30 04:49:00,failed,0.0
A00006385,P006385,escalate,1,2026-06-12 21:43:00,success,2540.58
A00006386,P006386,stop,1,2026-03-19 08:06:00,failed,0.0
A00006387,P006387,stop,1,2026-05-14 20:06:00,failed,0.0
A00006388,P006388,stop,1,2026-04-11 06:41:00,failed,0.0
A00006389,P006389,retry,1,2026-05-18 22:11:00,failed,0.0
A00006390,P006390,escalate,1,2026-02-12 09:56:00,failed,0.0
A00006391,P006391,payment_link,1,2026-06-11 04:12:00,failed,0.0
A00006392,P006392,stop,1,2026-03-12 00:39:00,failed,0.0
A00006393,P006393,retry,1,2026-04-06 06:11:00,failed,0.0
A00006394,P006394,retry,1,2026-02-27 18:29:00,success,19688.03
A00006395,P006395,retry,1,2026-01-30 17:04:00,success,3534.21
A00006396,P006396,stop,1,2026-05-05 06:30:00,failed,0.0
A00006397,P006397,retry,1,2026-04-21 21:23:00,success,9629.02
A00006398,P006398,escalate,1,2026-01-11 15:17:00,failed,0.0
A00006399,P006399,payment_link,1,2026-04-29 08:03:00,success,4812.5
A00006400,P006400,message,1,2026-01-04 00:42:00,success,3631.13
A00006401,P006401,retry,1,2026-04-04 18:51:00,failed,0.0
A00006402,P006402,message,1,2026-04-09 06:11:00,failed,0.0
A00006403,P006403,escalate,1,2026-03-29 18:06:00,failed,0.0
A00006404,P006404,escalate,1,2026-06-08 09:25:00,failed,0.0
A00006405,P006405,retry,1,2026-02-04 12:55:00,success,1736.72
A00006406,P006406,escalate,1,2026-05-05 15:36:00,success,2659.97
A00006407,P006407,message,1,2026-04-01 07:49:00,success,11077.05
A00006408,P006408,retry,1,2026-04-26 09:35:00,success,1476.12
A00006409,P006409,retry,1,2026-01-13 15:03:00,success,4492.41
A00006410,P006410,stop,1,2026-05-09 18:51:00,failed,0.0
A00006411,P006411,escalate,1,2026-05-19 07:24:00,failed,0.0
A00006412,P006412,escalate,1,2026-02-19 18:07:00,failed,0.0
A00006413,P006413,payment_link,1,2026-06-12 04:34:00,success,2131.96
A00006414,P006414,message,1,2026-02-26 04:23:00,success,2577.64
A00006415,P006415,retry,1,2026-04-02 13:44:00,failed,0.0
A00006416,P006416,payment_link,1,2026-05-04 15:06:00,failed,0.0
A00006417,P006417,payment_link,1,2026-02-07 07:52:00,failed,0.0
A00006418,P006418,message,1,2026-01-29 11:21:00,failed,0.0
A00006419,P006419,retry,1,2026-06-06 11:52:00,success,7917.09
A00006420,P006420,stop,1,2026-01-12 10:24:00,failed,0.0
A00006421,P006421,stop,1,2026-05-04 09:42:00,failed,0.0
A00006422,P006422,payment_link,1,2026-01-13 19:06:00,failed,0.0
A00006423,P006423,retry,1,2026-04-14 20:27:00,failed,0.0
A00006424,P006424,message,1,2026-05-14 13:23:00,success,1182.16
A00006425,P006425,message,1,2026-05-26 12:16:00,success,3091.24
A00006426,P006426,message,1,2026-06-08 08:46:00,failed,0.0
A00006427,P006427,escalate,1,2026-06-29 05:35:00,failed,0.0
A00006428,P006428,escalate,1,2026-02-06 06:09:00,success,3291.15
A00006429,P006429,payment_link,1,2026-05-01 16:14:00,success,1040.56
A00006430,P006430,message,1,2026-05-02 15:41:00,failed,0.0
A00006431,P006431,payment_link,1,2026-05-28 23:20:00,success,1425.02
A00006432,P006432,stop,1,2026-01-17 03:38:00,failed,0.0
A00006433,P006433,message,1,2026-04-01 05:27:00,success,4255.03
A00006434,P006434,stop,1,2026-01-31 21:56:00,failed,0.0
A00006435,P006435,retry,1,2026-02-09 07:13:00,failed,0.0
A00006436,P006436,stop,1,2026-05-18 12:10:00,success,2055.88
A00006437,P006437,payment_link,1,2026-03-06 04:38:00,success,3172.72
A00006438,P006438,stop,1,2026-03-12 18:01:00,failed,0.0
A00006439,P006439,escalate,1,2026-03-13 11:30:00,failed,0.0
A00006440,P006440,escalate,1,2026-02-15 04:27:00,failed,0.0
A00006441,P006441,message,1,2026-02-02 14:31:00,failed,0.0
A00006442,P006442,payment_link,1,2026-02-13 11:25:00,success,3509.7
A00006443,P006443,retry,1,2026-06-03 05:35:00,success,2765.32
A00006444,P006444,message,1,2026-06-28 17:45:00,failed,0.0
A00006445,P006445,payment_link,1,2026-03-31 13:15:00,success,33203.64
A00006446,P006446,stop,1,2026-05-12 03:49:00,failed,0.0
A00006447,P006447,escalate,1,2026-04-01 09:20:00,success,12614.81
A00006448,P006448,stop,1,2026-06-28 16:30:00,failed,0.0
A00006449,P006449,stop,1,2026-02-21 15:16:00,failed,0.0
A00006450,P006450,message,1,2026-02-21 04:01:00,failed,0.0
A00006451,P006451,payment_link,1,2026-05-29 10:57:00,failed,0.0
A00006452,P006452,escalate,1,2026-05-27 22:32:00,failed,0.0
A00006453,P006453,escalate,1,2026-01-26 11:15:00,failed,0.0
A00006454,P006454,payment_link,1,2026-06-29 16:18:00,success,630.89
A00006455,P006455,escalate,1,2026-02-02 11:01:00,failed,0.0
A00006456,P006456,retry,1,2026-03-17 10:45:00,success,1003.91
A00006457,P006457,payment_link,1,2026-05-08 05:44:00,failed,0.0
A00006458,P006458,stop,1,2026-03-20 03:15:00,failed,0.0
A00006459,P006459,payment_link,1,2026-02-09 10:27:00,success,2852.83
A00006460,P006460,stop,1,2026-02-12 05:22:00,failed,0.0
A00006461,P006461,stop,1,2026-04-18 03:56:00,failed,0.0
A00006462,P006462,payment_link,1,2026-04-29 09:39:00,success,4555.5
A00006463,P006463,retry,1,2026-02-20 12:18:00,success,5139.78
A00006464,P006464,stop,1,2026-02-24 02:54:00,failed,0.0
A00006465,P006465,escalate,1,2026-02-06 02:19:00,success,3386.84
A00006466,P006466,retry,1,2026-01-04 09:41:00,failed,0.0
A00006467,P006467,retry,1,2026-03-12 03:45:00,failed,0.0
A00006468,P006468,escalate,1,2026-03-31 07:33:00,failed,0.0
A00006469,P006469,retry,1,2026-05-17 03:26:00,failed,0.0
A00006470,P006470,stop,1,2026-03-02 06:11:00,failed,0.0
A00006471,P006471,stop,1,2026-05-06 22:03:00,failed,0.0
A00006472,P006472,escalate,1,2026-03-22 13:45:00,failed,0.0
A00006473,P006473,payment_link,1,2026-01-29 02:18:00,success,2787.18
A00006474,P006474,stop,1,2026-02-10 21:47:00,failed,0.0
A00006475,P006475,retry,1,2026-04-18 15:20:00,failed,0.0
A00006476,P006476,message,1,2026-06-11 21:37:00,success,6451.16
A00006477,P006477,stop,1,2026-02-12 19:10:00,failed,0.0
A00006478,P006478,escalate,1,2026-01-09 10:33:00,failed,0.0
A00006479,P006479,payment_link,1,2026-06-15 17:42:00,success,6002.45
A00006480,P006480,stop,1,2026-04-18 03:57:00,failed,0.0
A00006481,P006481,stop,1,2026-06-18 04:24:00,failed,0.0
A00006482,P006482,message,1,2026-05-07 06:19:00,failed,0.0
A00006483,P006483,retry,1,2026-06-25 15:06:00,failed,0.0
A00006484,P006484,retry,1,2026-01-05 08:17:00,success,1277.92
A00006485,P006485,stop,1,2026-02-25 09:28:00,success,15140.37
A00006486,P006486,stop,1,2026-03-25 18:12:00,failed,0.0
A00006487,P006487,message,1,2026-01-11 06:06:00,success,2708.2
A00006488,P006488,message,1,2026-03-21 20:44:00,success,3486.42
A00006489,P006489,stop,1,2026-06-23 09:57:00,failed,0.0
A00006490,P006490,retry,1,2026-02-12 19:45:00,success,3279.4
A00006491,P006491,message,1,2026-05-21 01:31:00,success,5961.89
A00006492,P006492,stop,1,2026-01-30 10:34:00,failed,0.0
A00006493,P006493,escalate,1,2026-04-13 17:11:00,failed,0.0
A00006494,P006494,retry,1,2026-02-06 04:54:00,failed,0.0
A00006495,P006495,escalate,1,2026-04-29 04:21:00,success,2061.7
A00006496,P006496,payment_link,1,2026-05-21 07:53:00,success,2615.89
A00006497,P006497,escalate,1,2026-06-02 07:36:00,failed,0.0
A00006498,P006498,message,1,2026-02-10 23:25:00,success,1272.13
A00006499,P006499,payment_link,1,2026-01-29 10:03:00,success,4023.83
A00006500,P006500,stop,1,2026-04-21 21:21:00,failed,0.0
A00006501,P006501,retry,1,2026-02-04 04:17:00,success,3572.71
A00006502,P006502,escalate,1,2026-05-30 06:24:00,failed,0.0
A00006503,P006503,message,1,2026-02-09 22:35:00,failed,0.0
A00006504,P006504,retry,1,2026-06-14 23:14:00,success,2230.58
A00006505,P006505,escalate,1,2026-01-12 16:29:00,failed,0.0
A00006506,P006506,payment_link,1,2026-03-29 00:19:00,failed,0.0
A00006507,P006507,retry,1,2026-02-19 11:39:00,failed,0.0
A00006508,P006508,retry,1,2026-03-04 23:55:00,failed,0.0
A00006509,P006509,stop,1,2026-03-11 21:27:00,failed,0.0
A00006510,P006510,payment_link,1,2026-05-18 16:04:00,failed,0.0
A00006511,P006511,stop,1,2026-05-13 00:48:00,success,5498.18
A00006512,P006512,stop,1,2026-02-10 10:59:00,failed,0.0
A00006513,P006513,escalate,1,2026-05-10 12:05:00,failed,0.0
A00006514,P006514,message,1,2026-05-09 10:38:00,failed,0.0
A00006515,P006515,stop,1,2026-05-30 19:25:00,failed,0.0
A00006516,P006516,stop,1,2026-04-30 04:03:00,success,2654.26
A00006517,P006517,retry,1,2026-04-27 22:52:00,success,3391.74
A00006518,P006518,payment_link,1,2026-06-19 05:31:00,success,25655.6
A00006519,P006519,message,1,2026-02-03 01:33:00,failed,0.0
A00006520,P006520,escalate,1,2026-06-20 07:46:00,success,1178.26
A00006521,P006521,stop,1,2026-06-22 13:43:00,failed,0.0
A00006522,P006522,payment_link,1,2026-04-24 12:59:00,success,2408.16
A00006523,P006523,payment_link,1,2026-06-20 03:12:00,success,510.46
A00006524,P006524,payment_link,1,2026-05-11 17:17:00,failed,0.0
A00006525,P006525,payment_link,1,2026-05-06 02:56:00,success,5516.74
A00006526,P006526,stop,1,2026-02-21 05:45:00,failed,0.0
A00006527,P006527,retry,1,2026-02-21 22:46:00,failed,0.0
A00006528,P006528,stop,1,2026-01-19 05:15:00,failed,0.0
A00006529,P006529,retry,1,2026-02-17 13:57:00,success,2366.79
A00006530,P006530,escalate,1,2026-06-19 02:50:00,failed,0.0
A00006531,P006531,message,1,2026-03-29 19:18:00,failed,0.0
A00006532,P006532,escalate,1,2026-01-14 20:14:00,failed,0.0
A00006533,P006533,retry,1,2026-02-01 12:17:00,success,411.18
A00006534,P006534,message,1,2026-03-01 14:58:00,failed,0.0
A00006535,P006535,stop,1,2026-05-29 05:27:00,failed,0.0
A00006536,P006536,message,1,2026-03-18 20:41:00,failed,0.0
A00006537,P006537,stop,1,2026-06-17 18:54:00,failed,0.0
A00006538,P006538,stop,1,2026-05-13 03:07:00,failed,0.0
A00006539,P006539,stop,1,2026-01-24 21:58:00,failed,0.0
A00006540,P006540,message,1,2026-01-07 12:35:00,success,3444.78
A00006541,P006541,stop,1,2026-06-02 00:11:00,failed,0.0
A00006542,P006542,stop,1,2026-05-22 01:22:00,failed,0.0
A00006543,P006543,retry,1,2026-04-18 06:03:00,failed,0.0
A00006544,P006544,retry,1,2026-05-13 07:52:00,success,2140.78
A00006545,P006545,escalate,1,2026-02-05 09:13:00,failed,0.0
A00006546,P006546,stop,1,2026-02-27 23:04:00,success,3510.67
A00006547,P006547,retry,1,2026-05-28 00:38:00,success,931.26
A00006548,P006548,stop,1,2026-06-03 17:08:00,failed,0.0
A00006549,P006549,stop,1,2026-06-15 04:55:00,failed,0.0
A00006550,P006550,escalate,1,2026-06-16 04:48:00,success,5597.94
A00006551,P006551,escalate,1,2026-06-04 14:52:00,failed,0.0
A00006552,P006552,message,1,2026-02-26 18:52:00,success,3997.27
A00006553,P006553,retry,1,2026-05-24 04:47:00,failed,0.0
A00006554,P006554,payment_link,1,2026-02-03 06:57:00,success,1052.23
A00006555,P006555,message,1,2026-03-06 16:47:00,success,12468.68
A00006556,P006556,message,1,2026-06-06 20:13:00,failed,0.0
A00006557,P006557,escalate,1,2026-04-09 18:50:00,success,2738.24
A00006558,P006558,retry,1,2026-05-06 12:01:00,success,4066.85
A00006559,P006559,escalate,1,2026-04-18 03:44:00,failed,0.0
A00006560,P006560,payment_link,1,2026-05-27 16:52:00,failed,0.0
A00006561,P006561,escalate,1,2026-05-20 03:27:00,success,3427.23
A00006562,P006562,payment_link,1,2026-02-07 16:20:00,success,3618.58
A00006563,P006563,escalate,1,2026-03-18 05:09:00,success,16259.31
A00006564,P006564,payment_link,1,2026-01-15 01:29:00,failed,0.0
A00006565,P006565,payment_link,1,2026-06-26 00:54:00,failed,0.0
A00006566,P006566,stop,1,2026-02-28 21:45:00,failed,0.0
A00006567,P006567,payment_link,1,2026-02-04 02:05:00,failed,0.0
A00006568,P006568,stop,1,2026-02-15 03:08:00,failed,0.0
A00006569,P006569,retry,1,2026-03-09 11:52:00,success,16440.55
A00006570,P006570,message,1,2026-04-01 19:56:00,failed,0.0
A00006571,P006571,escalate,1,2026-06-25 19:27:00,success,6476.55
A00006572,P006572,stop,1,2026-02-04 22:49:00,failed,0.0
A00006573,P006573,escalate,1,2026-02-02 09:24:00,failed,0.0
A00006574,P006574,escalate,1,2026-03-01 12:14:00,success,3915.01
A00006575,P006575,message,1,2026-01-23 07:47:00,failed,0.0
A00006576,P006576,stop,1,2026-03-18 02:31:00,failed,0.0
A00006577,P006577,message,1,2026-02-13 10:59:00,failed,0.0
A00006578,P006578,escalate,1,2026-02-15 23:24:00,failed,0.0
A00006579,P006579,payment_link,1,2026-01-16 05:26:00,failed,0.0
A00006580,P006580,escalate,1,2026-06-19 12:58:00,success,8720.68
A00006581,P006581,message,1,2026-05-17 22:53:00,failed,0.0
A00006582,P006582,message,1,2026-03-31 12:13:00,success,579.6
A00006583,P006583,retry,1,2026-04-06 20:11:00,success,3552.23
A00006584,P006584,stop,1,2026-02-25 21:52:00,failed,0.0
A00006585,P006585,stop,1,2026-01-18 04:57:00,failed,0.0
A00006586,P006586,stop,1,2026-03-19 13:46:00,failed,0.0
A00006587,P006587,escalate,1,2026-03-05 00:52:00,success,21145.39
A00006588,P006588,payment_link,1,2026-05-22 14:51:00,failed,0.0
A00006589,P006589,retry,1,2026-02-25 19:45:00,failed,0.0
A00006590,P006590,escalate,1,2026-01-30 03:31:00,success,4706.38
A00006591,P006591,retry,1,2026-03-23 09:12:00,success,1699.94
A00006592,P006592,retry,1,2026-06-17 18:41:00,success,5003.33
A00006593,P006593,escalate,1,2026-02-01 06:09:00,failed,0.0
A00006594,P006594,message,1,2026-06-06 11:55:00,failed,0.0
A00006595,P006595,escalate,1,2026-05-21 15:21:00,failed,0.0
A00006596,P006596,retry,1,2026-01-07 01:47:00,failed,0.0
A00006597,P006597,message,1,2026-03-09 17:42:00,failed,0.0
A00006598,P006598,message,1,2026-04-28 02:09:00,success,4013.34
A00006599,P006599,stop,1,2026-06-14 02:23:00,failed,0.0
A00006600,P006600,payment_link,1,2026-03-26 06:37:00,success,546.02
A00006601,P006601,escalate,1,2026-02-22 23:40:00,failed,0.0
A00006602,P006602,escalate,1,2026-05-26 00:58:00,success,2650.02
A00006603,P006603,stop,1,2026-06-04 13:14:00,failed,0.0
A00006604,P006604,stop,1,2026-06-01 19:03:00,failed,0.0
A00006605,P006605,retry,1,2026-01-06 02:04:00,failed,0.0
A00006606,P006606,retry,1,2026-06-26 10:57:00,failed,0.0
A00006607,P006607,message,1,2026-02-10 08:03:00,success,4497.78
A00006608,P006608,payment_link,1,2026-03-25 00:06:00,success,1512.69
A00006609,P006609,stop,1,2026-06-08 16:18:00,failed,0.0
A00006610,P006610,retry,1,2026-05-25 07:04:00,success,1458.99
A00006611,P006611,retry,1,2026-04-09 07:18:00,success,2249.59
A00006612,P006612,message,1,2026-01-15 16:26:00,failed,0.0
A00006613,P006613,stop,1,2026-02-08 05:05:00,failed,0.0
A00006614,P006614,escalate,1,2026-04-26 20:06:00,success,4696.26
A00006615,P006615,message,1,2026-06-13 14:07:00,failed,0.0
A00006616,P006616,payment_link,1,2026-04-18 03:54:00,success,14125.7
A00006617,P006617,stop,1,2026-02-27 02:18:00,failed,0.0
A00006618,P006618,message,1,2026-02-26 10:26:00,success,32926.6
A00006619,P006619,stop,1,2026-01-03 07:26:00,failed,0.0
A00006620,P006620,escalate,1,2026-01-29 21:37:00,success,2301.64
A00006621,P006621,stop,1,2026-01-30 07:36:00,failed,0.0
A00006622,P006622,payment_link,1,2026-02-05 07:01:00,failed,0.0
A00006623,P006623,stop,1,2026-03-14 13:41:00,success,2808.12
A00006624,P006624,payment_link,1,2026-05-18 00:09:00,success,1388.01
A00006625,P006625,retry,1,2026-03-04 09:32:00,success,3754.25
A00006626,P006626,message,1,2026-02-12 05:13:00,success,4483.05
A00006627,P006627,message,1,2026-01-16 11:08:00,failed,0.0
A00006628,P006628,retry,1,2026-03-12 08:07:00,failed,0.0
A00006629,P006629,payment_link,1,2026-04-09 14:22:00,failed,0.0
A00006630,P006630,stop,1,2026-01-29 00:06:00,failed,0.0
A00006631,P006631,payment_link,1,2026-04-03 10:19:00,success,1637.35
A00006632,P006632,message,1,2026-01-30 12:56:00,failed,0.0
A00006633,P006633,payment_link,1,2026-03-17 07:30:00,success,14486.94
A00006634,P006634,message,1,2026-02-09 12:57:00,success,4416.67
A00006635,P006635,message,1,2026-03-06 03:42:00,failed,0.0
A00006636,P006636,escalate,1,2026-04-21 14:57:00,success,3251.35
A00006637,P006637,escalate,1,2026-05-30 10:02:00,failed,0.0
A00006638,P006638,stop,1,2026-05-05 14:56:00,failed,0.0
A00006639,P006639,escalate,1,2026-05-31 23:53:00,failed,0.0
A00006640,P006640,stop,1,2026-01-10 05:22:00,failed,0.0
A00006641,P006641,payment_link,1,2026-02-17 10:34:00,success,12571.8
A00006642,P006642,escalate,1,2026-02-21 12:49:00,failed,0.0
A00006643,P006643,stop,1,2026-02-15 21:04:00,failed,0.0
A00006644,P006644,escalate,1,2026-01-12 07:36:00,success,7052.33
A00006645,P006645,retry,1,2026-02-05 05:17:00,success,1766.85
A00006646,P006646,escalate,1,2026-06-20 10:44:00,failed,0.0
A00006647,P006647,retry,1,2026-01-21 16:58:00,success,752.54
A00006648,P006648,payment_link,1,2026-02-27 04:30:00,success,4651.12
A00006649,P006649,escalate,1,2026-02-09 21:35:00,success,4224.57
A00006650,P006650,stop,1,2026-06-23 12:13:00,failed,0.0
A00006651,P006651,retry,1,2026-01-08 13:22:00,failed,0.0
A00006652,P006652,escalate,1,2026-03-11 14:04:00,success,13114.04
A00006653,P006653,message,1,2026-03-14 15:54:00,failed,0.0
A00006654,P006654,message,1,2026-01-31 16:55:00,success,3671.95
A00006655,P006655,retry,1,2026-02-27 22:50:00,success,2367.49
A00006656,P006656,escalate,1,2026-04-11 23:24:00,failed,0.0
A00006657,P006657,message,1,2026-04-01 04:08:00,success,709.42
A00006658,P006658,message,1,2026-04-10 20:20:00,failed,0.0
A00006659,P006659,stop,1,2026-01-21 05:35:00,failed,0.0
A00006660,P006660,escalate,1,2026-04-22 21:58:00,failed,0.0
A00006661,P006661,escalate,1,2026-04-29 21:15:00,failed,0.0
A00006662,P006662,message,1,2026-03-15 16:05:00,success,4411.55
A00006663,P006663,payment_link,1,2026-05-10 03:13:00,success,422.24
A00006664,P006664,retry,1,2026-05-11 17:41:00,failed,0.0
A00006665,P006665,retry,1,2026-05-06 09:57:00,failed,0.0
A00006666,P006666,payment_link,1,2026-01-15 15:32:00,failed,0.0
A00006667,P006667,stop,1,2026-02-12 15:43:00,failed,0.0
A00006668,P006668,retry,1,2026-06-02 16:02:00,failed,0.0
A00006669,P006669,stop,1,2026-01-08 00:15:00,failed,0.0
A00006670,P006670,retry,1,2026-02-22 07:48:00,failed,0.0
A00006671,P006671,escalate,1,2026-04-08 01:40:00,failed,0.0
A00006672,P006672,retry,1,2026-01-18 15:33:00,success,6622.31
A00006673,P006673,escalate,1,2026-06-01 01:18:00,success,3625.69
A00006674,P006674,retry,1,2026-05-04 16:42:00,failed,0.0
A00006675,P006675,retry,1,2026-03-11 01:21:00,failed,0.0
A00006676,P006676,payment_link,1,2026-02-10 14:35:00,failed,0.0
A00006677,P006677,escalate,1,2026-04-30 10:18:00,success,2473.39
A00006678,P006678,message,1,2026-01-16 01:19:00,failed,0.0
A00006679,P006679,retry,1,2026-03-31 05:13:00,failed,0.0
A00006680,P006680,payment_link,1,2026-03-13 08:06:00,success,3109.01
A00006681,P006681,retry,1,2026-05-26 05:43:00,success,2256.05
A00006682,P006682,payment_link,1,2026-05-27 06:37:00,success,3961.38
A00006683,P006683,stop,1,2026-06-10 11:01:00,failed,0.0
A00006684,P006684,retry,1,2026-03-20 00:11:00,success,6872.99
A00006685,P006685,message,1,2026-06-06 16:58:00,failed,0.0
A00006686,P006686,escalate,1,2026-05-14 02:42:00,failed,0.0
A00006687,P006687,stop,1,2026-05-05 06:08:00,failed,0.0
A00006688,P006688,message,1,2026-05-24 13:42:00,failed,0.0
A00006689,P006689,retry,1,2026-03-18 08:23:00,failed,0.0
A00006690,P006690,message,1,2026-03-29 11:02:00,success,14209.73
A00006691,P006691,stop,1,2026-02-25 15:28:00,failed,0.0
A00006692,P006692,payment_link,1,2026-03-15 00:13:00,failed,0.0
A00006693,P006693,message,1,2026-01-31 08:24:00,success,8296.03
A00006694,P006694,escalate,1,2026-06-08 03:58:00,success,11957.41
A00006695,P006695,escalate,1,2026-04-13 05:28:00,failed,0.0
A00006696,P006696,retry,1,2026-02-28 05:03:00,success,6811.72
A00006697,P006697,message,1,2026-04-13 00:04:00,success,18197.38
A00006698,P006698,escalate,1,2026-03-31 14:11:00,failed,0.0
A00006699,P006699,payment_link,1,2026-04-07 16:04:00,success,977.99
A00006700,P006700,stop,1,2026-01-08 18:33:00,failed,0.0
A00006701,P006701,escalate,1,2026-06-04 21:12:00,success,2817.89
A00006702,P006702,retry,1,2026-02-02 21:48:00,failed,0.0
A00006703,P006703,retry,1,2026-05-21 04:40:00,failed,0.0
A00006704,P006704,message,1,2026-03-06 15:07:00,failed,0.0
A00006705,P006705,message,1,2026-04-15 13:44:00,success,2465.58
A00006706,P006706,message,1,2026-03-06 22:33:00,failed,0.0
A00006707,P006707,retry,1,2026-03-27 14:24:00,failed,0.0
A00006708,P006708,retry,1,2026-06-10 08:50:00,failed,0.0
A00006709,P006709,escalate,1,2026-05-07 18:46:00,failed,0.0
A00006710,P006710,message,1,2026-01-05 16:23:00,failed,0.0
A00006711,P006711,payment_link,1,2026-06-08 20:04:00,failed,0.0
A00006712,P006712,escalate,1,2026-06-29 18:45:00,failed,0.0
A00006713,P006713,escalate,1,2026-03-05 14:47:00,success,16601.05
A00006714,P006714,stop,1,2026-05-13 10:55:00,failed,0.0
A00006715,P006715,escalate,1,2026-05-09 10:42:00,failed,0.0
A00006716,P006716,payment_link,1,2026-03-03 17:46:00,success,4273.46
A00006717,P006717,escalate,1,2026-04-05 05:38:00,failed,0.0
A00006718,P006718,retry,1,2026-05-26 16:54:00,success,1259.29
A00006719,P006719,escalate,1,2026-05-20 20:16:00,success,1270.34
A00006720,P006720,retry,1,2026-05-15 11:22:00,failed,0.0
A00006721,P006721,escalate,1,2026-04-09 23:21:00,failed,0.0
A00006722,P006722,retry,1,2026-03-10 01:05:00,success,3451.54
A00006723,P006723,message,1,2026-04-26 15:47:00,failed,0.0
A00006724,P006724,payment_link,1,2026-05-06 18:25:00,failed,0.0
A00006725,P006725,retry,1,2026-01-21 23:41:00,success,5730.5
A00006726,P006726,stop,1,2026-03-07 21:16:00,failed,0.0
A00006727,P006727,stop,1,2026-04-21 18:38:00,failed,0.0
A00006728,P006728,payment_link,1,2026-03-11 18:28:00,success,981.9
A00006729,P006729,stop,1,2026-05-17 05:16:00,failed,0.0
A00006730,P006730,stop,1,2026-01-18 07:46:00,failed,0.0
A00006731,P006731,message,1,2026-05-26 09:26:00,failed,0.0
A00006732,P006732,escalate,1,2026-04-04 03:19:00,failed,0.0
A00006733,P006733,payment_link,1,2026-03-15 05:17:00,failed,0.0
A00006734,P006734,retry,1,2026-03-10 06:24:00,failed,0.0
A00006735,P006735,payment_link,1,2026-01-12 19:33:00,failed,0.0
A00006736,P006736,message,1,2026-05-27 21:32:00,success,3356.03
A00006737,P006737,payment_link,1,2026-01-18 23:33:00,success,2781.14
A00006738,P006738,escalate,1,2026-04-08 19:12:00,success,1604.38
A00006739,P006739,escalate,1,2026-02-09 13:04:00,failed,0.0
A00006740,P006740,retry,1,2026-01-03 16:58:00,success,1077.54
A00006741,P006741,payment_link,1,2026-04-30 06:07:00,success,1455.5
A00006742,P006742,payment_link,1,2026-02-16 23:10:00,failed,0.0
A00006743,P006743,retry,1,2026-06-07 09:44:00,success,2092.79
A00006744,P006744,retry,1,2026-06-11 10:25:00,success,5699.22
A00006745,P006745,message,1,2026-06-06 17:54:00,failed,0.0
A00006746,P006746,message,1,2026-05-12 06:13:00,success,3432.11
A00006747,P006747,escalate,1,2026-03-23 19:19:00,success,11028.84
A00006748,P006748,stop,1,2026-04-17 22:00:00,failed,0.0
A00006749,P006749,stop,1,2026-05-04 03:47:00,failed,0.0
A00006750,P006750,escalate,1,2026-05-14 01:30:00,success,3326.94
A00006751,P006751,escalate,1,2026-02-28 16:26:00,success,8057.01
A00006752,P006752,retry,1,2026-01-25 22:51:00,success,1309.35
A00006753,P006753,retry,1,2026-02-18 09:56:00,success,5152.36
A00006754,P006754,retry,1,2026-06-07 15:54:00,failed,0.0
A00006755,P006755,message,1,2026-01-11 23:38:00,success,657.14
A00006756,P006756,retry,1,2026-03-29 01:24:00,success,6615.34
A00006757,P006757,stop,1,2026-06-22 19:05:00,failed,0.0
A00006758,P006758,retry,1,2026-01-28 06:33:00,failed,0.0
A00006759,P006759,retry,1,2026-02-10 21:07:00,failed,0.0
A00006760,P006760,retry,1,2026-03-21 15:19:00,failed,0.0
A00006761,P006761,payment_link,1,2026-06-21 06:08:00,failed,0.0
A00006762,P006762,retry,1,2026-01-29 01:05:00,success,4143.1
A00006763,P006763,payment_link,1,2026-04-15 01:23:00,success,2451.81
A00006764,P006764,retry,1,2026-06-17 07:00:00,failed,0.0
A00006765,P006765,retry,1,2026-04-08 02:00:00,failed,0.0
A00006766,P006766,escalate,1,2026-05-29 15:42:00,success,6366.82
A00006767,P006767,retry,1,2026-01-13 23:48:00,failed,0.0
A00006768,P006768,message,1,2026-06-15 05:42:00,success,3228.81
A00006769,P006769,message,1,2026-02-25 09:20:00,success,5183.1
A00006770,P006770,stop,1,2026-04-15 02:41:00,failed,0.0
A00006771,P006771,escalate,1,2026-02-10 05:39:00,failed,0.0
A00006772,P006772,escalate,1,2026-05-09 16:43:00,success,1069.54
A00006773,P006773,message,1,2026-02-27 05:45:00,success,3818.72
A00006774,P006774,escalate,1,2026-05-01 20:52:00,failed,0.0
A00006775,P006775,escalate,1,2026-01-08 23:02:00,failed,0.0
A00006776,P006776,payment_link,1,2026-02-18 06:11:00,failed,0.0
A00006777,P006777,escalate,1,2026-03-22 17:55:00,success,58904.95
A00006778,P006778,escalate,1,2026-02-13 04:17:00,failed,0.0
A00006779,P006779,escalate,1,2026-03-15 15:49:00,failed,0.0
A00006780,P006780,payment_link,1,2026-04-03 05:50:00,failed,0.0
A00006781,P006781,message,1,2026-03-11 06:26:00,success,2615.51
A00006782,P006782,payment_link,1,2026-05-29 22:00:00,success,3150.59
A00006783,P006783,escalate,1,2026-01-08 12:14:00,failed,0.0
A00006784,P006784,payment_link,1,2026-02-01 23:13:00,success,3169.74
A00006785,P006785,escalate,1,2026-04-10 13:04:00,failed,0.0
A00006786,P006786,message,1,2026-05-10 17:36:00,success,14711.61
A00006787,P006787,retry,1,2026-01-07 11:17:00,failed,0.0
A00006788,P006788,message,1,2026-05-07 15:20:00,success,3197.82
A00006789,P006789,stop,1,2026-02-05 17:39:00,failed,0.0
A00006790,P006790,escalate,1,2026-02-02 06:55:00,failed,0.0
A00006791,P006791,stop,1,2026-05-24 12:45:00,failed,0.0
A00006792,P006792,message,1,2026-06-06 11:22:00,failed,0.0
A00006793,P006793,message,1,2026-05-13 03:15:00,success,5904.46
A00006794,P006794,escalate,1,2026-04-26 04:34:00,failed,0.0
A00006795,P006795,payment_link,1,2026-02-12 08:25:00,success,1550.6
A00006796,P006796,escalate,1,2026-02-19 19:04:00,success,5797.59
A00006797,P006797,message,1,2026-01-07 08:39:00,success,2048.39
A00006798,P006798,escalate,1,2026-03-23 11:29:00,failed,0.0
A00006799,P006799,payment_link,1,2026-05-18 03:54:00,success,2227.31
A00006800,P006800,escalate,1,2026-05-27 05:17:00,failed,0.0
A00006801,P006801,escalate,1,2026-06-04 12:46:00,success,3909.68
A00006802,P006802,retry,1,2026-01-10 18:42:00,failed,0.0
A00006803,P006803,payment_link,1,2026-05-13 09:35:00,failed,0.0
A00006804,P006804,stop,1,2026-05-11 17:35:00,failed,0.0
A00006805,P006805,payment_link,1,2026-06-21 16:06:00,success,2771.94
A00006806,P006806,retry,1,2026-01-26 06:02:00,success,1802.87
A00006807,P006807,stop,1,2026-05-19 03:11:00,failed,0.0
A00006808,P006808,escalate,1,2026-05-05 20:24:00,success,4942.25
A00006809,P006809,retry,1,2026-04-06 04:29:00,success,3671.61
A00006810,P006810,retry,1,2026-05-11 16:44:00,failed,0.0
A00006811,P006811,stop,1,2026-02-08 05:50:00,failed,0.0
A00006812,P006812,message,1,2026-05-20 13:22:00,success,1918.33
A00006813,P006813,escalate,1,2026-04-17 06:17:00,failed,0.0
A00006814,P006814,payment_link,1,2026-06-05 11:46:00,success,4668.32
A00006815,P006815,message,1,2026-06-22 08:08:00,failed,0.0
A00006816,P006816,escalate,1,2026-02-19 04:28:00,success,2132.24
A00006817,P006817,stop,1,2026-05-07 07:40:00,failed,0.0
A00006818,P006818,retry,1,2026-02-22 15:26:00,failed,0.0
A00006819,P006819,retry,1,2026-06-22 06:25:00,success,2555.3
A00006820,P006820,stop,1,2026-04-01 05:21:00,failed,0.0
A00006821,P006821,payment_link,1,2026-04-20 06:04:00,success,2129.11
A00006822,P006822,retry,1,2026-05-11 16:32:00,failed,0.0
A00006823,P006823,message,1,2026-01-21 20:50:00,success,22527.55
A00006824,P006824,payment_link,1,2026-01-21 02:03:00,failed,0.0
A00006825,P006825,message,1,2026-02-03 02:55:00,success,10254.75
A00006826,P006826,message,1,2026-03-02 12:03:00,success,5529.82
A00006827,P006827,stop,1,2026-03-07 14:32:00,failed,0.0
A00006828,P006828,escalate,1,2026-06-05 15:55:00,failed,0.0
A00006829,P006829,retry,1,2026-03-14 20:51:00,success,1462.27
A00006830,P006830,escalate,1,2026-06-21 10:34:00,failed,0.0
A00006831,P006831,payment_link,1,2026-01-16 14:48:00,success,2013.63
A00006832,P006832,escalate,1,2026-02-27 01:23:00,failed,0.0
A00006833,P006833,retry,1,2026-06-12 13:31:00,failed,0.0
A00006834,P006834,message,1,2026-01-16 20:03:00,success,2340.68
A00006835,P006835,payment_link,1,2026-05-07 11:46:00,success,2185.17
A00006836,P006836,message,1,2026-05-24 11:45:00,failed,0.0
A00006837,P006837,message,1,2026-05-23 18:18:00,success,1757.43
A00006838,P006838,stop,1,2026-05-16 23:14:00,failed,0.0
A00006839,P006839,message,1,2026-01-30 19:52:00,success,3203.65
A00006840,P006840,payment_link,1,2026-04-06 07:48:00,success,3299.17
A00006841,P006841,escalate,1,2026-01-10 23:58:00,failed,0.0
A00006842,P006842,stop,1,2026-02-09 02:17:00,failed,0.0
A00006843,P006843,escalate,1,2026-03-09 16:23:00,success,3790.21
A00006844,P006844,escalate,1,2026-01-21 09:47:00,failed,0.0
A00006845,P006845,message,1,2026-04-03 08:56:00,success,10732.18
A00006846,P006846,payment_link,1,2026-04-17 10:32:00,success,2036.15
A00006847,P006847,escalate,1,2026-03-30 13:53:00,failed,0.0
A00006848,P006848,escalate,1,2026-02-08 12:40:00,failed,0.0
A00006849,P006849,message,1,2026-02-05 06:20:00,success,6678.81
A00006850,P006850,retry,1,2026-05-03 21:41:00,success,3451.65
A00006851,P006851,escalate,1,2026-04-14 20:27:00,failed,0.0
A00006852,P006852,message,1,2026-05-13 12:59:00,failed,0.0
A00006853,P006853,payment_link,1,2026-06-03 13:09:00,failed,0.0
A00006854,P006854,retry,1,2026-05-15 15:25:00,failed,0.0
A00006855,P006855,stop,1,2026-05-07 16:41:00,failed,0.0
A00006856,P006856,payment_link,1,2026-03-18 19:14:00,failed,0.0
A00006857,P006857,payment_link,1,2026-05-29 08:02:00,failed,0.0
A00006858,P006858,payment_link,1,2026-01-13 03:53:00,success,2965.02
A00006859,P006859,message,1,2026-05-13 03:07:00,failed,0.0
A00006860,P006860,retry,1,2026-02-03 21:54:00,failed,0.0
A00006861,P006861,message,1,2026-04-01 08:15:00,success,5924.88
A00006862,P006862,payment_link,1,2026-01-19 11:25:00,success,739.82
A00006863,P006863,payment_link,1,2026-01-29 15:22:00,failed,0.0
A00006864,P006864,stop,1,2026-03-25 16:30:00,failed,0.0
A00006865,P006865,payment_link,1,2026-02-01 18:01:00,failed,0.0
A00006866,P006866,retry,1,2026-04-02 19:58:00,failed,0.0
A00006867,P006867,escalate,1,2026-06-22 05:42:00,success,1615.16
A00006868,P006868,escalate,1,2026-05-30 10:10:00,failed,0.0
A00006869,P006869,stop,1,2026-01-04 05:30:00,failed,0.0
A00006870,P006870,payment_link,1,2026-01-13 07:18:00,success,7427.93
A00006871,P006871,retry,1,2026-06-16 22:30:00,success,1471.06
A00006872,P006872,retry,1,2026-05-14 07:37:00,success,2814.42
A00006873,P006873,message,1,2026-04-05 13:43:00,success,7564.21
A00006874,P006874,payment_link,1,2026-01-11 05:47:00,success,30204.68
A00006875,P006875,message,1,2026-02-03 05:13:00,success,8110.71
A00006876,P006876,payment_link,1,2026-04-15 08:14:00,failed,0.0
A00006877,P006877,escalate,1,2026-04-13 20:05:00,failed,0.0
A00006878,P006878,message,1,2026-05-27 00:51:00,success,1466.81
A00006879,P006879,retry,1,2026-01-27 07:40:00,failed,0.0
A00006880,P006880,retry,1,2026-03-29 01:53:00,success,2835.39
A00006881,P006881,payment_link,1,2026-04-04 12:16:00,success,2879.02
A00006882,P006882,payment_link,1,2026-06-23 19:17:00,failed,0.0
A00006883,P006883,escalate,1,2026-05-15 18:31:00,success,2404.31
A00006884,P006884,retry,1,2026-05-29 13:20:00,failed,0.0
A00006885,P006885,payment_link,1,2026-04-23 02:27:00,success,810.55
A00006886,P006886,stop,1,2026-01-12 16:02:00,failed,0.0
A00006887,P006887,retry,1,2026-05-31 06:40:00,failed,0.0
A00006888,P006888,escalate,1,2026-02-06 10:27:00,failed,0.0
A00006889,P006889,retry,1,2026-06-15 04:14:00,failed,0.0
A00006890,P006890,payment_link,1,2026-05-15 20:11:00,failed,0.0
A00006891,P006891,retry,1,2026-06-25 19:29:00,success,4078.95
A00006892,P006892,retry,1,2026-02-04 18:12:00,failed,0.0
A00006893,P006893,stop,1,2026-01-10 15:35:00,failed,0.0
A00006894,P006894,escalate,1,2026-02-02 11:41:00,success,8281.55
A00006895,P006895,retry,1,2026-03-10 12:29:00,failed,0.0
A00006896,P006896,payment_link,1,2026-05-26 13:23:00,failed,0.0
A00006897,P006897,message,1,2026-04-18 10:00:00,failed,0.0
A00006898,P006898,stop,1,2026-06-11 11:08:00,failed,0.0
A00006899,P006899,message,1,2026-04-25 00:21:00,success,3069.01
A00006900,P006900,message,1,2026-04-29 00:42:00,failed,0.0
A00006901,P006901,retry,1,2026-06-08 22:34:00,failed,0.0
A00006902,P006902,retry,1,2026-04-15 13:08:00,success,2928.64
A00006903,P006903,escalate,1,2026-03-18 05:52:00,failed,0.0
A00006904,P006904,message,1,2026-06-07 06:14:00,success,4620.13
A00006905,P006905,escalate,1,2026-01-24 01:36:00,failed,0.0
A00006906,P006906,escalate,1,2026-06-11 10:15:00,failed,0.0
A00006907,P006907,message,1,2026-05-27 13:16:00,failed,0.0
A00006908,P006908,payment_link,1,2026-02-24 08:44:00,failed,0.0
A00006909,P006909,escalate,1,2026-06-17 12:24:00,success,11632.42
A00006910,P006910,escalate,1,2026-03-12 03:58:00,failed,0.0
A00006911,P006911,message,1,2026-05-30 08:09:00,failed,0.0
A00006912,P006912,escalate,1,2026-06-18 09:11:00,success,1616.79
A00006913,P006913,payment_link,1,2026-05-30 04:02:00,failed,0.0
A00006914,P006914,payment_link,1,2026-02-13 20:09:00,success,3072.89
A00006915,P006915,escalate,1,2026-03-04 11:50:00,failed,0.0
A00006916,P006916,payment_link,1,2026-02-16 04:36:00,success,23240.75
A00006917,P006917,message,1,2026-02-10 19:55:00,failed,0.0
A00006918,P006918,retry,1,2026-02-05 18:00:00,failed,0.0
A00006919,P006919,payment_link,1,2026-02-02 04:33:00,failed,0.0
A00006920,P006920,payment_link,1,2026-06-29 08:07:00,failed,0.0
A00006921,P006921,message,1,2026-04-06 19:22:00,failed,0.0
A00006922,P006922,payment_link,1,2026-06-09 04:33:00,success,13344.0
A00006923,P006923,message,1,2026-03-26 14:58:00,failed,0.0
A00006924,P006924,payment_link,1,2026-05-08 09:39:00,failed,0.0
A00006925,P006925,message,1,2026-01-13 19:00:00,success,3425.82
A00006926,P006926,message,1,2026-03-08 05:53:00,success,4317.34
A00006927,P006927,payment_link,1,2026-04-03 02:13:00,failed,0.0
A00006928,P006928,retry,1,2026-06-02 01:38:00,success,6588.74
A00006929,P006929,message,1,2026-02-03 09:30:00,failed,0.0
A00006930,P006930,stop,1,2026-05-05 08:18:00,failed,0.0
A00006931,P006931,retry,1,2026-01-31 08:31:00,failed,0.0
A00006932,P006932,stop,1,2026-03-20 20:12:00,failed,0.0
A00006933,P006933,payment_link,1,2026-05-09 12:13:00,failed,0.0
A00006934,P006934,escalate,1,2026-01-22 04:29:00,failed,0.0
A00006935,P006935,escalate,1,2026-01-12 19:37:00,failed,0.0
A00006936,P006936,payment_link,1,2026-05-28 23:51:00,success,3272.31
A00006937,P006937,payment_link,1,2026-01-04 20:04:00,failed,0.0
A00006938,P006938,message,1,2026-04-02 06:16:00,failed,0.0
A00006939,P006939,stop,1,2026-03-29 19:21:00,failed,0.0
A00006940,P006940,message,1,2026-06-14 11:47:00,failed,0.0
A00006941,P006941,message,1,2026-04-18 08:30:00,failed,0.0
A00006942,P006942,escalate,1,2026-06-02 01:42:00,failed,0.0
A00006943,P006943,escalate,1,2026-02-17 15:34:00,failed,0.0
A00006944,P006944,payment_link,1,2026-06-01 06:37:00,failed,0.0
A00006945,P006945,retry,1,2026-01-28 21:29:00,failed,0.0
A00006946,P006946,payment_link,1,2026-02-10 22:39:00,success,630.02
A00006947,P006947,escalate,1,2026-02-25 12:52:00,success,3357.5
A00006948,P006948,payment_link,1,2026-05-22 06:20:00,failed,0.0
A00006949,P006949,stop,1,2026-05-05 02:12:00,failed,0.0
A00006950,P006950,stop,1,2026-01-11 06:43:00,failed,0.0
A00006951,P006951,escalate,1,2026-05-07 08:10:00,success,29405.13
A00006952,P006952,retry,1,2026-06-14 13:57:00,failed,0.0
A00006953,P006953,stop,1,2026-02-26 08:14:00,failed,0.0
A00006954,P006954,stop,1,2026-05-04 07:41:00,failed,0.0
A00006955,P006955,payment_link,1,2026-01-16 22:30:00,success,5055.06
A00006956,P006956,escalate,1,2026-01-29 20:37:00,success,1475.23
A00006957,P006957,escalate,1,2026-04-20 05:34:00,failed,0.0
A00006958,P006958,payment_link,1,2026-03-28 18:44:00,success,3691.45
A00006959,P006959,escalate,1,2026-05-24 16:53:00,failed,0.0
A00006960,P006960,escalate,1,2026-03-30 19:56:00,failed,0.0
A00006961,P006961,message,1,2026-01-05 06:18:00,failed,0.0
A00006962,P006962,escalate,1,2026-06-07 20:56:00,success,2819.85
A00006963,P006963,message,1,2026-06-07 21:39:00,failed,0.0
A00006964,P006964,stop,1,2026-02-15 23:35:00,failed,0.0
A00006965,P006965,payment_link,1,2026-05-26 08:14:00,failed,0.0
A00006966,P006966,stop,1,2026-05-20 11:26:00,failed,0.0
A00006967,P006967,retry,1,2026-02-02 23:29:00,failed,0.0
A00006968,P006968,payment_link,1,2026-01-16 11:05:00,failed,0.0
A00006969,P006969,message,1,2026-06-22 13:33:00,success,2816.28
A00006970,P006970,retry,1,2026-05-06 16:59:00,failed,0.0
A00006971,P006971,stop,1,2026-04-26 08:25:00,failed,0.0
A00006972,P006972,message,1,2026-02-24 13:19:00,success,11678.84
A00006973,P006973,message,1,2026-04-18 19:00:00,success,6823.11
A00006974,P006974,payment_link,1,2026-01-01 01:04:00,failed,0.0
A00006975,P006975,message,1,2026-05-11 14:08:00,success,2148.07
A00006976,P006976,payment_link,1,2026-03-27 16:05:00,failed,0.0
A00006977,P006977,escalate,1,2026-06-06 09:07:00,failed,0.0
A00006978,P006978,escalate,1,2026-05-07 03:53:00,failed,0.0
A00006979,P006979,message,1,2026-01-12 04:24:00,success,3452.31
A00006980,P006980,stop,1,2026-04-21 16:04:00,failed,0.0
A00006981,P006981,payment_link,1,2026-06-01 00:30:00,success,1295.94
A00006982,P006982,payment_link,1,2026-01-12 09:58:00,success,52473.98
A00006983,P006983,message,1,2026-06-14 22:26:00,success,5519.87
A00006984,P006984,escalate,1,2026-03-07 03:38:00,failed,0.0
A00006985,P006985,stop,1,2026-02-06 20:23:00,failed,0.0
A00006986,P006986,stop,1,2026-02-28 05:51:00,failed,0.0
A00006987,P006987,retry,1,2026-03-05 22:12:00,success,5236.33
A00006988,P006988,message,1,2026-03-04 15:15:00,success,1889.47
A00006989,P006989,stop,1,2026-04-30 09:24:00,failed,0.0
A00006990,P006990,payment_link,1,2026-02-27 08:29:00,success,2117.24
A00006991,P006991,payment_link,1,2026-02-13 07:59:00,success,1885.38
A00006992,P006992,stop,1,2026-01-10 12:32:00,success,3906.52
A00006993,P006993,message,1,2026-02-06 20:54:00,success,3169.2
A00006994,P006994,stop,1,2026-06-03 09:58:00,success,5959.75
A00006995,P006995,retry,1,2026-01-30 00:13:00,failed,0.0
A00006996,P006996,stop,1,2026-04-14 06:30:00,failed,0.0
A00006997,P006997,escalate,1,2026-04-09 10:07:00,success,12982.54
A00006998,P006998,message,1,2026-03-10 03:26:00,failed,0.0
A00006999,P006999,stop,1,2026-06-21 12:30:00,failed,0.0
A00007000,P007000,payment_link,1,2026-04-05 10:58:00,failed,0.0
A00007001,P007001,stop,1,2026-03-29 06:37:00,failed,0.0
A00007002,P007002,payment_link,1,2026-05-31 17:54:00,success,1698.09
A00007003,P007003,payment_link,1,2026-02-02 10:28:00,success,14182.96
A00007004,P007004,escalate,1,2026-02-05 04:48:00,success,1358.81
A00007005,P007005,message,1,2026-06-13 18:58:00,success,7015.96
A00007006,P007006,escalate,1,2026-03-06 20:10:00,success,663.33
A00007007,P007007,payment_link,1,2026-06-12 11:00:00,success,1015.43
A00007008,P007008,stop,1,2026-02-15 00:32:00,failed,0.0
A00007009,P007009,escalate,1,2026-02-09 05:08:00,success,1942.42
A00007010,P007010,payment_link,1,2026-02-06 01:33:00,success,1157.19
A00007011,P007011,escalate,1,2026-03-04 01:36:00,failed,0.0
A00007012,P007012,message,1,2026-03-11 23:09:00,success,2278.25
A00007013,P007013,message,1,2026-04-04 06:02:00,success,3344.14
A00007014,P007014,message,1,2026-03-15 02:31:00,success,1737.3
A00007015,P007015,message,1,2026-03-18 22:41:00,success,10937.05
A00007016,P007016,payment_link,1,2026-04-29 18:04:00,failed,0.0
A00007017,P007017,retry,1,2026-04-15 21:14:00,failed,0.0
A00007018,P007018,escalate,1,2026-03-31 19:58:00,success,3050.56
A00007019,P007019,stop,1,2026-04-02 12:04:00,failed,0.0
A00007020,P007020,payment_link,1,2026-04-01 11:04:00,failed,0.0
A00007021,P007021,escalate,1,2026-05-12 15:01:00,failed,0.0
A00007022,P007022,escalate,1,2026-06-22 22:33:00,success,1361.52
A00007023,P007023,escalate,1,2026-03-05 00:59:00,failed,0.0
A00007024,P007024,payment_link,1,2026-01-19 17:34:00,failed,0.0
A00007025,P007025,escalate,1,2026-02-09 18:13:00,failed,0.0
A00007026,P007026,payment_link,1,2026-06-03 21:39:00,failed,0.0
A00007027,P007027,message,1,2026-01-12 13:41:00,failed,0.0
A00007028,P007028,message,1,2026-05-29 04:22:00,failed,0.0
A00007029,P007029,payment_link,1,2026-06-03 09:10:00,success,2337.06
A00007030,P007030,payment_link,1,2026-05-26 23:50:00,success,8026.29
A00007031,P007031,message,1,2026-05-28 21:06:00,failed,0.0
A00007032,P007032,escalate,1,2026-01-31 17:59:00,success,4942.5
A00007033,P007033,payment_link,1,2026-05-06 23:46:00,failed,0.0
A00007034,P007034,retry,1,2026-03-02 05:41:00,failed,0.0
A00007035,P007035,stop,1,2026-06-19 18:06:00,failed,0.0
A00007036,P007036,escalate,1,2026-02-24 04:40:00,success,2504.91
A00007037,P007037,retry,1,2026-01-31 21:33:00,failed,0.0
A00007038,P007038,payment_link,1,2026-05-19 05:20:00,failed,0.0
A00007039,P007039,stop,1,2026-05-06 14:19:00,failed,0.0
A00007040,P007040,retry,1,2026-02-15 04:04:00,failed,0.0
A00007041,P007041,stop,1,2026-01-22 06:03:00,failed,0.0
A00007042,P007042,message,1,2026-03-12 09:03:00,failed,0.0
A00007043,P007043,stop,1,2026-04-06 17:23:00,failed,0.0
A00007044,P007044,retry,1,2026-03-03 14:56:00,failed,0.0
A00007045,P007045,payment_link,1,2026-03-26 01:18:00,success,1932.99
A00007046,P007046,message,1,2026-01-19 10:44:00,failed,0.0
A00007047,P007047,escalate,1,2026-05-17 09:42:00,success,3847.81
A00007048,P007048,escalate,1,2026-05-05 01:36:00,failed,0.0
A00007049,P007049,escalate,1,2026-06-22 03:10:00,failed,0.0
A00007050,P007050,retry,1,2026-01-24 00:33:00,success,3957.21
A00007051,P007051,escalate,1,2026-01-09 18:33:00,success,3836.46
A00007052,P007052,stop,1,2026-06-24 11:18:00,success,3575.54
A00007053,P007053,escalate,1,2026-01-13 11:46:00,success,4048.66
A00007054,P007054,message,1,2026-03-29 02:11:00,failed,0.0
A00007055,P007055,stop,1,2026-01-11 13:49:00,failed,0.0
A00007056,P007056,stop,1,2026-06-19 11:31:00,failed,0.0
A00007057,P007057,escalate,1,2026-01-28 01:44:00,success,55178.98
A00007058,P007058,payment_link,1,2026-04-08 04:42:00,success,2201.59
A00007059,P007059,retry,1,2026-01-01 07:06:00,failed,0.0
A00007060,P007060,stop,1,2026-06-24 17:36:00,failed,0.0
A00007061,P007061,escalate,1,2026-02-26 21:48:00,failed,0.0
A00007062,P007062,message,1,2026-01-23 11:03:00,success,2116.77
A00007063,P007063,message,1,2026-03-25 23:53:00,failed,0.0
A00007064,P007064,escalate,1,2026-06-11 21:38:00,failed,0.0
A00007065,P007065,payment_link,1,2026-06-11 23:45:00,failed,0.0
A00007066,P007066,stop,1,2026-02-05 20:21:00,failed,0.0
A00007067,P007067,escalate,1,2026-02-13 02:13:00,success,829.11
A00007068,P007068,retry,1,2026-03-21 05:46:00,failed,0.0
A00007069,P007069,retry,1,2026-02-02 15:12:00,failed,0.0
A00007070,P007070,escalate,1,2026-02-08 06:18:00,success,4587.44
A00007071,P007071,message,1,2026-03-24 14:43:00,failed,0.0
A00007072,P007072,retry,1,2026-05-31 04:30:00,failed,0.0
A00007073,P007073,retry,1,2026-04-19 15:13:00,success,1681.35
A00007074,P007074,escalate,1,2026-02-03 03:59:00,success,4091.63
A00007075,P007075,escalate,1,2026-04-27 21:27:00,failed,0.0
A00007076,P007076,escalate,1,2026-02-21 22:40:00,failed,0.0
A00007077,P007077,stop,1,2026-04-05 20:18:00,failed,0.0
A00007078,P007078,stop,1,2026-02-10 15:45:00,failed,0.0
A00007079,P007079,retry,1,2026-01-05 04:28:00,success,3950.1
A00007080,P007080,escalate,1,2026-05-12 18:12:00,success,3927.34
A00007081,P007081,payment_link,1,2026-02-25 19:11:00,success,7836.46
A00007082,P007082,stop,1,2026-05-06 15:38:00,failed,0.0
A00007083,P007083,message,1,2026-04-30 03:50:00,failed,0.0
A00007084,P007084,stop,1,2026-06-24 11:02:00,failed,0.0
A00007085,P007085,payment_link,1,2026-03-20 18:36:00,success,1396.16
A00007086,P007086,escalate,1,2026-03-08 17:26:00,success,4479.65
A00007087,P007087,retry,1,2026-05-25 04:25:00,failed,0.0
A00007088,P007088,message,1,2026-02-07 17:49:00,failed,0.0
A00007089,P007089,escalate,1,2026-02-25 22:13:00,failed,0.0
A00007090,P007090,stop,1,2026-01-07 13:31:00,failed,0.0
A00007091,P007091,payment_link,1,2026-02-05 00:03:00,success,995.02
A00007092,P007092,payment_link,1,2026-02-03 03:54:00,failed,0.0
A00007093,P007093,escalate,1,2026-01-29 08:07:00,failed,0.0
A00007094,P007094,payment_link,1,2026-04-28 06:31:00,success,2284.91
A00007095,P007095,stop,1,2026-03-31 06:01:00,failed,0.0
A00007096,P007096,payment_link,1,2026-05-24 00:41:00,success,3053.39
A00007097,P007097,payment_link,1,2026-06-09 08:23:00,failed,0.0
A00007098,P007098,escalate,1,2026-05-19 10:03:00,failed,0.0
A00007099,P007099,retry,1,2026-01-31 02:47:00,failed,0.0
A00007100,P007100,retry,1,2026-02-18 18:25:00,success,5315.72
A00007101,P007101,stop,1,2026-06-02 09:53:00,failed,0.0
A00007102,P007102,escalate,1,2026-02-11 21:20:00,failed,0.0
A00007103,P007103,retry,1,2026-03-05 19:46:00,failed,0.0
A00007104,P007104,payment_link,1,2026-04-16 08:46:00,success,2032.5
A00007105,P007105,retry,1,2026-05-07 03:25:00,failed,0.0
A00007106,P007106,payment_link,1,2026-06-13 22:09:00,failed,0.0
A00007107,P007107,payment_link,1,2026-05-03 03:42:00,failed,0.0
A00007108,P007108,payment_link,1,2026-04-18 02:56:00,success,4234.75
A00007109,P007109,payment_link,1,2026-06-09 09:36:00,failed,0.0
A00007110,P007110,stop,1,2026-02-24 03:49:00,failed,0.0
A00007111,P007111,escalate,1,2026-06-08 11:49:00,failed,0.0
A00007112,P007112,stop,1,2026-01-05 20:38:00,failed,0.0
A00007113,P007113,message,1,2026-04-28 05:56:00,failed,0.0
A00007114,P007114,message,1,2026-06-05 22:32:00,failed,0.0
A00007115,P007115,stop,1,2026-06-01 15:40:00,failed,0.0
A00007116,P007116,message,1,2026-01-22 03:53:00,success,1974.13
A00007117,P007117,payment_link,1,2026-03-30 03:08:00,success,2206.44
A00007118,P007118,payment_link,1,2026-03-30 15:19:00,success,1235.4
A00007119,P007119,message,1,2026-06-08 21:10:00,success,495.71
A00007120,P007120,stop,1,2026-05-08 00:57:00,failed,0.0
A00007121,P007121,stop,1,2026-01-21 12:26:00,failed,0.0
A00007122,P007122,payment_link,1,2026-04-15 12:21:00,success,5719.16
A00007123,P007123,retry,1,2026-06-24 04:55:00,failed,0.0
A00007124,P007124,message,1,2026-02-05 12:16:00,failed,0.0
A00007125,P007125,message,1,2026-02-19 17:51:00,success,2134.26
A00007126,P007126,retry,1,2026-05-12 02:34:00,failed,0.0
A00007127,P007127,stop,1,2026-04-14 02:30:00,failed,0.0
A00007128,P007128,retry,1,2026-03-17 08:02:00,success,2053.76
A00007129,P007129,stop,1,2026-05-13 07:13:00,failed,0.0
A00007130,P007130,escalate,1,2026-04-14 17:21:00,failed,0.0
A00007131,P007131,stop,1,2026-02-02 08:11:00,failed,0.0
A00007132,P007132,stop,1,2026-06-27 15:57:00,failed,0.0
A00007133,P007133,payment_link,1,2026-03-17 22:40:00,success,5207.36
A00007134,P007134,message,1,2026-02-16 09:30:00,success,5263.66
A00007135,P007135,stop,1,2026-04-12 05:24:00,failed,0.0
A00007136,P007136,payment_link,1,2026-05-16 21:44:00,success,5279.1
A00007137,P007137,retry,1,2026-06-02 17:51:00,failed,0.0
A00007138,P007138,stop,1,2026-03-22 00:17:00,failed,0.0
A00007139,P007139,retry,1,2026-05-25 23:21:00,failed,0.0
A00007140,P007140,message,1,2026-03-20 03:54:00,success,6865.14
A00007141,P007141,escalate,1,2026-02-27 08:38:00,failed,0.0
A00007142,P007142,payment_link,1,2026-06-22 10:14:00,failed,0.0
A00007143,P007143,escalate,1,2026-02-18 05:35:00,success,1754.21
A00007144,P007144,retry,1,2026-04-12 13:19:00,success,2339.85
A00007145,P007145,stop,1,2026-04-30 04:44:00,failed,0.0
A00007146,P007146,retry,1,2026-06-15 20:54:00,failed,0.0
A00007147,P007147,payment_link,1,2026-03-01 20:20:00,success,740.35
A00007148,P007148,message,1,2026-05-01 23:08:00,success,2518.04
A00007149,P007149,retry,1,2026-01-25 04:19:00,success,3815.31
A00007150,P007150,payment_link,1,2026-05-07 16:38:00,success,1854.7
A00007151,P007151,payment_link,1,2026-01-17 21:06:00,failed,0.0
A00007152,P007152,payment_link,1,2026-03-15 12:29:00,failed,0.0
A00007153,P007153,escalate,1,2026-06-19 07:13:00,success,2701.59
A00007154,P007154,payment_link,1,2026-05-25 06:46:00,failed,0.0
A00007155,P007155,retry,1,2026-03-18 03:49:00,success,8111.72
A00007156,P007156,escalate,1,2026-02-10 01:55:00,failed,0.0
A00007157,P007157,message,1,2026-01-07 01:26:00,success,6214.12
A00007158,P007158,escalate,1,2026-03-12 13:21:00,failed,0.0
A00007159,P007159,stop,1,2026-04-07 13:36:00,failed,0.0
A00007160,P007160,payment_link,1,2026-03-02 15:16:00,failed,0.0
A00007161,P007161,payment_link,1,2026-06-11 10:44:00,failed,0.0
A00007162,P007162,retry,1,2026-06-13 05:23:00,success,870.21
A00007163,P007163,escalate,1,2026-01-01 21:06:00,success,9573.29
A00007164,P007164,stop,1,2026-03-28 20:20:00,failed,0.0
A00007165,P007165,retry,1,2026-05-08 04:09:00,success,3750.97
A00007166,P007166,stop,1,2026-05-21 02:16:00,failed,0.0
A00007167,P007167,message,1,2026-04-14 14:55:00,failed,0.0
A00007168,P007168,message,1,2026-04-19 03:16:00,failed,0.0
A00007169,P007169,escalate,1,2026-04-27 21:03:00,failed,0.0
A00007170,P007170,retry,1,2026-01-24 14:44:00,success,18434.51
A00007171,P007171,retry,1,2026-06-29 10:16:00,failed,0.0
A00007172,P007172,retry,1,2026-04-13 20:01:00,failed,0.0
A00007173,P007173,stop,1,2026-06-22 07:16:00,failed,0.0
A00007174,P007174,retry,1,2026-03-30 12:04:00,failed,0.0
A00007175,P007175,message,1,2026-02-14 16:01:00,failed,0.0
A00007176,P007176,message,1,2026-05-27 17:30:00,success,1639.29
A00007177,P007177,message,1,2026-05-18 04:01:00,success,3728.06
A00007178,P007178,retry,1,2026-06-14 00:49:00,success,2028.7
A00007179,P007179,escalate,1,2026-03-24 22:48:00,failed,0.0
A00007180,P007180,retry,1,2026-04-20 21:57:00,success,1074.53
A00007181,P007181,payment_link,1,2026-03-18 03:12:00,failed,0.0
A00007182,P007182,retry,1,2026-04-01 09:59:00,success,12379.49
A00007183,P007183,message,1,2026-02-01 20:51:00,failed,0.0
A00007184,P007184,retry,1,2026-03-14 03:54:00,success,2124.36
A00007185,P007185,stop,1,2026-06-14 11:15:00,failed,0.0
A00007186,P007186,retry,1,2026-05-22 03:09:00,failed,0.0
A00007187,P007187,escalate,1,2026-03-03 07:08:00,success,3033.07
A00007188,P007188,stop,1,2026-06-15 14:08:00,failed,0.0
A00007189,P007189,stop,1,2026-01-28 19:29:00,failed,0.0
A00007190,P007190,escalate,1,2026-03-11 14:19:00,failed,0.0
A00007191,P007191,escalate,1,2026-06-28 04:07:00,success,7335.9
A00007192,P007192,retry,1,2026-05-05 04:24:00,success,2703.29
A00007193,P007193,retry,1,2026-06-07 07:05:00,success,3877.27
A00007194,P007194,stop,1,2026-03-13 10:08:00,failed,0.0
A00007195,P007195,payment_link,1,2026-04-25 05:27:00,failed,0.0
A00007196,P007196,message,1,2026-05-03 09:11:00,failed,0.0
A00007197,P007197,stop,1,2026-05-14 18:14:00,failed,0.0
A00007198,P007198,payment_link,1,2026-06-09 03:06:00,success,5076.85
A00007199,P007199,retry,1,2026-05-30 09:02:00,failed,0.0
A00007200,P007200,retry,1,2026-03-21 22:56:00,failed,0.0
A00007201,P007201,message,1,2026-05-31 16:33:00,failed,0.0
A00007202,P007202,escalate,1,2026-01-20 15:47:00,success,7143.5
A00007203,P007203,message,1,2026-04-08 22:39:00,success,6271.81
A00007204,P007204,stop,1,2026-05-06 12:38:00,success,2702.34
A00007205,P007205,payment_link,1,2026-06-19 02:35:00,failed,0.0
A00007206,P007206,stop,1,2026-03-29 20:57:00,failed,0.0
A00007207,P007207,payment_link,1,2026-03-02 07:48:00,failed,0.0
A00007208,P007208,retry,1,2026-02-25 04:38:00,success,4472.64
A00007209,P007209,payment_link,1,2026-05-14 03:02:00,failed,0.0
A00007210,P007210,message,1,2026-05-26 07:38:00,failed,0.0
A00007211,P007211,message,1,2026-04-27 04:45:00,success,9411.85
A00007212,P007212,escalate,1,2026-06-04 13:27:00,failed,0.0
A00007213,P007213,stop,1,2026-01-31 12:50:00,failed,0.0
A00007214,P007214,message,1,2026-05-31 13:52:00,success,2082.41
A00007215,P007215,retry,1,2026-02-25 00:40:00,failed,0.0
A00007216,P007216,message,1,2026-01-17 12:44:00,failed,0.0
A00007217,P007217,stop,1,2026-02-19 02:56:00,failed,0.0
A00007218,P007218,payment_link,1,2026-02-19 00:46:00,failed,0.0
A00007219,P007219,payment_link,1,2026-06-27 02:47:00,success,4917.45
A00007220,P007220,payment_link,1,2026-05-15 20:34:00,failed,0.0
A00007221,P007221,escalate,1,2026-01-31 19:36:00,success,22445.76
A00007222,P007222,payment_link,1,2026-03-12 07:22:00,failed,0.0
A00007223,P007223,payment_link,1,2026-03-30 08:14:00,failed,0.0
A00007224,P007224,message,1,2026-06-05 08:56:00,success,8267.45
A00007225,P007225,escalate,1,2026-05-07 21:58:00,failed,0.0
A00007226,P007226,escalate,1,2026-02-22 17:19:00,success,16856.12
A00007227,P007227,escalate,1,2026-06-14 21:00:00,failed,0.0
A00007228,P007228,stop,1,2026-06-29 13:02:00,failed,0.0
A00007229,P007229,escalate,1,2026-05-22 18:19:00,failed,0.0
A00007230,P007230,message,1,2026-05-06 23:24:00,failed,0.0
A00007231,P007231,retry,1,2026-02-21 00:46:00,success,26331.55
A00007232,P007232,payment_link,1,2026-02-25 07:54:00,failed,0.0
A00007233,P007233,escalate,1,2026-05-25 12:29:00,failed,0.0
A00007234,P007234,retry,1,2026-01-02 16:27:00,success,3031.71
A00007235,P007235,retry,1,2026-06-15 08:22:00,failed,0.0
A00007236,P007236,payment_link,1,2026-03-05 18:35:00,success,2424.64
A00007237,P007237,escalate,1,2026-03-06 10:34:00,failed,0.0
A00007238,P007238,message,1,2026-02-01 20:18:00,success,25355.72
A00007239,P007239,stop,1,2026-03-19 15:50:00,failed,0.0
A00007240,P007240,retry,1,2026-05-30 10:33:00,success,1309.38
A00007241,P007241,payment_link,1,2026-02-07 12:21:00,success,5288.95
A00007242,P007242,message,1,2026-06-01 22:12:00,failed,0.0
A00007243,P007243,payment_link,1,2026-03-29 20:38:00,failed,0.0
A00007244,P007244,payment_link,1,2026-05-28 21:15:00,failed,0.0
A00007245,P007245,escalate,1,2026-04-30 08:22:00,failed,0.0
A00007246,P007246,stop,1,2026-02-23 11:55:00,failed,0.0
A00007247,P007247,retry,1,2026-03-04 05:43:00,failed,0.0
A00007248,P007248,escalate,1,2026-03-13 00:47:00,success,1856.07
A00007249,P007249,message,1,2026-06-21 08:13:00,failed,0.0
A00007250,P007250,payment_link,1,2026-06-25 04:00:00,failed,0.0
A00007251,P007251,payment_link,1,2026-05-20 23:19:00,failed,0.0
A00007252,P007252,message,1,2026-01-24 19:28:00,failed,0.0
A00007253,P007253,message,1,2026-04-04 20:03:00,failed,0.0
A00007254,P007254,retry,1,2026-03-14 20:52:00,failed,0.0
A00007255,P007255,retry,1,2026-05-25 04:26:00,failed,0.0
A00007256,P007256,message,1,2026-06-15 06:57:00,success,442.31
A00007257,P007257,payment_link,1,2026-02-15 11:25:00,success,3628.47
A00007258,P007258,stop,1,2026-06-23 22:15:00,failed,0.0
A00007259,P007259,message,1,2026-03-25 20:47:00,success,11483.77
A00007260,P007260,payment_link,1,2026-01-07 06:10:00,failed,0.0
A00007261,P007261,message,1,2026-06-18 18:54:00,failed,0.0
A00007262,P007262,retry,1,2026-06-09 09:15:00,failed,0.0
A00007263,P007263,stop,1,2026-04-23 23:23:00,failed,0.0
A00007264,P007264,payment_link,1,2026-02-06 12:16:00,success,4804.64
A00007265,P007265,stop,1,2026-02-21 22:23:00,failed,0.0
A00007266,P007266,escalate,1,2026-04-13 00:14:00,failed,0.0
A00007267,P007267,message,1,2026-01-14 05:41:00,failed,0.0
A00007268,P007268,escalate,1,2026-06-22 23:16:00,success,16467.19
A00007269,P007269,message,1,2026-04-11 08:19:00,failed,0.0
A00007270,P007270,payment_link,1,2026-05-11 00:36:00,success,1543.75
A00007271,P007271,payment_link,1,2026-02-25 13:12:00,success,2394.03
A00007272,P007272,payment_link,1,2026-06-06 11:02:00,failed,0.0
A00007273,P007273,message,1,2026-03-22 19:21:00,failed,0.0
A00007274,P007274,retry,1,2026-02-21 14:10:00,success,2390.61
A00007275,P007275,message,1,2026-01-24 22:49:00,failed,0.0
A00007276,P007276,escalate,1,2026-03-21 17:10:00,failed,0.0
A00007277,P007277,payment_link,1,2026-03-01 16:10:00,success,2339.07
A00007278,P007278,escalate,1,2026-04-09 02:33:00,failed,0.0
A00007279,P007279,payment_link,1,2026-01-20 00:59:00,failed,0.0
A00007280,P007280,retry,1,2026-02-06 15:00:00,success,3504.49
A00007281,P007281,escalate,1,2026-03-14 05:53:00,failed,0.0
A00007282,P007282,escalate,1,2026-06-03 03:53:00,success,7564.14
A00007283,P007283,escalate,1,2026-05-19 15:01:00,failed,0.0
A00007284,P007284,message,1,2026-02-10 15:57:00,failed,0.0
A00007285,P007285,retry,1,2026-05-23 22:14:00,success,1023.83
A00007286,P007286,retry,1,2026-01-14 13:24:00,failed,0.0
A00007287,P007287,payment_link,1,2026-03-11 12:29:00,success,849.45
A00007288,P007288,escalate,1,2026-03-01 10:55:00,success,720.19
A00007289,P007289,stop,1,2026-05-18 23:08:00,failed,0.0
A00007290,P007290,stop,1,2026-01-06 01:32:00,failed,0.0
A00007291,P007291,stop,1,2026-06-29 10:37:00,failed,0.0
A00007292,P007292,stop,1,2026-06-18 20:35:00,failed,0.0
A00007293,P007293,escalate,1,2026-03-31 20:20:00,failed,0.0
A00007294,P007294,escalate,1,2026-04-21 16:36:00,failed,0.0
A00007295,P007295,stop,1,2026-01-26 23:50:00,failed,0.0
A00007296,P007296,payment_link,1,2026-06-16 12:56:00,failed,0.0
A00007297,P007297,escalate,1,2026-01-07 16:09:00,failed,0.0
A00007298,P007298,escalate,1,2026-03-26 11:13:00,success,23533.69
A00007299,P007299,escalate,1,2026-02-15 17:57:00,failed,0.0
A00007300,P007300,retry,1,2026-03-08 00:17:00,failed,0.0
A00007301,P007301,retry,1,2026-06-01 12:00:00,failed,0.0
A00007302,P007302,stop,1,2026-05-26 14:23:00,failed,0.0
A00007303,P007303,message,1,2026-01-18 23:22:00,success,1974.13
A00007304,P007304,message,1,2026-02-06 08:51:00,failed,0.0
A00007305,P007305,payment_link,1,2026-04-06 18:18:00,success,35348.9
A00007306,P007306,payment_link,1,2026-06-21 15:43:00,success,13381.06
A00007307,P007307,stop,1,2026-04-25 18:16:00,failed,0.0
A00007308,P007308,stop,1,2026-06-15 17:34:00,failed,0.0
A00007309,P007309,payment_link,1,2026-05-01 02:12:00,failed,0.0
A00007310,P007310,message,1,2026-01-13 07:31:00,success,1185.82
A00007311,P007311,payment_link,1,2026-02-03 16:46:00,failed,0.0
A00007312,P007312,payment_link,1,2026-04-01 13:02:00,failed,0.0
A00007313,P007313,message,1,2026-03-31 07:13:00,failed,0.0
A00007314,P007314,stop,1,2026-05-12 05:03:00,failed,0.0
A00007315,P007315,message,1,2026-05-29 07:02:00,failed,0.0
A00007316,P007316,stop,1,2026-01-11 05:03:00,failed,0.0
A00007317,P007317,retry,1,2026-01-02 12:17:00,failed,0.0
A00007318,P007318,message,1,2026-04-20 07:26:00,success,11370.16
A00007319,P007319,payment_link,1,2026-04-24 01:48:00,failed,0.0
A00007320,P007320,payment_link,1,2026-01-13 09:58:00,success,3118.63
A00007321,P007321,message,1,2026-06-04 03:23:00,failed,0.0
A00007322,P007322,stop,1,2026-04-02 13:10:00,failed,0.0
A00007323,P007323,escalate,1,2026-05-28 11:05:00,failed,0.0
A00007324,P007324,escalate,1,2026-03-19 05:51:00,failed,0.0
A00007325,P007325,escalate,1,2026-06-23 10:29:00,failed,0.0
A00007326,P007326,escalate,1,2026-05-05 02:00:00,failed,0.0
A00007327,P007327,retry,1,2026-03-04 14:30:00,failed,0.0
A00007328,P007328,escalate,1,2026-04-17 12:07:00,success,1630.72
A00007329,P007329,escalate,1,2026-03-20 20:21:00,success,11260.31
A00007330,P007330,message,1,2026-04-17 15:28:00,success,2770.22
A00007331,P007331,stop,1,2026-01-05 10:03:00,failed,0.0
A00007332,P007332,retry,1,2026-04-23 05:59:00,failed,0.0
A00007333,P007333,message,1,2026-03-24 14:35:00,failed,0.0
A00007334,P007334,stop,1,2026-03-05 04:52:00,failed,0.0
A00007335,P007335,stop,1,2026-05-03 16:26:00,failed,0.0
A00007336,P007336,escalate,1,2026-05-02 15:34:00,success,7045.56
A00007337,P007337,escalate,1,2026-06-18 04:21:00,success,2923.06
A00007338,P007338,retry,1,2026-01-03 20:52:00,success,1900.32
A00007339,P007339,stop,1,2026-06-14 13:24:00,failed,0.0
A00007340,P007340,escalate,1,2026-06-15 08:51:00,failed,0.0
A00007341,P007341,payment_link,1,2026-01-20 03:25:00,failed,0.0
A00007342,P007342,escalate,1,2026-02-06 22:12:00,failed,0.0
A00007343,P007343,message,1,2026-02-08 03:03:00,failed,0.0
A00007344,P007344,message,1,2026-04-04 02:05:00,failed,0.0
A00007345,P007345,payment_link,1,2026-01-17 22:23:00,failed,0.0
A00007346,P007346,retry,1,2026-04-30 19:17:00,failed,0.0
A00007347,P007347,escalate,1,2026-02-20 08:40:00,failed,0.0
A00007348,P007348,payment_link,1,2026-03-18 18:12:00,failed,0.0
A00007349,P007349,retry,1,2026-01-12 01:16:00,success,1481.0
A00007350,P007350,retry,1,2026-03-09 04:29:00,failed,0.0
A00007351,P007351,payment_link,1,2026-06-29 16:42:00,success,1455.73
A00007352,P007352,stop,1,2026-01-07 08:02:00,failed,0.0
A00007353,P007353,retry,1,2026-06-14 08:09:00,failed,0.0
A00007354,P007354,stop,1,2026-02-08 18:10:00,success,5892.81
A00007355,P007355,escalate,1,2026-04-14 21:53:00,failed,0.0
A00007356,P007356,retry,1,2026-05-16 21:14:00,success,50774.38
A00007357,P007357,retry,1,2026-03-06 21:53:00,failed,0.0
A00007358,P007358,retry,1,2026-01-28 17:43:00,failed,0.0
A00007359,P007359,retry,1,2026-04-03 03:06:00,failed,0.0
A00007360,P007360,retry,1,2026-06-20 08:28:00,failed,0.0
A00007361,P007361,escalate,1,2026-05-07 11:57:00,success,1501.67
A00007362,P007362,retry,1,2026-03-01 10:04:00,failed,0.0
A00007363,P007363,retry,1,2026-02-17 22:26:00,failed,0.0
A00007364,P007364,payment_link,1,2026-06-12 09:36:00,success,1666.43
A00007365,P007365,escalate,1,2026-05-08 20:58:00,failed,0.0
A00007366,P007366,escalate,1,2026-06-14 05:45:00,success,20320.5
A00007367,P007367,stop,1,2026-06-20 01:51:00,failed,0.0
A00007368,P007368,stop,1,2026-01-08 15:43:00,failed,0.0
A00007369,P007369,escalate,1,2026-03-13 16:43:00,success,6918.71
A00007370,P007370,retry,1,2026-06-22 17:43:00,success,2063.16
A00007371,P007371,retry,1,2026-06-21 17:23:00,success,2443.09
A00007372,P007372,retry,1,2026-04-09 19:27:00,success,6626.13
A00007373,P007373,escalate,1,2026-01-11 10:16:00,failed,0.0
A00007374,P007374,payment_link,1,2026-04-01 22:19:00,failed,0.0
A00007375,P007375,message,1,2026-06-18 01:30:00,success,3248.91
A00007376,P007376,escalate,1,2026-02-23 20:36:00,success,15085.42
A00007377,P007377,escalate,1,2026-01-28 19:48:00,success,1297.24
A00007378,P007378,message,1,2026-01-07 17:14:00,failed,0.0
A00007379,P007379,payment_link,1,2026-02-07 17:37:00,failed,0.0
A00007380,P007380,payment_link,1,2026-06-16 04:50:00,success,5631.09
A00007381,P007381,stop,1,2026-03-08 07:22:00,failed,0.0
A00007382,P007382,escalate,1,2026-06-29 11:36:00,failed,0.0
A00007383,P007383,escalate,1,2026-06-19 20:57:00,failed,0.0
A00007384,P007384,stop,1,2026-05-11 02:14:00,failed,0.0
A00007385,P007385,stop,1,2026-03-21 10:31:00,failed,0.0
A00007386,P007386,message,1,2026-04-14 23:53:00,failed,0.0
A00007387,P007387,message,1,2026-04-11 00:30:00,failed,0.0
A00007388,P007388,retry,1,2026-02-17 21:27:00,success,2421.42
A00007389,P007389,stop,1,2026-05-11 02:50:00,failed,0.0
A00007390,P007390,retry,1,2026-02-19 17:43:00,success,4109.69
A00007391,P007391,payment_link,1,2026-05-28 13:24:00,failed,0.0
A00007392,P007392,stop,1,2026-02-09 04:40:00,failed,0.0
A00007393,P007393,message,1,2026-03-09 06:32:00,failed,0.0
A00007394,P007394,message,1,2026-04-28 14:02:00,failed,0.0
A00007395,P007395,stop,1,2026-05-23 00:36:00,failed,0.0
A00007396,P007396,escalate,1,2026-03-18 09:54:00,failed,0.0
A00007397,P007397,payment_link,1,2026-04-28 22:16:00,success,752.54
A00007398,P007398,escalate,1,2026-03-25 06:35:00,failed,0.0
A00007399,P007399,stop,1,2026-04-04 02:50:00,failed,0.0
A00007400,P007400,escalate,1,2026-03-16 13:47:00,success,7533.01
A00007401,P007401,message,1,2026-02-10 22:16:00,failed,0.0
A00007402,P007402,escalate,1,2026-02-02 21:23:00,success,36037.5
A00007403,P007403,stop,1,2026-05-09 21:08:00,failed,0.0
A00007404,P007404,stop,1,2026-01-22 18:05:00,failed,0.0
A00007405,P007405,payment_link,1,2026-05-22 07:02:00,failed,0.0
A00007406,P007406,message,1,2026-03-28 09:28:00,success,24765.66
A00007407,P007407,payment_link,1,2026-01-01 17:37:00,failed,0.0
A00007408,P007408,retry,1,2026-01-31 13:50:00,success,2715.57
A00007409,P007409,payment_link,1,2026-06-04 16:48:00,success,3053.85
A00007410,P007410,retry,1,2026-02-28 20:27:00,failed,0.0
A00007411,P007411,payment_link,1,2026-05-14 10:18:00,failed,0.0
A00007412,P007412,escalate,1,2026-04-15 02:23:00,failed,0.0
A00007413,P007413,payment_link,1,2026-06-15 16:21:00,failed,0.0
A00007414,P007414,payment_link,1,2026-06-01 11:28:00,failed,0.0
A00007415,P007415,stop,1,2026-03-29 16:37:00,failed,0.0
A00007416,P007416,stop,1,2026-06-15 17:58:00,failed,0.0
A00007417,P007417,stop,1,2026-04-08 06:52:00,failed,0.0
A00007418,P007418,escalate,1,2026-04-22 03:21:00,failed,0.0
A00007419,P007419,escalate,1,2026-06-14 21:29:00,failed,0.0
A00007420,P007420,retry,1,2026-05-25 20:38:00,success,7309.04
A00007421,P007421,stop,1,2026-02-03 15:09:00,failed,0.0
A00007422,P007422,message,1,2026-06-06 07:07:00,success,1863.95
A00007423,P007423,stop,1,2026-05-06 10:43:00,failed,0.0
A00007424,P007424,escalate,1,2026-03-04 01:22:00,success,581.72
A00007425,P007425,message,1,2026-03-12 02:57:00,failed,0.0
A00007426,P007426,message,1,2026-03-15 12:44:00,success,8312.12
A00007427,P007427,payment_link,1,2026-05-12 22:51:00,failed,0.0
A00007428,P007428,message,1,2026-02-10 00:37:00,success,3525.36
A00007429,P007429,payment_link,1,2026-03-18 10:10:00,failed,0.0
A00007430,P007430,message,1,2026-05-12 02:22:00,failed,0.0
A00007431,P007431,escalate,1,2026-06-21 22:02:00,success,5864.51
A00007432,P007432,retry,1,2026-04-28 04:02:00,failed,0.0
A00007433,P007433,retry,1,2026-05-10 12:11:00,success,1625.53
A00007434,P007434,payment_link,1,2026-05-30 04:56:00,success,3283.83
A00007435,P007435,payment_link,1,2026-06-19 07:45:00,success,1501.65
A00007436,P007436,stop,1,2026-02-22 14:21:00,failed,0.0
A00007437,P007437,retry,1,2026-05-10 13:22:00,failed,0.0
A00007438,P007438,stop,1,2026-02-27 09:46:00,success,2006.88
A00007439,P007439,stop,1,2026-02-13 07:08:00,failed,0.0
A00007440,P007440,escalate,1,2026-01-08 19:59:00,failed,0.0
A00007441,P007441,message,1,2026-02-08 03:04:00,failed,0.0
A00007442,P007442,message,1,2026-02-20 01:40:00,failed,0.0
A00007443,P007443,escalate,1,2026-01-21 16:08:00,failed,0.0
A00007444,P007444,escalate,1,2026-04-01 06:07:00,failed,0.0
A00007445,P007445,retry,1,2026-06-24 19:29:00,success,2895.79
A00007446,P007446,stop,1,2026-01-02 13:41:00,failed,0.0
A00007447,P007447,escalate,1,2026-01-20 03:59:00,failed,0.0
A00007448,P007448,retry,1,2026-02-05 11:34:00,failed,0.0
A00007449,P007449,payment_link,1,2026-03-23 13:36:00,success,3123.0
A00007450,P007450,message,1,2026-06-22 09:24:00,success,9927.35
A00007451,P007451,retry,1,2026-04-22 20:06:00,failed,0.0
A00007452,P007452,message,1,2026-02-18 19:09:00,success,5573.6
A00007453,P007453,message,1,2026-01-16 05:36:00,failed,0.0
A00007454,P007454,payment_link,1,2026-06-14 14:34:00,success,4182.85
A00007455,P007455,message,1,2026-02-22 17:52:00,failed,0.0
A00007456,P007456,retry,1,2026-06-25 05:40:00,success,4919.2
A00007457,P007457,retry,1,2026-06-03 10:08:00,failed,0.0
A00007458,P007458,retry,1,2026-05-12 11:37:00,failed,0.0
A00007459,P007459,stop,1,2026-04-03 21:52:00,failed,0.0
A00007460,P007460,stop,1,2026-01-23 15:38:00,failed,0.0
A00007461,P007461,message,1,2026-04-09 05:35:00,success,4052.46
A00007462,P007462,escalate,1,2026-06-22 03:15:00,success,17774.93
A00007463,P007463,retry,1,2026-02-11 08:34:00,failed,0.0
A00007464,P007464,escalate,1,2026-01-04 07:15:00,success,3569.3
A00007465,P007465,message,1,2026-06-20 04:16:00,failed,0.0
A00007466,P007466,stop,1,2026-04-18 14:04:00,failed,0.0
A00007467,P007467,stop,1,2026-02-13 18:36:00,success,6281.12
A00007468,P007468,payment_link,1,2026-05-27 23:40:00,failed,0.0
A00007469,P007469,escalate,1,2026-06-28 17:05:00,failed,0.0
A00007470,P007470,escalate,1,2026-06-07 00:28:00,success,3752.33
A00007471,P007471,payment_link,1,2026-02-21 10:21:00,failed,0.0
A00007472,P007472,message,1,2026-03-18 23:29:00,failed,0.0
A00007473,P007473,retry,1,2026-06-25 18:01:00,failed,0.0
A00007474,P007474,retry,1,2026-05-09 19:35:00,failed,0.0
A00007475,P007475,message,1,2026-01-23 07:11:00,failed,0.0
A00007476,P007476,retry,1,2026-01-02 20:31:00,failed,0.0
A00007477,P007477,payment_link,1,2026-05-21 19:09:00,failed,0.0
A00007478,P007478,escalate,1,2026-05-24 00:01:00,failed,0.0
A00007479,P007479,stop,1,2026-02-06 16:58:00,failed,0.0
A00007480,P007480,payment_link,1,2026-04-03 10:37:00,success,5051.27
A00007481,P007481,message,1,2026-02-21 16:15:00,failed,0.0
A00007482,P007482,stop,1,2026-05-17 21:41:00,failed,0.0
A00007483,P007483,payment_link,1,2026-03-03 20:04:00,success,1115.97
A00007484,P007484,retry,1,2026-01-29 14:04:00,success,3622.94
A00007485,P007485,message,1,2026-05-24 03:34:00,failed,0.0
A00007486,P007486,stop,1,2026-04-19 18:00:00,failed,0.0
A00007487,P007487,stop,1,2026-03-10 20:53:00,failed,0.0
A00007488,P007488,message,1,2026-01-10 20:13:00,failed,0.0
A00007489,P007489,stop,1,2026-06-07 09:16:00,failed,0.0
A00007490,P007490,message,1,2026-03-10 12:26:00,failed,0.0
A00007491,P007491,stop,1,2026-04-04 05:34:00,failed,0.0
A00007492,P007492,retry,1,2026-06-06 19:36:00,success,3950.71
A00007493,P007493,payment_link,1,2026-06-07 17:15:00,failed,0.0
A00007494,P007494,stop,1,2026-03-30 14:52:00,failed,0.0
A00007495,P007495,escalate,1,2026-04-13 15:33:00,success,2296.21
A00007496,P007496,stop,1,2026-05-18 13:06:00,failed,0.0
A00007497,P007497,escalate,1,2026-01-15 06:48:00,success,4882.43
A00007498,P007498,message,1,2026-01-01 09:14:00,failed,0.0
A00007499,P007499,stop,1,2026-04-14 20:40:00,failed,0.0
A00007500,P007500,message,1,2026-05-07 08:04:00,success,1235.02
A00007501,P007501,retry,1,2026-06-04 15:27:00,failed,0.0
A00007502,P007502,stop,1,2026-04-03 19:42:00,failed,0.0
A00007503,P007503,retry,1,2026-06-20 22:08:00,failed,0.0
A00007504,P007504,message,1,2026-05-26 22:29:00,failed,0.0
A00007505,P007505,stop,1,2026-03-28 19:28:00,failed,0.0
A00007506,P007506,message,1,2026-06-21 12:02:00,success,2856.08
A00007507,P007507,escalate,1,2026-03-07 03:38:00,success,12545.11
A00007508,P007508,payment_link,1,2026-02-12 09:31:00,success,2368.91
A00007509,P007509,message,1,2026-03-03 09:58:00,success,955.96
A00007510,P007510,retry,1,2026-05-10 17:28:00,failed,0.0
A00007511,P007511,escalate,1,2026-02-08 22:16:00,success,10594.4
A00007512,P007512,payment_link,1,2026-06-09 05:25:00,success,5056.44
A00007513,P007513,escalate,1,2026-04-02 22:57:00,success,995.94
A00007514,P007514,message,1,2026-03-27 14:45:00,failed,0.0
A00007515,P007515,payment_link,1,2026-06-20 01:49:00,failed,0.0
A00007516,P007516,retry,1,2026-06-12 09:35:00,success,825.78
A00007517,P007517,escalate,1,2026-02-09 14:19:00,success,5504.54
A00007518,P007518,retry,1,2026-02-08 07:26:00,success,4829.61
A00007519,P007519,escalate,1,2026-05-29 13:59:00,success,5242.84
A00007520,P007520,stop,1,2026-06-16 02:41:00,failed,0.0
A00007521,P007521,escalate,1,2026-04-26 20:29:00,success,2307.44
A00007522,P007522,retry,1,2026-02-14 06:07:00,success,8288.1
A00007523,P007523,retry,1,2026-06-15 03:14:00,failed,0.0
A00007524,P007524,stop,1,2026-02-13 14:50:00,failed,0.0
A00007525,P007525,stop,1,2026-04-04 12:36:00,failed,0.0
A00007526,P007526,payment_link,1,2026-02-06 17:15:00,failed,0.0
A00007527,P007527,stop,1,2026-05-19 11:22:00,failed,0.0
A00007528,P007528,message,1,2026-06-06 18:13:00,success,7755.41
A00007529,P007529,escalate,1,2026-06-01 06:31:00,failed,0.0
A00007530,P007530,message,1,2026-05-31 02:34:00,failed,0.0
A00007531,P007531,escalate,1,2026-03-27 05:04:00,failed,0.0
A00007532,P007532,payment_link,1,2026-03-12 07:06:00,failed,0.0
A00007533,P007533,retry,1,2026-05-24 06:35:00,failed,0.0
A00007534,P007534,escalate,1,2026-03-01 01:56:00,failed,0.0
A00007535,P007535,message,1,2026-04-23 14:19:00,failed,0.0
A00007536,P007536,message,1,2026-02-10 23:17:00,failed,0.0
A00007537,P007537,escalate,1,2026-05-24 08:33:00,failed,0.0
A00007538,P007538,escalate,1,2026-03-02 18:42:00,failed,0.0
A00007539,P007539,payment_link,1,2026-06-14 03:35:00,failed,0.0
A00007540,P007540,retry,1,2026-04-21 19:39:00,failed,0.0
A00007541,P007541,payment_link,1,2026-01-13 00:43:00,failed,0.0
A00007542,P007542,escalate,1,2026-01-07 12:51:00,success,805.98
A00007543,P007543,payment_link,1,2026-03-23 07:18:00,failed,0.0
A00007544,P007544,escalate,1,2026-01-09 09:37:00,failed,0.0
A00007545,P007545,stop,1,2026-04-14 12:49:00,failed,0.0
A00007546,P007546,message,1,2026-05-04 08:39:00,success,5853.13
A00007547,P007547,message,1,2026-02-28 02:47:00,success,1775.13
A00007548,P007548,retry,1,2026-03-03 20:24:00,failed,0.0
A00007549,P007549,payment_link,1,2026-05-26 01:11:00,success,1664.63
A00007550,P007550,retry,1,2026-05-14 02:36:00,failed,0.0
A00007551,P007551,escalate,1,2026-05-02 09:03:00,failed,0.0
A00007552,P007552,retry,1,2026-02-05 17:53:00,failed,0.0
A00007553,P007553,retry,1,2026-04-01 05:42:00,success,5011.35
A00007554,P007554,escalate,1,2026-01-08 16:04:00,failed,0.0
A00007555,P007555,message,1,2026-01-21 06:56:00,success,1046.2
A00007556,P007556,payment_link,1,2026-02-11 11:59:00,failed,0.0
A00007557,P007557,stop,1,2026-03-19 18:34:00,failed,0.0
A00007558,P007558,message,1,2026-02-07 21:53:00,success,6074.74
A00007559,P007559,retry,1,2026-03-02 03:19:00,success,6945.9
A00007560,P007560,stop,1,2026-02-27 17:05:00,failed,0.0
A00007561,P007561,payment_link,1,2026-05-14 00:07:00,success,6834.67
A00007562,P007562,escalate,1,2026-02-12 20:10:00,success,74931.32
A00007563,P007563,stop,1,2026-04-22 06:07:00,failed,0.0
A00007564,P007564,stop,1,2026-05-15 18:02:00,failed,0.0
A00007565,P007565,escalate,1,2026-03-16 21:27:00,success,18583.06
A00007566,P007566,payment_link,1,2026-02-02 17:05:00,success,1847.49
A00007567,P007567,payment_link,1,2026-03-17 01:05:00,success,1642.88
A00007568,P007568,retry,1,2026-03-12 08:34:00,failed,0.0
A00007569,P007569,message,1,2026-06-28 04:32:00,failed,0.0
A00007570,P007570,payment_link,1,2026-03-03 10:42:00,failed,0.0
A00007571,P007571,escalate,1,2026-04-29 07:57:00,success,1946.54
A00007572,P007572,stop,1,2026-05-22 07:05:00,failed,0.0
A00007573,P007573,escalate,1,2026-02-06 21:35:00,failed,0.0
A00007574,P007574,retry,1,2026-06-15 05:39:00,failed,0.0
A00007575,P007575,retry,1,2026-05-04 07:27:00,failed,0.0
A00007576,P007576,escalate,1,2026-04-16 19:05:00,failed,0.0
A00007577,P007577,stop,1,2026-06-05 05:51:00,failed,0.0
A00007578,P007578,message,1,2026-03-20 18:58:00,failed,0.0
A00007579,P007579,escalate,1,2026-02-14 10:41:00,failed,0.0
A00007580,P007580,retry,1,2026-02-18 08:13:00,failed,0.0
A00007581,P007581,message,1,2026-03-22 20:13:00,success,4229.03
A00007582,P007582,retry,1,2026-06-06 18:58:00,success,2944.61
A00007583,P007583,stop,1,2026-06-14 11:39:00,failed,0.0
A00007584,P007584,retry,1,2026-05-27 14:45:00,success,44065.27
A00007585,P007585,escalate,1,2026-03-25 01:29:00,failed,0.0
A00007586,P007586,payment_link,1,2026-03-25 06:37:00,failed,0.0
A00007587,P007587,escalate,1,2026-06-23 04:47:00,failed,0.0
A00007588,P007588,message,1,2026-03-16 04:53:00,success,1945.3
A00007589,P007589,message,1,2026-04-20 05:42:00,failed,0.0
A00007590,P007590,retry,1,2026-05-17 18:09:00,failed,0.0
A00007591,P007591,escalate,1,2026-06-21 06:08:00,failed,0.0
A00007592,P007592,stop,1,2026-05-03 11:40:00,failed,0.0
A00007593,P007593,payment_link,1,2026-01-09 17:25:00,failed,0.0
A00007594,P007594,stop,1,2026-04-02 14:32:00,failed,0.0
A00007595,P007595,message,1,2026-04-11 18:39:00,failed,0.0
A00007596,P007596,payment_link,1,2026-06-27 20:42:00,failed,0.0
A00007597,P007597,message,1,2026-02-22 06:13:00,failed,0.0
A00007598,P007598,retry,1,2026-06-13 12:57:00,success,4184.75
A00007599,P007599,escalate,1,2026-01-06 16:45:00,failed,0.0
A00007600,P007600,escalate,1,2026-05-12 17:33:00,success,1033.18
A00007601,P007601,escalate,1,2026-02-02 01:28:00,failed,0.0
A00007602,P007602,retry,1,2026-06-05 15:32:00,failed,0.0
A00007603,P007603,retry,1,2026-02-12 05:15:00,success,1538.82
A00007604,P007604,retry,1,2026-02-23 04:07:00,failed,0.0
A00007605,P007605,stop,1,2026-05-11 18:38:00,failed,0.0
A00007606,P007606,payment_link,1,2026-06-18 19:28:00,failed,0.0
A00007607,P007607,stop,1,2026-02-17 11:34:00,failed,0.0
A00007608,P007608,escalate,1,2026-01-19 09:17:00,failed,0.0
A00007609,P007609,retry,1,2026-03-13 22:50:00,success,1918.99
A00007610,P007610,payment_link,1,2026-04-07 14:37:00,failed,0.0
A00007611,P007611,payment_link,1,2026-06-05 09:08:00,failed,0.0
A00007612,P007612,stop,1,2026-05-30 05:21:00,failed,0.0
A00007613,P007613,message,1,2026-03-09 14:33:00,failed,0.0
A00007614,P007614,retry,1,2026-06-19 05:40:00,failed,0.0
A00007615,P007615,message,1,2026-01-08 20:31:00,failed,0.0
A00007616,P007616,stop,1,2026-06-20 22:18:00,failed,0.0
A00007617,P007617,message,1,2026-05-17 05:48:00,failed,0.0
A00007618,P007618,escalate,1,2026-02-19 20:41:00,failed,0.0
A00007619,P007619,stop,1,2026-01-15 11:20:00,failed,0.0
A00007620,P007620,retry,1,2026-06-27 19:21:00,failed,0.0
A00007621,P007621,retry,1,2026-02-10 06:18:00,success,5041.16
A00007622,P007622,escalate,1,2026-04-05 20:27:00,success,3822.05
A00007623,P007623,retry,1,2026-01-02 09:12:00,success,778.93
A00007624,P007624,stop,1,2026-05-13 22:42:00,failed,0.0
A00007625,P007625,escalate,1,2026-03-26 02:30:00,failed,0.0
A00007626,P007626,message,1,2026-03-01 07:32:00,failed,0.0
A00007627,P007627,stop,1,2026-05-01 06:39:00,failed,0.0
A00007628,P007628,escalate,1,2026-02-14 20:23:00,success,6942.88
A00007629,P007629,stop,1,2026-06-20 17:15:00,failed,0.0
A00007630,P007630,escalate,1,2026-01-30 14:57:00,failed,0.0
A00007631,P007631,stop,1,2026-04-26 17:57:00,failed,0.0
A00007632,P007632,retry,1,2026-03-31 19:41:00,failed,0.0
A00007633,P007633,escalate,1,2026-02-01 06:51:00,success,34479.57
A00007634,P007634,stop,1,2026-06-12 12:41:00,success,2723.76
A00007635,P007635,escalate,1,2026-01-26 18:06:00,failed,0.0
A00007636,P007636,stop,1,2026-03-19 04:59:00,failed,0.0
A00007637,P007637,stop,1,2026-03-18 21:34:00,failed,0.0
A00007638,P007638,retry,1,2026-03-24 01:51:00,failed,0.0
A00007639,P007639,retry,1,2026-02-22 08:46:00,failed,0.0
A00007640,P007640,escalate,1,2026-05-06 02:57:00,failed,0.0
A00007641,P007641,message,1,2026-03-08 16:09:00,success,2882.24
A00007642,P007642,payment_link,1,2026-02-08 02:29:00,failed,0.0
A00007643,P007643,escalate,1,2026-01-13 14:21:00,failed,0.0
A00007644,P007644,retry,1,2026-04-21 04:47:00,failed,0.0
A00007645,P007645,stop,1,2026-04-16 01:37:00,failed,0.0
A00007646,P007646,retry,1,2026-04-15 21:04:00,failed,0.0
A00007647,P007647,payment_link,1,2026-03-13 23:12:00,success,1317.72
A00007648,P007648,escalate,1,2026-02-25 08:00:00,success,845.16
A00007649,P007649,escalate,1,2026-04-06 01:42:00,success,1230.06
A00007650,P007650,payment_link,1,2026-03-27 12:30:00,failed,0.0
A00007651,P007651,message,1,2026-02-13 05:45:00,failed,0.0
A00007652,P007652,stop,1,2026-05-21 14:26:00,failed,0.0
A00007653,P007653,message,1,2026-04-18 10:44:00,failed,0.0
A00007654,P007654,retry,1,2026-06-14 22:05:00,success,8526.05
A00007655,P007655,stop,1,2026-05-29 08:11:00,failed,0.0
A00007656,P007656,message,1,2026-02-18 05:38:00,failed,0.0
A00007657,P007657,message,1,2026-06-21 07:48:00,success,1996.39
A00007658,P007658,payment_link,1,2026-05-23 22:21:00,failed,0.0
A00007659,P007659,escalate,1,2026-03-31 10:03:00,failed,0.0
A00007660,P007660,message,1,2026-04-16 06:29:00,success,2629.35
A00007661,P007661,retry,1,2026-01-01 08:41:00,failed,0.0
A00007662,P007662,stop,1,2026-05-09 08:22:00,failed,0.0
A00007663,P007663,stop,1,2026-06-26 21:32:00,failed,0.0
A00007664,P007664,retry,1,2026-01-13 10:19:00,failed,0.0
A00007665,P007665,payment_link,1,2026-06-05 08:18:00,success,1746.35
A00007666,P007666,escalate,1,2026-03-23 16:24:00,failed,0.0
A00007667,P007667,message,1,2026-01-31 06:40:00,success,3071.52
A00007668,P007668,escalate,1,2026-06-19 22:01:00,success,6176.98
A00007669,P007669,escalate,1,2026-03-18 17:49:00,failed,0.0
A00007670,P007670,payment_link,1,2026-06-09 09:13:00,failed,0.0
A00007671,P007671,stop,1,2026-04-29 19:45:00,failed,0.0
A00007672,P007672,message,1,2026-05-31 04:11:00,failed,0.0
A00007673,P007673,retry,1,2026-03-10 15:21:00,failed,0.0
A00007674,P007674,message,1,2026-05-11 19:07:00,success,4072.86
A00007675,P007675,message,1,2026-04-06 02:15:00,success,6020.19
A00007676,P007676,message,1,2026-04-18 12:50:00,failed,0.0
A00007677,P007677,escalate,1,2026-04-29 07:24:00,success,2900.82
A00007678,P007678,escalate,1,2026-06-03 19:03:00,failed,0.0
A00007679,P007679,stop,1,2026-02-24 03:22:00,failed,0.0
A00007680,P007680,message,1,2026-06-28 13:38:00,success,5717.71
A00007681,P007681,message,1,2026-02-25 06:02:00,failed,0.0
A00007682,P007682,payment_link,1,2026-05-30 16:26:00,failed,0.0
A00007683,P007683,stop,1,2026-04-28 01:35:00,failed,0.0
A00007684,P007684,message,1,2026-02-13 06:30:00,failed,0.0
A00007685,P007685,escalate,1,2026-06-10 07:13:00,failed,0.0
A00007686,P007686,message,1,2026-04-18 18:49:00,failed,0.0
A00007687,P007687,message,1,2026-04-24 10:56:00,failed,0.0
A00007688,P007688,message,1,2026-06-24 08:30:00,failed,0.0
A00007689,P007689,payment_link,1,2026-01-09 08:59:00,failed,0.0
A00007690,P007690,stop,1,2026-06-10 14:42:00,failed,0.0
A00007691,P007691,payment_link,1,2026-03-10 10:28:00,failed,0.0
A00007692,P007692,stop,1,2026-06-07 21:38:00,failed,0.0
A00007693,P007693,escalate,1,2026-06-10 13:11:00,success,6572.77
A00007694,P007694,payment_link,1,2026-01-09 18:31:00,success,5713.36
A00007695,P007695,payment_link,1,2026-01-26 12:21:00,success,919.29
A00007696,P007696,retry,1,2026-06-24 23:46:00,failed,0.0
A00007697,P007697,message,1,2026-06-18 20:24:00,success,1860.3
A00007698,P007698,stop,1,2026-06-08 09:35:00,failed,0.0
A00007699,P007699,escalate,1,2026-06-06 00:51:00,failed,0.0
A00007700,P007700,retry,1,2026-01-07 14:13:00,failed,0.0
A00007701,P007701,stop,1,2026-02-15 08:32:00,failed,0.0
A00007702,P007702,message,1,2026-03-20 12:19:00,failed,0.0
A00007703,P007703,stop,1,2026-05-02 19:23:00,success,4627.7
A00007704,P007704,message,1,2026-03-19 07:29:00,failed,0.0
A00007705,P007705,stop,1,2026-05-21 11:55:00,failed,0.0
A00007706,P007706,stop,1,2026-03-17 15:40:00,failed,0.0
A00007707,P007707,payment_link,1,2026-04-09 14:46:00,success,10788.09
A00007708,P007708,retry,1,2026-01-23 05:22:00,failed,0.0
A00007709,P007709,message,1,2026-04-12 12:48:00,failed,0.0
A00007710,P007710,stop,1,2026-01-28 15:33:00,failed,0.0
A00007711,P007711,payment_link,1,2026-03-29 02:22:00,failed,0.0
A00007712,P007712,retry,1,2026-06-09 16:40:00,failed,0.0
A00007713,P007713,message,1,2026-06-03 17:49:00,failed,0.0
A00007714,P007714,stop,1,2026-02-09 05:12:00,failed,0.0
A00007715,P007715,stop,1,2026-02-13 08:57:00,failed,0.0
A00007716,P007716,stop,1,2026-05-02 07:05:00,failed,0.0
A00007717,P007717,stop,1,2026-03-20 01:31:00,failed,0.0
A00007718,P007718,stop,1,2026-02-06 02:24:00,failed,0.0
A00007719,P007719,message,1,2026-01-03 02:33:00,failed,0.0
A00007720,P007720,stop,1,2026-04-09 03:44:00,failed,0.0
A00007721,P007721,retry,1,2026-01-27 17:34:00,success,4853.27
A00007722,P007722,payment_link,1,2026-04-01 19:38:00,failed,0.0
A00007723,P007723,escalate,1,2026-01-17 00:07:00,success,1152.16
A00007724,P007724,stop,1,2026-03-11 14:36:00,failed,0.0
A00007725,P007725,message,1,2026-05-10 15:25:00,success,4888.81
A00007726,P007726,payment_link,1,2026-04-03 22:33:00,success,1209.56
A00007727,P007727,stop,1,2026-03-28 10:00:00,failed,0.0
A00007728,P007728,retry,1,2026-04-02 10:31:00,failed,0.0
A00007729,P007729,payment_link,1,2026-04-13 08:14:00,failed,0.0
A00007730,P007730,escalate,1,2026-04-09 02:41:00,failed,0.0
A00007731,P007731,payment_link,1,2026-04-03 09:45:00,failed,0.0
A00007732,P007732,stop,1,2026-06-25 16:29:00,failed,0.0
A00007733,P007733,payment_link,1,2026-03-24 14:46:00,failed,0.0
A00007734,P007734,payment_link,1,2026-03-29 11:31:00,success,5334.76
A00007735,P007735,escalate,1,2026-01-02 01:57:00,failed,0.0
A00007736,P007736,escalate,1,2026-04-13 09:07:00,success,3028.1
A00007737,P007737,payment_link,1,2026-06-16 11:27:00,success,7451.77
A00007738,P007738,escalate,1,2026-03-12 10:31:00,success,7658.16
A00007739,P007739,message,1,2026-02-17 03:59:00,success,711.96
A00007740,P007740,escalate,1,2026-05-10 12:02:00,failed,0.0
A00007741,P007741,payment_link,1,2026-02-17 04:04:00,failed,0.0
A00007742,P007742,retry,1,2026-05-17 23:36:00,success,4444.3
A00007743,P007743,escalate,1,2026-04-23 02:32:00,success,45538.52
A00007744,P007744,retry,1,2026-03-26 23:10:00,success,58554.88
A00007745,P007745,message,1,2026-04-12 17:28:00,success,5820.87
A00007746,P007746,stop,1,2026-05-06 06:39:00,failed,0.0
A00007747,P007747,stop,1,2026-01-22 11:41:00,failed,0.0
A00007748,P007748,stop,1,2026-03-09 16:37:00,failed,0.0
A00007749,P007749,stop,1,2026-05-29 08:04:00,failed,0.0
A00007750,P007750,message,1,2026-05-28 20:32:00,failed,0.0
A00007751,P007751,message,1,2026-05-12 16:53:00,failed,0.0
A00007752,P007752,escalate,1,2026-06-20 13:55:00,success,1894.56
A00007753,P007753,escalate,1,2026-06-03 23:26:00,failed,0.0
A00007754,P007754,escalate,1,2026-05-28 11:35:00,failed,0.0
A00007755,P007755,message,1,2026-04-03 21:07:00,failed,0.0
A00007756,P007756,payment_link,1,2026-03-14 23:18:00,success,7639.93
A00007757,P007757,payment_link,1,2026-01-22 11:38:00,success,1646.1
A00007758,P007758,message,1,2026-05-20 23:36:00,success,4507.69
A00007759,P007759,message,1,2026-05-12 11:32:00,success,1534.41
A00007760,P007760,stop,1,2026-02-16 08:21:00,failed,0.0
A00007761,P007761,retry,1,2026-03-04 23:31:00,failed,0.0
A00007762,P007762,retry,1,2026-01-14 00:10:00,failed,0.0
A00007763,P007763,escalate,1,2026-05-19 10:27:00,failed,0.0
A00007764,P007764,escalate,1,2026-04-30 22:15:00,success,2957.86
A00007765,P007765,payment_link,1,2026-01-26 23:17:00,failed,0.0
A00007766,P007766,payment_link,1,2026-05-27 22:09:00,success,4808.92
A00007767,P007767,payment_link,1,2026-04-04 23:54:00,failed,0.0
A00007768,P007768,retry,1,2026-04-30 14:18:00,success,7622.3
A00007769,P007769,payment_link,1,2026-01-11 20:08:00,failed,0.0
A00007770,P007770,escalate,1,2026-04-22 19:43:00,success,1830.56
A00007771,P007771,message,1,2026-01-21 15:21:00,failed,0.0
A00007772,P007772,retry,1,2026-03-17 18:25:00,failed,0.0
A00007773,P007773,retry,1,2026-06-08 14:35:00,success,1867.71
A00007774,P007774,stop,1,2026-06-20 07:04:00,failed,0.0
A00007775,P007775,escalate,1,2026-05-23 03:50:00,failed,0.0
A00007776,P007776,retry,1,2026-05-09 08:41:00,failed,0.0
A00007777,P007777,payment_link,1,2026-05-31 11:17:00,success,3883.5
A00007778,P007778,stop,1,2026-03-20 01:37:00,failed,0.0
A00007779,P007779,payment_link,1,2026-01-30 16:15:00,success,15255.28
A00007780,P007780,retry,1,2026-02-20 05:55:00,failed,0.0
A00007781,P007781,message,1,2026-03-13 10:04:00,success,29878.22
A00007782,P007782,message,1,2026-04-28 02:24:00,failed,0.0
A00007783,P007783,stop,1,2026-04-15 03:21:00,failed,0.0
A00007784,P007784,payment_link,1,2026-05-05 13:42:00,failed,0.0
A00007785,P007785,escalate,1,2026-04-14 09:39:00,failed,0.0
A00007786,P007786,message,1,2026-03-29 23:27:00,failed,0.0
A00007787,P007787,escalate,1,2026-03-19 22:15:00,success,4942.53
A00007788,P007788,escalate,1,2026-05-29 05:23:00,success,2298.76
A00007789,P007789,retry,1,2026-02-01 07:17:00,success,6126.16
A00007790,P007790,stop,1,2026-03-26 19:03:00,failed,0.0
A00007791,P007791,escalate,1,2026-05-07 21:12:00,success,5385.14
A00007792,P007792,message,1,2026-05-24 11:38:00,success,812.89
A00007793,P007793,message,1,2026-04-14 13:30:00,failed,0.0
A00007794,P007794,stop,1,2026-01-20 22:27:00,failed,0.0
A00007795,P007795,retry,1,2026-03-31 00:57:00,success,6343.63
A00007796,P007796,stop,1,2026-05-16 21:13:00,failed,0.0
A00007797,P007797,message,1,2026-01-29 21:04:00,success,7046.84
A00007798,P007798,payment_link,1,2026-01-20 17:42:00,success,4060.88
A00007799,P007799,retry,1,2026-05-02 20:43:00,success,6558.59
A00007800,P007800,retry,1,2026-01-05 11:17:00,success,1250.52
A00007801,P007801,message,1,2026-02-03 22:09:00,success,1057.95
A00007802,P007802,escalate,1,2026-06-22 17:25:00,failed,0.0
A00007803,P007803,retry,1,2026-05-07 04:08:00,failed,0.0
A00007804,P007804,stop,1,2026-02-10 11:24:00,failed,0.0
A00007805,P007805,stop,1,2026-06-20 13:52:00,failed,0.0
A00007806,P007806,escalate,1,2026-02-07 14:27:00,success,1740.29
A00007807,P007807,payment_link,1,2026-06-19 23:03:00,success,1639.11
A00007808,P007808,stop,1,2026-06-08 13:01:00,failed,0.0
A00007809,P007809,stop,1,2026-06-16 22:31:00,failed,0.0
A00007810,P007810,stop,1,2026-02-18 07:37:00,failed,0.0
A00007811,P007811,retry,1,2026-04-24 12:09:00,success,5906.07
A00007812,P007812,message,1,2026-04-13 14:59:00,failed,0.0
A00007813,P007813,payment_link,1,2026-02-21 17:57:00,success,1722.77
A00007814,P007814,retry,1,2026-06-26 12:11:00,failed,0.0
A00007815,P007815,escalate,1,2026-03-24 21:01:00,failed,0.0
A00007816,P007816,message,1,2026-04-04 01:09:00,success,2799.25
A00007817,P007817,escalate,1,2026-04-08 23:22:00,failed,0.0
A00007818,P007818,stop,1,2026-06-14 00:22:00,failed,0.0
A00007819,P007819,retry,1,2026-02-13 01:51:00,failed,0.0
A00007820,P007820,stop,1,2026-04-16 07:25:00,failed,0.0
A00007821,P007821,retry,1,2026-03-22 00:36:00,failed,0.0
A00007822,P007822,stop,1,2026-02-28 10:45:00,success,1698.41
A00007823,P007823,stop,1,2026-05-08 08:24:00,failed,0.0
A00007824,P007824,retry,1,2026-04-20 05:58:00,failed,0.0
A00007825,P007825,stop,1,2026-06-04 07:30:00,failed,0.0
A00007826,P007826,stop,1,2026-05-17 12:18:00,failed,0.0
A00007827,P007827,stop,1,2026-03-30 15:42:00,failed,0.0
A00007828,P007828,message,1,2026-03-19 04:22:00,failed,0.0
A00007829,P007829,stop,1,2026-06-18 10:00:00,failed,0.0
A00007830,P007830,retry,1,2026-01-13 00:02:00,failed,0.0
A00007831,P007831,retry,1,2026-05-21 06:53:00,failed,0.0
A00007832,P007832,payment_link,1,2026-05-14 09:22:00,failed,0.0
A00007833,P007833,retry,1,2026-02-18 08:18:00,failed,0.0
A00007834,P007834,message,1,2026-04-13 06:24:00,failed,0.0
A00007835,P007835,payment_link,1,2026-06-21 22:51:00,success,4176.45
A00007836,P007836,stop,1,2026-06-29 20:50:00,failed,0.0
A00007837,P007837,escalate,1,2026-04-24 08:53:00,failed,0.0
A00007838,P007838,stop,1,2026-06-05 07:56:00,failed,0.0
A00007839,P007839,payment_link,1,2026-02-14 01:48:00,success,6952.27
A00007840,P007840,message,1,2026-05-03 19:33:00,failed,0.0
A00007841,P007841,message,1,2026-05-27 03:42:00,failed,0.0
A00007842,P007842,escalate,1,2026-04-25 00:51:00,failed,0.0
A00007843,P007843,escalate,1,2026-03-04 11:00:00,failed,0.0
A00007844,P007844,escalate,1,2026-04-09 12:48:00,failed,0.0
A00007845,P007845,retry,1,2026-01-25 00:04:00,failed,0.0
A00007846,P007846,stop,1,2026-02-22 16:21:00,failed,0.0
A00007847,P007847,retry,1,2026-05-05 03:56:00,failed,0.0
A00007848,P007848,message,1,2026-05-18 00:15:00,failed,0.0
A00007849,P007849,stop,1,2026-06-27 15:47:00,failed,0.0
A00007850,P007850,stop,1,2026-06-26 21:04:00,failed,0.0
A00007851,P007851,payment_link,1,2026-05-24 07:45:00,success,2116.82
A00007852,P007852,retry,1,2026-05-21 03:36:00,failed,0.0
A00007853,P007853,stop,1,2026-03-01 12:41:00,failed,0.0
A00007854,P007854,message,1,2026-04-10 09:40:00,failed,0.0
A00007855,P007855,escalate,1,2026-03-21 17:27:00,success,3360.19
A00007856,P007856,payment_link,1,2026-05-28 05:10:00,failed,0.0
A00007857,P007857,escalate,1,2026-04-16 06:48:00,failed,0.0
A00007858,P007858,payment_link,1,2026-05-26 22:41:00,failed,0.0
A00007859,P007859,escalate,1,2026-02-14 03:29:00,failed,0.0
A00007860,P007860,escalate,1,2026-05-24 20:07:00,success,2443.34
A00007861,P007861,retry,1,2026-02-01 06:51:00,failed,0.0
A00007862,P007862,escalate,1,2026-05-03 14:02:00,failed,0.0
A00007863,P007863,payment_link,1,2026-02-01 12:29:00,failed,0.0
A00007864,P007864,retry,1,2026-02-04 22:11:00,failed,0.0
A00007865,P007865,payment_link,1,2026-05-14 01:09:00,success,5088.0
A00007866,P007866,payment_link,1,2026-04-09 06:49:00,success,8480.44
A00007867,P007867,stop,1,2026-05-28 06:32:00,failed,0.0
A00007868,P007868,stop,1,2026-04-19 17:47:00,failed,0.0
A00007869,P007869,stop,1,2026-05-02 04:20:00,failed,0.0
A00007870,P007870,payment_link,1,2026-02-14 13:12:00,success,2540.52
A00007871,P007871,escalate,1,2026-02-13 22:19:00,success,41792.52
A00007872,P007872,retry,1,2026-06-05 06:44:00,success,2691.07
A00007873,P007873,message,1,2026-04-03 07:49:00,failed,0.0
A00007874,P007874,stop,1,2026-05-22 16:32:00,failed,0.0
A00007875,P007875,retry,1,2026-04-29 14:37:00,success,2167.65
A00007876,P007876,payment_link,1,2026-01-21 13:13:00,failed,0.0
A00007877,P007877,escalate,1,2026-05-02 14:12:00,success,4336.86
A00007878,P007878,escalate,1,2026-01-12 06:16:00,failed,0.0
A00007879,P007879,retry,1,2026-04-17 07:31:00,failed,0.0
A00007880,P007880,escalate,1,2026-02-22 03:26:00,failed,0.0
A00007881,P007881,message,1,2026-03-26 19:55:00,failed,0.0
A00007882,P007882,stop,1,2026-02-22 02:42:00,failed,0.0
A00007883,P007883,stop,1,2026-05-29 20:34:00,failed,0.0
A00007884,P007884,retry,1,2026-06-23 20:59:00,success,1110.02
A00007885,P007885,stop,1,2026-01-01 17:35:00,failed,0.0
A00007886,P007886,retry,1,2026-03-19 13:09:00,failed,0.0
A00007887,P007887,message,1,2026-06-14 02:04:00,failed,0.0
A00007888,P007888,message,1,2026-04-18 23:37:00,failed,0.0
A00007889,P007889,message,1,2026-03-22 10:26:00,success,2956.8
A00007890,P007890,message,1,2026-06-04 01:47:00,failed,0.0
A00007891,P007891,payment_link,1,2026-06-23 20:49:00,success,4235.67
A00007892,P007892,stop,1,2026-05-22 19:22:00,failed,0.0
A00007893,P007893,message,1,2026-02-24 17:11:00,failed,0.0
A00007894,P007894,escalate,1,2026-04-25 02:43:00,failed,0.0
A00007895,P007895,payment_link,1,2026-06-18 18:15:00,failed,0.0
A00007896,P007896,message,1,2026-06-30 00:19:00,failed,0.0
A00007897,P007897,message,1,2026-02-17 13:20:00,failed,0.0
A00007898,P007898,message,1,2026-06-29 16:17:00,failed,0.0
A00007899,P007899,message,1,2026-05-19 05:48:00,failed,0.0
A00007900,P007900,stop,1,2026-03-28 18:40:00,failed,0.0
A00007901,P007901,message,1,2026-05-20 07:36:00,success,34598.04
A00007902,P007902,stop,1,2026-04-15 09:04:00,failed,0.0
A00007903,P007903,message,1,2026-02-13 03:56:00,failed,0.0
A00007904,P007904,payment_link,1,2026-01-03 08:25:00,failed,0.0
A00007905,P007905,retry,1,2026-04-19 15:52:00,failed,0.0
A00007906,P007906,message,1,2026-04-05 07:57:00,failed,0.0
A00007907,P007907,retry,1,2026-01-27 12:03:00,failed,0.0
A00007908,P007908,payment_link,1,2026-04-20 22:57:00,failed,0.0
A00007909,P007909,message,1,2026-04-15 12:47:00,failed,0.0
A00007910,P007910,payment_link,1,2026-01-02 08:14:00,failed,0.0
A00007911,P007911,payment_link,1,2026-02-14 13:56:00,failed,0.0
A00007912,P007912,message,1,2026-04-04 14:45:00,failed,0.0
A00007913,P007913,stop,1,2026-04-07 01:01:00,failed,0.0
A00007914,P007914,escalate,1,2026-06-10 16:45:00,success,4675.12
A00007915,P007915,retry,1,2026-04-10 04:08:00,failed,0.0
A00007916,P007916,escalate,1,2026-04-04 17:47:00,failed,0.0
A00007917,P007917,payment_link,1,2026-03-18 17:26:00,failed,0.0
A00007918,P007918,stop,1,2026-02-28 05:53:00,failed,0.0
A00007919,P007919,escalate,1,2026-02-23 07:36:00,success,5069.68
A00007920,P007920,escalate,1,2026-06-01 13:10:00,failed,0.0
A00007921,P007921,stop,1,2026-03-05 12:32:00,success,3001.99
A00007922,P007922,stop,1,2026-03-07 13:52:00,success,7886.58
A00007923,P007923,stop,1,2026-05-26 03:44:00,success,4657.58
A00007924,P007924,stop,1,2026-05-27 02:35:00,failed,0.0
A00007925,P007925,payment_link,1,2026-04-10 22:14:00,success,4021.02
A00007926,P007926,escalate,1,2026-04-29 07:27:00,failed,0.0
A00007927,P007927,stop,1,2026-05-18 04:52:00,failed,0.0
A00007928,P007928,message,1,2026-05-18 08:47:00,failed,0.0
A00007929,P007929,message,1,2026-05-10 07:38:00,success,2237.1
A00007930,P007930,retry,1,2026-05-15 06:43:00,failed,0.0
A00007931,P007931,message,1,2026-02-24 23:43:00,failed,0.0
A00007932,P007932,retry,1,2026-03-02 03:10:00,failed,0.0
A00007933,P007933,payment_link,1,2026-02-01 13:41:00,failed,0.0
A00007934,P007934,payment_link,1,2026-02-15 11:08:00,success,2211.07
A00007935,P007935,payment_link,1,2026-05-26 11:53:00,failed,0.0
A00007936,P007936,payment_link,1,2026-05-18 22:47:00,failed,0.0
A00007937,P007937,message,1,2026-06-03 07:52:00,failed,0.0
A00007938,P007938,payment_link,1,2026-03-26 02:20:00,success,12335.94
A00007939,P007939,message,1,2026-05-03 03:07:00,failed,0.0
A00007940,P007940,message,1,2026-03-25 02:47:00,success,3060.79
A00007941,P007941,escalate,1,2026-04-08 23:34:00,failed,0.0
A00007942,P007942,stop,1,2026-03-03 18:57:00,failed,0.0
A00007943,P007943,retry,1,2026-02-13 10:37:00,success,1745.54
A00007944,P007944,stop,1,2026-04-21 19:17:00,failed,0.0
A00007945,P007945,retry,1,2026-04-02 12:57:00,failed,0.0
A00007946,P007946,payment_link,1,2026-01-06 03:29:00,success,28653.62
A00007947,P007947,stop,1,2026-06-25 23:38:00,failed,0.0
A00007948,P007948,retry,1,2026-02-05 16:31:00,failed,0.0
A00007949,P007949,retry,1,2026-02-06 19:38:00,success,3708.86
A00007950,P007950,message,1,2026-04-15 14:41:00,failed,0.0
A00007951,P007951,retry,1,2026-01-09 02:16:00,success,26889.36
A00007952,P007952,stop,1,2026-06-26 15:32:00,failed,0.0
A00007953,P007953,payment_link,1,2026-02-22 11:49:00,success,2155.18
A00007954,P007954,message,1,2026-04-26 23:11:00,failed,0.0
A00007955,P007955,payment_link,1,2026-06-05 09:55:00,failed,0.0
A00007956,P007956,payment_link,1,2026-02-16 14:18:00,success,1009.78
A00007957,P007957,payment_link,1,2026-06-30 00:01:00,success,4292.84
A00007958,P007958,retry,1,2026-02-26 08:15:00,failed,0.0
A00007959,P007959,stop,1,2026-04-20 06:28:00,failed,0.0
A00007960,P007960,stop,1,2026-04-05 10:10:00,failed,0.0
A00007961,P007961,escalate,1,2026-03-15 07:31:00,failed,0.0
A00007962,P007962,stop,1,2026-04-06 05:21:00,failed,0.0
A00007963,P007963,stop,1,2026-05-09 02:07:00,failed,0.0
A00007964,P007964,message,1,2026-06-17 06:59:00,success,2443.2
A00007965,P007965,retry,1,2026-05-02 18:23:00,success,3807.54
A00007966,P007966,message,1,2026-04-28 09:18:00,failed,0.0
A00007967,P007967,stop,1,2026-01-02 03:51:00,failed,0.0
A00007968,P007968,escalate,1,2026-03-19 12:19:00,failed,0.0
A00007969,P007969,escalate,1,2026-01-23 13:24:00,success,815.41
A00007970,P007970,escalate,1,2026-05-27 17:37:00,failed,0.0
A00007971,P007971,message,1,2026-04-20 09:53:00,success,23960.99
A00007972,P007972,stop,1,2026-04-07 16:18:00,success,5469.68
A00007973,P007973,retry,1,2026-01-25 07:59:00,success,1557.72
A00007974,P007974,message,1,2026-03-18 09:14:00,failed,0.0
A00007975,P007975,message,1,2026-03-28 12:55:00,failed,0.0
A00007976,P007976,message,1,2026-01-14 13:04:00,failed,0.0
A00007977,P007977,message,1,2026-06-08 16:04:00,failed,0.0
A00007978,P007978,payment_link,1,2026-06-21 01:15:00,failed,0.0
A00007979,P007979,retry,1,2026-02-24 23:58:00,failed,0.0
A00007980,P007980,escalate,1,2026-02-19 13:42:00,success,2462.98
A00007981,P007981,stop,1,2026-04-10 15:20:00,success,3510.6
A00007982,P007982,stop,1,2026-04-09 14:14:00,failed,0.0
A00007983,P007983,message,1,2026-03-18 17:18:00,failed,0.0
A00007984,P007984,stop,1,2026-05-29 07:02:00,failed,0.0
A00007985,P007985,retry,1,2026-06-27 05:23:00,success,3870.09
A00007986,P007986,stop,1,2026-01-14 09:41:00,failed,0.0
A00007987,P007987,payment_link,1,2026-05-01 22:41:00,success,1300.99
A00007988,P007988,message,1,2026-01-16 10:07:00,failed,0.0
A00007989,P007989,retry,1,2026-02-13 10:07:00,failed,0.0
A00007990,P007990,retry,1,2026-05-27 14:55:00,failed,0.0
A00007991,P007991,payment_link,1,2026-01-12 16:57:00,failed,0.0
A00007992,P007992,stop,1,2026-06-10 10:57:00,failed,0.0
A00007993,P007993,message,1,2026-01-07 07:50:00,success,3100.26
A00007994,P007994,payment_link,1,2026-06-19 22:40:00,failed,0.0
A00007995,P007995,message,1,2026-04-05 23:04:00,success,2283.38
A00007996,P007996,stop,1,2026-03-14 22:43:00,failed,0.0
A00007997,P007997,stop,1,2026-06-09 21:13:00,failed,0.0
A00007998,P007998,payment_link,1,2026-05-16 20:18:00,success,1443.6
A00007999,P007999,message,1,2026-02-17 23:24:00,failed,0.0
A00008000,P008000,message,1,2026-02-20 01:08:00,failed,0.0
A00008001,P008001,message,1,2026-04-15 00:46:00,failed,0.0
A00008002,P008002,retry,1,2026-06-07 16:20:00,failed,0.0
A00008003,P008003,retry,1,2026-02-08 01:15:00,failed,0.0
A00008004,P008004,message,1,2026-04-13 17:47:00,success,1028.52
A00008005,P008005,retry,1,2026-01-08 08:58:00,failed,0.0
A00008006,P008006,retry,1,2026-03-17 00:46:00,failed,0.0
A00008007,P008007,payment_link,1,2026-01-03 17:59:00,failed,0.0
A00008008,P008008,payment_link,1,2026-06-17 01:18:00,failed,0.0
A00008009,P008009,payment_link,1,2026-06-06 07:30:00,failed,0.0
A00008010,P008010,payment_link,1,2026-06-21 03:17:00,failed,0.0
A00008011,P008011,payment_link,1,2026-01-29 05:29:00,success,1544.34
A00008012,P008012,message,1,2026-02-02 07:33:00,failed,0.0
A00008013,P008013,message,1,2026-06-29 16:22:00,success,10942.71
A00008014,P008014,escalate,1,2026-01-17 04:29:00,success,215.61
A00008015,P008015,stop,1,2026-03-01 00:26:00,failed,0.0
A00008016,P008016,stop,1,2026-03-02 10:28:00,failed,0.0
A00008017,P008017,retry,1,2026-01-19 01:29:00,success,784.25
A00008018,P008018,payment_link,1,2026-02-13 11:48:00,success,7699.5
A00008019,P008019,stop,1,2026-01-28 05:19:00,success,1220.81
A00008020,P008020,escalate,1,2026-06-21 18:22:00,success,6707.29
A00008021,P008021,stop,1,2026-06-29 15:36:00,failed,0.0
A00008022,P008022,message,1,2026-01-06 02:57:00,success,3711.11
A00008023,P008023,escalate,1,2026-06-15 14:45:00,failed,0.0
A00008024,P008024,payment_link,1,2026-05-15 17:08:00,success,4259.85
A00008025,P008025,stop,1,2026-04-11 16:20:00,failed,0.0
A00008026,P008026,retry,1,2026-01-31 02:57:00,success,4207.67
A00008027,P008027,stop,1,2026-06-09 09:00:00,failed,0.0
A00008028,P008028,stop,1,2026-04-11 13:05:00,failed,0.0
A00008029,P008029,retry,1,2026-01-25 03:31:00,success,4353.13
A00008030,P008030,escalate,1,2026-01-04 11:24:00,failed,0.0
A00008031,P008031,stop,1,2026-06-13 08:02:00,failed,0.0
A00008032,P008032,stop,1,2026-06-04 16:04:00,failed,0.0
A00008033,P008033,payment_link,1,2026-05-28 13:44:00,failed,0.0
A00008034,P008034,message,1,2026-04-06 17:38:00,success,3614.32
A00008035,P008035,payment_link,1,2026-01-12 13:01:00,failed,0.0
A00008036,P008036,message,1,2026-05-05 15:37:00,failed,0.0
A00008037,P008037,retry,1,2026-04-01 10:49:00,failed,0.0
A00008038,P008038,retry,1,2026-01-26 23:44:00,failed,0.0
A00008039,P008039,retry,1,2026-06-14 03:48:00,failed,0.0
A00008040,P008040,stop,1,2026-04-28 14:50:00,success,3161.74
A00008041,P008041,payment_link,1,2026-01-21 19:52:00,success,5601.61
A00008042,P008042,escalate,1,2026-02-02 10:28:00,failed,0.0
A00008043,P008043,stop,1,2026-05-20 08:09:00,failed,0.0
A00008044,P008044,retry,1,2026-05-16 09:33:00,success,2707.9
A00008045,P008045,message,1,2026-06-05 21:19:00,failed,0.0
A00008046,P008046,stop,1,2026-02-18 06:01:00,failed,0.0
A00008047,P008047,payment_link,1,2026-01-11 02:49:00,failed,0.0
A00008048,P008048,payment_link,1,2026-05-18 09:43:00,success,4146.73
A00008049,P008049,escalate,1,2026-06-05 01:38:00,success,28185.15
A00008050,P008050,escalate,1,2026-04-13 03:53:00,success,3038.88
A00008051,P008051,stop,1,2026-03-01 13:13:00,failed,0.0
A00008052,P008052,escalate,1,2026-03-20 03:34:00,success,9755.89
A00008053,P008053,stop,1,2026-05-25 08:56:00,failed,0.0
A00008054,P008054,payment_link,1,2026-03-21 07:51:00,success,1288.52
A00008055,P008055,stop,1,2026-01-02 05:10:00,failed,0.0
A00008056,P008056,retry,1,2026-02-18 17:34:00,success,7693.4
A00008057,P008057,message,1,2026-04-18 03:25:00,failed,0.0
A00008058,P008058,message,1,2026-06-15 19:03:00,failed,0.0
A00008059,P008059,message,1,2026-04-23 20:49:00,failed,0.0
A00008060,P008060,stop,1,2026-05-04 01:38:00,failed,0.0
A00008061,P008061,payment_link,1,2026-01-16 04:14:00,success,10768.35
A00008062,P008062,escalate,1,2026-06-28 22:01:00,success,3934.33
A00008063,P008063,stop,1,2026-01-10 09:28:00,failed,0.0
A00008064,P008064,retry,1,2026-06-27 01:13:00,failed,0.0
A00008065,P008065,retry,1,2026-03-16 20:45:00,success,3031.29
A00008066,P008066,message,1,2026-03-19 09:00:00,success,3517.07
A00008067,P008067,stop,1,2026-04-22 03:15:00,failed,0.0
A00008068,P008068,payment_link,1,2026-03-17 21:38:00,failed,0.0
A00008069,P008069,retry,1,2026-02-06 01:27:00,failed,0.0
A00008070,P008070,payment_link,1,2026-04-26 20:22:00,success,936.06
A00008071,P008071,payment_link,1,2026-05-26 01:34:00,success,4823.27
A00008072,P008072,escalate,1,2026-02-21 08:21:00,success,6881.99
A00008073,P008073,retry,1,2026-01-29 10:10:00,failed,0.0
A00008074,P008074,payment_link,1,2026-04-28 23:44:00,failed,0.0
A00008075,P008075,stop,1,2026-03-26 19:51:00,failed,0.0
A00008076,P008076,escalate,1,2026-03-09 06:16:00,failed,0.0
A00008077,P008077,message,1,2026-04-25 18:43:00,success,1030.34
A00008078,P008078,escalate,1,2026-04-20 16:03:00,success,2838.06
A00008079,P008079,escalate,1,2026-02-11 02:11:00,failed,0.0
A00008080,P008080,payment_link,1,2026-02-02 14:25:00,failed,0.0
A00008081,P008081,escalate,1,2026-03-22 22:08:00,failed,0.0
A00008082,P008082,retry,1,2026-02-02 21:38:00,failed,0.0
A00008083,P008083,retry,1,2026-05-26 20:07:00,success,2768.93
A00008084,P008084,payment_link,1,2026-03-21 04:50:00,success,14812.11
A00008085,P008085,stop,1,2026-03-26 04:38:00,failed,0.0
A00008086,P008086,message,1,2026-05-27 14:28:00,success,38560.54
A00008087,P008087,retry,1,2026-03-19 16:50:00,success,2781.86
A00008088,P008088,escalate,1,2026-01-10 07:22:00,success,1846.31
A00008089,P008089,payment_link,1,2026-03-28 06:29:00,success,1763.81
A00008090,P008090,payment_link,1,2026-03-17 13:09:00,failed,0.0
A00008091,P008091,escalate,1,2026-04-26 00:18:00,failed,0.0
A00008092,P008092,payment_link,1,2026-06-14 22:11:00,failed,0.0
A00008093,P008093,payment_link,1,2026-04-05 19:52:00,failed,0.0
A00008094,P008094,message,1,2026-06-04 20:49:00,failed,0.0
A00008095,P008095,escalate,1,2026-01-25 11:56:00,failed,0.0
A00008096,P008096,payment_link,1,2026-05-17 19:02:00,success,1367.42
A00008097,P008097,payment_link,1,2026-03-25 14:39:00,success,2738.53
A00008098,P008098,stop,1,2026-01-29 14:54:00,failed,0.0
A00008099,P008099,escalate,1,2026-03-07 19:26:00,success,1564.52
A00008100,P008100,retry,1,2026-04-29 00:27:00,failed,0.0
A00008101,P008101,stop,1,2026-06-06 10:40:00,failed,0.0
A00008102,P008102,message,1,2026-06-15 16:53:00,success,40286.53
A00008103,P008103,stop,1,2026-03-05 14:53:00,failed,0.0
A00008104,P008104,stop,1,2026-03-08 23:20:00,failed,0.0
A00008105,P008105,payment_link,1,2026-03-06 10:45:00,failed,0.0
A00008106,P008106,message,1,2026-02-01 04:06:00,success,867.4
A00008107,P008107,retry,1,2026-03-16 08:37:00,failed,0.0
A00008108,P008108,escalate,1,2026-02-08 05:02:00,failed,0.0
A00008109,P008109,retry,1,2026-01-14 22:18:00,failed,0.0
A00008110,P008110,retry,1,2026-02-20 22:48:00,success,4578.98
A00008111,P008111,message,1,2026-01-22 03:56:00,failed,0.0
A00008112,P008112,message,1,2026-05-31 16:37:00,failed,0.0
A00008113,P008113,escalate,1,2026-03-29 09:33:00,failed,0.0
A00008114,P008114,escalate,1,2026-05-22 17:44:00,success,7907.16
A00008115,P008115,message,1,2026-02-28 02:08:00,success,1861.84
A00008116,P008116,stop,1,2026-05-09 08:44:00,failed,0.0
A00008117,P008117,stop,1,2026-03-24 21:24:00,failed,0.0
A00008118,P008118,escalate,1,2026-06-18 08:07:00,failed,0.0
A00008119,P008119,message,1,2026-02-21 08:38:00,failed,0.0
A00008120,P008120,message,1,2026-06-08 19:52:00,failed,0.0
A00008121,P008121,stop,1,2026-05-07 06:11:00,failed,0.0
A00008122,P008122,escalate,1,2026-05-11 14:27:00,failed,0.0
A00008123,P008123,retry,1,2026-04-09 21:01:00,success,5487.89
A00008124,P008124,stop,1,2026-01-21 09:13:00,failed,0.0
A00008125,P008125,stop,1,2026-06-03 05:22:00,failed,0.0
A00008126,P008126,stop,1,2026-04-06 19:02:00,failed,0.0
A00008127,P008127,payment_link,1,2026-04-05 05:58:00,success,2713.95
A00008128,P008128,payment_link,1,2026-02-15 22:25:00,failed,0.0
A00008129,P008129,message,1,2026-01-02 21:38:00,failed,0.0
A00008130,P008130,retry,1,2026-01-14 22:50:00,failed,0.0
A00008131,P008131,payment_link,1,2026-06-15 08:03:00,failed,0.0
A00008132,P008132,escalate,1,2026-05-28 11:25:00,success,2362.37
A00008133,P008133,message,1,2026-01-13 20:01:00,success,2975.32
A00008134,P008134,retry,1,2026-05-04 07:20:00,failed,0.0
A00008135,P008135,message,1,2026-05-29 20:16:00,success,1145.42
A00008136,P008136,stop,1,2026-02-06 13:37:00,success,73130.28
A00008137,P008137,payment_link,1,2026-03-23 11:47:00,success,7283.74
A00008138,P008138,escalate,1,2026-05-30 16:39:00,success,7416.14
A00008139,P008139,retry,1,2026-06-19 21:53:00,success,4845.73
A00008140,P008140,retry,1,2026-04-26 23:25:00,success,23527.28
A00008141,P008141,escalate,1,2026-05-20 10:11:00,failed,0.0
A00008142,P008142,payment_link,1,2026-01-27 21:40:00,success,2565.5
A00008143,P008143,escalate,1,2026-03-31 12:39:00,failed,0.0
A00008144,P008144,escalate,1,2026-02-22 06:20:00,success,7424.64
A00008145,P008145,stop,1,2026-03-23 03:31:00,failed,0.0
A00008146,P008146,escalate,1,2026-05-05 10:37:00,failed,0.0
A00008147,P008147,retry,1,2026-01-15 19:41:00,failed,0.0
A00008148,P008148,escalate,1,2026-01-13 07:02:00,success,7951.59
A00008149,P008149,stop,1,2026-03-30 05:10:00,failed,0.0
A00008150,P008150,payment_link,1,2026-02-25 20:06:00,failed,0.0
A00008151,P008151,retry,1,2026-02-19 16:32:00,failed,0.0
A00008152,P008152,message,1,2026-05-05 06:52:00,failed,0.0
A00008153,P008153,message,1,2026-02-03 10:24:00,success,4869.22
A00008154,P008154,stop,1,2026-05-23 22:38:00,failed,0.0
A00008155,P008155,escalate,1,2026-02-07 20:49:00,failed,0.0
A00008156,P008156,message,1,2026-05-03 15:57:00,success,1877.82
A00008157,P008157,retry,1,2026-02-22 03:08:00,success,17633.37
A00008158,P008158,message,1,2026-05-26 21:19:00,failed,0.0
A00008159,P008159,stop,1,2026-02-15 11:45:00,failed,0.0
A00008160,P008160,retry,1,2026-05-26 05:03:00,failed,0.0
A00008161,P008161,escalate,1,2026-04-25 16:07:00,failed,0.0
A00008162,P008162,message,1,2026-02-18 18:40:00,failed,0.0
A00008163,P008163,payment_link,1,2026-06-17 01:58:00,success,2936.05
A00008164,P008164,message,1,2026-06-05 09:19:00,failed,0.0
A00008165,P008165,payment_link,1,2026-01-10 09:37:00,success,4965.13
A00008166,P008166,escalate,1,2026-04-16 19:49:00,failed,0.0
A00008167,P008167,escalate,1,2026-01-13 11:06:00,failed,0.0
A00008168,P008168,stop,1,2026-05-27 11:43:00,failed,0.0
A00008169,P008169,escalate,1,2026-04-18 07:21:00,failed,0.0
A00008170,P008170,escalate,1,2026-04-28 21:27:00,success,10439.34
A00008171,P008171,message,1,2026-03-16 04:25:00,failed,0.0
A00008172,P008172,message,1,2026-06-11 20:49:00,success,1549.57
A00008173,P008173,retry,1,2026-03-15 20:49:00,failed,0.0
A00008174,P008174,retry,1,2026-03-31 03:19:00,success,1163.59
A00008175,P008175,stop,1,2026-05-26 14:11:00,failed,0.0
A00008176,P008176,retry,1,2026-03-25 10:02:00,failed,0.0
A00008177,P008177,stop,1,2026-04-07 07:17:00,failed,0.0
A00008178,P008178,message,1,2026-06-07 18:42:00,success,1895.63
A00008179,P008179,stop,1,2026-03-31 22:56:00,success,4317.31
A00008180,P008180,message,1,2026-01-16 05:37:00,failed,0.0
A00008181,P008181,escalate,1,2026-03-14 14:32:00,success,11998.52
A00008182,P008182,stop,1,2026-03-13 12:13:00,failed,0.0
A00008183,P008183,payment_link,1,2026-03-26 23:52:00,failed,0.0
A00008184,P008184,retry,1,2026-06-02 06:58:00,failed,0.0
A00008185,P008185,message,1,2026-04-20 16:23:00,failed,0.0
A00008186,P008186,stop,1,2026-03-24 05:33:00,failed,0.0
A00008187,P008187,stop,1,2026-05-31 01:35:00,failed,0.0
A00008188,P008188,message,1,2026-05-25 10:20:00,success,1302.94
A00008189,P008189,stop,1,2026-05-23 18:35:00,failed,0.0
A00008190,P008190,escalate,1,2026-01-23 22:10:00,failed,0.0
A00008191,P008191,message,1,2026-04-03 14:11:00,failed,0.0
A00008192,P008192,retry,1,2026-06-22 16:35:00,failed,0.0
A00008193,P008193,stop,1,2026-03-31 02:22:00,failed,0.0
A00008194,P008194,escalate,1,2026-05-24 06:15:00,failed,0.0
A00008195,P008195,message,1,2026-01-29 02:33:00,failed,0.0
A00008196,P008196,escalate,1,2026-03-09 21:41:00,success,3084.7
A00008197,P008197,message,1,2026-04-03 21:56:00,failed,0.0
A00008198,P008198,message,1,2026-02-27 00:52:00,failed,0.0
A00008199,P008199,retry,1,2026-01-13 18:05:00,failed,0.0
A00008200,P008200,retry,1,2026-03-06 01:15:00,success,13749.23
A00008201,P008201,retry,1,2026-06-24 08:24:00,failed,0.0
A00008202,P008202,payment_link,1,2026-03-31 08:59:00,failed,0.0
A00008203,P008203,retry,1,2026-05-22 23:13:00,success,5848.41
A00008204,P008204,stop,1,2026-05-05 00:27:00,success,5134.34
A00008205,P008205,message,1,2026-03-16 09:41:00,failed,0.0
A00008206,P008206,payment_link,1,2026-01-25 04:57:00,success,1625.18
A00008207,P008207,message,1,2026-04-11 05:36:00,failed,0.0
A00008208,P008208,escalate,1,2026-04-11 01:35:00,success,10264.06
A00008209,P008209,stop,1,2026-02-08 18:54:00,failed,0.0
A00008210,P008210,payment_link,1,2026-02-17 02:46:00,success,1830.03
A00008211,P008211,stop,1,2026-05-05 03:01:00,failed,0.0
A00008212,P008212,payment_link,1,2026-03-04 15:40:00,success,3689.93
A00008213,P008213,retry,1,2026-02-26 18:24:00,success,5448.58
A00008214,P008214,stop,1,2026-02-07 09:25:00,failed,0.0
A00008215,P008215,retry,1,2026-02-11 18:25:00,success,3414.44
A00008216,P008216,escalate,1,2026-06-01 07:12:00,failed,0.0
A00008217,P008217,message,1,2026-01-21 23:54:00,failed,0.0
A00008218,P008218,retry,1,2026-04-25 02:30:00,success,4896.0
A00008219,P008219,escalate,1,2026-05-08 12:32:00,success,635.94
A00008220,P008220,escalate,1,2026-05-24 03:14:00,failed,0.0
A00008221,P008221,stop,1,2026-02-19 09:03:00,failed,0.0
A00008222,P008222,message,1,2026-03-18 19:40:00,failed,0.0
A00008223,P008223,escalate,1,2026-06-16 01:13:00,failed,0.0
A00008224,P008224,escalate,1,2026-01-23 20:28:00,success,1446.15
A00008225,P008225,message,1,2026-04-02 06:59:00,success,5323.04
A00008226,P008226,message,1,2026-02-11 16:05:00,success,13467.78
A00008227,P008227,message,1,2026-06-01 16:58:00,failed,0.0
A00008228,P008228,escalate,1,2026-01-16 03:46:00,failed,0.0
A00008229,P008229,escalate,1,2026-06-21 01:10:00,failed,0.0
A00008230,P008230,payment_link,1,2026-03-15 11:10:00,failed,0.0
A00008231,P008231,payment_link,1,2026-02-11 19:10:00,failed,0.0
A00008232,P008232,payment_link,1,2026-01-28 08:02:00,success,1036.52
A00008233,P008233,stop,1,2026-01-12 04:19:00,failed,0.0
A00008234,P008234,message,1,2026-06-05 21:39:00,success,13316.67
A00008235,P008235,payment_link,1,2026-03-30 15:50:00,failed,0.0
A00008236,P008236,retry,1,2026-06-10 20:01:00,failed,0.0
A00008237,P008237,escalate,1,2026-06-01 02:17:00,failed,0.0
A00008238,P008238,message,1,2026-01-15 11:48:00,success,5372.25
A00008239,P008239,payment_link,1,2026-06-16 13:05:00,failed,0.0
A00008240,P008240,stop,1,2026-02-24 11:40:00,failed,0.0
A00008241,P008241,escalate,1,2026-03-30 06:22:00,failed,0.0
A00008242,P008242,payment_link,1,2026-03-26 13:31:00,failed,0.0
A00008243,P008243,stop,1,2026-02-27 02:15:00,failed,0.0
A00008244,P008244,escalate,1,2026-04-17 12:13:00,failed,0.0
A00008245,P008245,message,1,2026-03-09 18:37:00,success,2949.82
A00008246,P008246,stop,1,2026-06-14 01:01:00,success,37253.02
A00008247,P008247,payment_link,1,2026-03-11 00:16:00,success,706.1
A00008248,P008248,stop,1,2026-06-27 15:07:00,failed,0.0
A00008249,P008249,stop,1,2026-02-09 21:18:00,failed,0.0
A00008250,P008250,retry,1,2026-01-31 22:49:00,success,15771.92
A00008251,P008251,message,1,2026-01-06 23:13:00,failed,0.0
A00008252,P008252,stop,1,2026-06-06 14:42:00,failed,0.0
A00008253,P008253,stop,1,2026-01-15 21:56:00,failed,0.0
A00008254,P008254,message,1,2026-05-10 23:56:00,failed,0.0
A00008255,P008255,message,1,2026-03-20 18:49:00,failed,0.0
A00008256,P008256,stop,1,2026-02-28 06:31:00,failed,0.0
A00008257,P008257,payment_link,1,2026-03-20 05:54:00,success,3157.49
A00008258,P008258,escalate,1,2026-04-06 17:08:00,success,1263.96
A00008259,P008259,payment_link,1,2026-06-04 20:54:00,failed,0.0
A00008260,P008260,payment_link,1,2026-05-17 17:00:00,success,5566.87
A00008261,P008261,retry,1,2026-04-17 10:27:00,success,3323.74
A00008262,P008262,payment_link,1,2026-03-29 03:33:00,failed,0.0
A00008263,P008263,retry,1,2026-06-04 00:18:00,failed,0.0
A00008264,P008264,payment_link,1,2026-04-20 19:41:00,failed,0.0
A00008265,P008265,payment_link,1,2026-04-10 19:41:00,success,1928.54
A00008266,P008266,message,1,2026-02-13 16:55:00,failed,0.0
A00008267,P008267,message,1,2026-04-05 05:04:00,failed,0.0
A00008268,P008268,stop,1,2026-04-14 15:48:00,failed,0.0
A00008269,P008269,stop,1,2026-01-09 00:52:00,failed,0.0
A00008270,P008270,payment_link,1,2026-05-05 18:46:00,success,6302.0
A00008271,P008271,escalate,1,2026-06-11 19:34:00,failed,0.0
A00008272,P008272,escalate,1,2026-04-14 15:19:00,failed,0.0
A00008273,P008273,message,1,2026-05-09 14:37:00,failed,0.0
A00008274,P008274,retry,1,2026-06-17 02:57:00,failed,0.0
A00008275,P008275,escalate,1,2026-06-03 12:34:00,failed,0.0
A00008276,P008276,payment_link,1,2026-06-07 09:57:00,failed,0.0
A00008277,P008277,payment_link,1,2026-01-12 03:44:00,success,5279.17
A00008278,P008278,message,1,2026-06-07 10:01:00,failed,0.0
A00008279,P008279,stop,1,2026-02-18 05:25:00,failed,0.0
A00008280,P008280,payment_link,1,2026-05-29 11:30:00,failed,0.0
A00008281,P008281,stop,1,2026-04-11 14:20:00,failed,0.0
A00008282,P008282,escalate,1,2026-03-01 02:51:00,success,7095.07
A00008283,P008283,message,1,2026-06-14 10:32:00,failed,0.0
A00008284,P008284,payment_link,1,2026-05-13 07:26:00,failed,0.0
A00008285,P008285,payment_link,1,2026-02-22 10:16:00,success,3082.72
A00008286,P008286,stop,1,2026-05-08 12:10:00,failed,0.0
A00008287,P008287,stop,1,2026-06-05 15:37:00,failed,0.0
A00008288,P008288,escalate,1,2026-04-10 12:57:00,failed,0.0
A00008289,P008289,retry,1,2026-04-05 11:57:00,failed,0.0
A00008290,P008290,payment_link,1,2026-04-26 01:23:00,failed,0.0
A00008291,P008291,message,1,2026-02-16 00:46:00,failed,0.0
A00008292,P008292,stop,1,2026-01-31 09:10:00,failed,0.0
A00008293,P008293,stop,1,2026-01-16 17:18:00,failed,0.0
A00008294,P008294,message,1,2026-03-29 06:18:00,success,877.37
A00008295,P008295,stop,1,2026-01-02 21:04:00,failed,0.0
A00008296,P008296,payment_link,1,2026-03-06 02:48:00,failed,0.0
A00008297,P008297,message,1,2026-06-12 17:25:00,failed,0.0
A00008298,P008298,retry,1,2026-01-11 17:55:00,success,5208.8
A00008299,P008299,message,1,2026-02-10 04:54:00,failed,0.0
A00008300,P008300,stop,1,2026-06-06 07:49:00,failed,0.0
A00008301,P008301,payment_link,1,2026-05-30 20:02:00,success,5838.34
A00008302,P008302,payment_link,1,2026-03-14 06:05:00,failed,0.0
A00008303,P008303,message,1,2026-05-27 19:57:00,failed,0.0
A00008304,P008304,escalate,1,2026-02-07 16:13:00,success,2762.22
A00008305,P008305,message,1,2026-02-14 20:05:00,success,5835.28
A00008306,P008306,message,1,2026-06-11 04:39:00,failed,0.0
A00008307,P008307,message,1,2026-04-09 04:11:00,success,2125.97
A00008308,P008308,payment_link,1,2026-06-25 19:45:00,success,3648.13
A00008309,P008309,message,1,2026-06-01 05:28:00,failed,0.0
A00008310,P008310,escalate,1,2026-02-07 02:50:00,failed,0.0
A00008311,P008311,payment_link,1,2026-02-10 14:07:00,failed,0.0
A00008312,P008312,retry,1,2026-06-19 16:06:00,failed,0.0
A00008313,P008313,escalate,1,2026-01-28 05:51:00,success,6478.49
A00008314,P008314,escalate,1,2026-03-16 17:50:00,success,724.38
A00008315,P008315,stop,1,2026-02-25 12:03:00,failed,0.0
A00008316,P008316,stop,1,2026-04-18 15:54:00,failed,0.0
A00008317,P008317,stop,1,2026-01-04 09:15:00,failed,0.0
A00008318,P008318,message,1,2026-06-20 08:43:00,failed,0.0
A00008319,P008319,stop,1,2026-06-26 18:29:00,failed,0.0
A00008320,P008320,message,1,2026-01-27 11:43:00,success,39934.8
A00008321,P008321,escalate,1,2026-02-08 03:19:00,success,3380.01
A00008322,P008322,stop,1,2026-01-31 12:00:00,failed,0.0
A00008323,P008323,stop,1,2026-06-09 01:37:00,success,3712.64
A00008324,P008324,stop,1,2026-06-29 23:01:00,failed,0.0
A00008325,P008325,escalate,1,2026-02-19 12:54:00,failed,0.0
A00008326,P008326,stop,1,2026-01-15 16:59:00,success,4053.11
A00008327,P008327,message,1,2026-05-27 00:18:00,failed,0.0
A00008328,P008328,stop,1,2026-04-01 18:05:00,failed,0.0
A00008329,P008329,escalate,1,2026-04-21 12:06:00,success,2345.6
A00008330,P008330,payment_link,1,2026-02-20 11:36:00,failed,0.0
A00008331,P008331,payment_link,1,2026-03-06 23:42:00,failed,0.0
A00008332,P008332,escalate,1,2026-01-08 15:38:00,success,10779.81
A00008333,P008333,stop,1,2026-04-26 15:07:00,failed,0.0
A00008334,P008334,stop,1,2026-02-05 18:32:00,failed,0.0
A00008335,P008335,message,1,2026-01-19 01:29:00,failed,0.0
A00008336,P008336,retry,1,2026-03-01 00:40:00,success,5089.05
A00008337,P008337,payment_link,1,2026-04-24 04:59:00,failed,0.0
A00008338,P008338,message,1,2026-02-22 09:06:00,success,916.37
A00008339,P008339,escalate,1,2026-04-04 23:11:00,success,19372.74
A00008340,P008340,escalate,1,2026-03-01 05:54:00,success,4685.29
A00008341,P008341,retry,1,2026-06-14 16:38:00,failed,0.0
A00008342,P008342,payment_link,1,2026-01-10 16:48:00,failed,0.0
A00008343,P008343,payment_link,1,2026-05-24 00:19:00,success,5652.03
A00008344,P008344,message,1,2026-01-13 07:52:00,failed,0.0
A00008345,P008345,stop,1,2026-03-23 14:27:00,failed,0.0
A00008346,P008346,stop,1,2026-04-15 19:40:00,failed,0.0
A00008347,P008347,retry,1,2026-02-20 07:57:00,failed,0.0
A00008348,P008348,payment_link,1,2026-05-14 14:05:00,success,7321.05
A00008349,P008349,message,1,2026-03-26 01:10:00,failed,0.0
A00008350,P008350,message,1,2026-06-23 10:34:00,success,1777.62
A00008351,P008351,retry,1,2026-05-29 13:35:00,failed,0.0
A00008352,P008352,message,1,2026-01-11 13:37:00,failed,0.0
A00008353,P008353,payment_link,1,2026-06-17 06:51:00,failed,0.0
A00008354,P008354,payment_link,1,2026-06-04 08:06:00,success,2527.45
A00008355,P008355,retry,1,2026-06-12 05:41:00,failed,0.0
A00008356,P008356,retry,1,2026-02-28 06:53:00,success,983.37
A00008357,P008357,retry,1,2026-04-20 11:10:00,failed,0.0
A00008358,P008358,message,1,2026-04-24 21:03:00,failed,0.0
A00008359,P008359,stop,1,2026-01-01 16:27:00,failed,0.0
A00008360,P008360,payment_link,1,2026-01-27 22:49:00,success,2187.79
A00008361,P008361,payment_link,1,2026-02-18 15:13:00,success,2266.28
A00008362,P008362,escalate,1,2026-06-29 20:48:00,failed,0.0
A00008363,P008363,escalate,1,2026-03-15 22:43:00,failed,0.0
A00008364,P008364,retry,1,2026-05-16 14:03:00,failed,0.0
A00008365,P008365,retry,1,2026-06-04 09:04:00,success,40572.87
A00008366,P008366,payment_link,1,2026-04-12 06:34:00,success,6235.68
A00008367,P008367,retry,1,2026-01-14 21:04:00,success,5151.8
A00008368,P008368,stop,1,2026-02-19 13:49:00,failed,0.0
A00008369,P008369,stop,1,2026-01-08 12:08:00,failed,0.0
A00008370,P008370,payment_link,1,2026-02-14 03:42:00,failed,0.0
A00008371,P008371,escalate,1,2026-03-22 04:11:00,success,2918.62
A00008372,P008372,message,1,2026-01-13 05:16:00,failed,0.0
A00008373,P008373,payment_link,1,2026-04-16 08:58:00,success,2813.2
A00008374,P008374,retry,1,2026-01-03 08:10:00,failed,0.0
A00008375,P008375,retry,1,2026-01-13 04:52:00,failed,0.0
A00008376,P008376,message,1,2026-02-04 08:07:00,failed,0.0
A00008377,P008377,stop,1,2026-04-06 22:01:00,failed,0.0
A00008378,P008378,message,1,2026-03-22 08:25:00,failed,0.0
A00008379,P008379,payment_link,1,2026-06-23 14:37:00,success,3083.45
A00008380,P008380,message,1,2026-06-25 14:16:00,success,4439.39
A00008381,P008381,stop,1,2026-03-16 19:44:00,failed,0.0
A00008382,P008382,escalate,1,2026-04-09 03:08:00,success,5729.82
A00008383,P008383,retry,1,2026-01-05 12:09:00,success,9970.47
A00008384,P008384,message,1,2026-03-28 06:20:00,success,4225.18
A00008385,P008385,stop,1,2026-02-06 08:35:00,failed,0.0
A00008386,P008386,escalate,1,2026-06-11 21:26:00,failed,0.0
A00008387,P008387,stop,1,2026-04-23 07:15:00,failed,0.0
A00008388,P008388,retry,1,2026-01-09 18:31:00,failed,0.0
A00008389,P008389,payment_link,1,2026-06-20 07:07:00,success,785.19
A00008390,P008390,escalate,1,2026-03-15 10:56:00,failed,0.0
A00008391,P008391,escalate,1,2026-05-17 02:11:00,success,1440.05
A00008392,P008392,message,1,2026-01-09 09:03:00,failed,0.0
A00008393,P008393,retry,1,2026-06-05 09:43:00,failed,0.0
A00008394,P008394,payment_link,1,2026-03-13 02:22:00,success,2126.22
A00008395,P008395,stop,1,2026-01-05 16:27:00,failed,0.0
A00008396,P008396,payment_link,1,2026-03-27 04:27:00,failed,0.0
A00008397,P008397,payment_link,1,2026-03-17 22:09:00,success,13267.13
A00008398,P008398,retry,1,2026-03-07 11:27:00,failed,0.0
A00008399,P008399,message,1,2026-03-21 15:14:00,success,18185.17
A00008400,P008400,stop,1,2026-05-28 03:24:00,failed,0.0
A00008401,P008401,retry,1,2026-01-13 22:47:00,failed,0.0
A00008402,P008402,payment_link,1,2026-04-09 04:04:00,failed,0.0
A00008403,P008403,message,1,2026-02-01 10:27:00,success,6847.41
A00008404,P008404,retry,1,2026-02-08 06:45:00,failed,0.0
A00008405,P008405,payment_link,1,2026-06-11 07:00:00,success,2069.08
A00008406,P008406,message,1,2026-06-15 06:01:00,failed,0.0
A00008407,P008407,message,1,2026-02-22 16:34:00,failed,0.0
A00008408,P008408,retry,1,2026-04-21 11:11:00,success,1876.93
A00008409,P008409,stop,1,2026-04-08 22:49:00,failed,0.0
A00008410,P008410,retry,1,2026-03-02 18:27:00,failed,0.0
A00008411,P008411,message,1,2026-01-26 23:25:00,failed,0.0
A00008412,P008412,payment_link,1,2026-06-18 23:48:00,failed,0.0
A00008413,P008413,retry,1,2026-01-24 08:08:00,success,2073.28
A00008414,P008414,payment_link,1,2026-06-29 12:19:00,success,4536.64
A00008415,P008415,message,1,2026-05-26 00:11:00,failed,0.0
A00008416,P008416,message,1,2026-03-12 11:29:00,failed,0.0
A00008417,P008417,message,1,2026-05-06 12:57:00,failed,0.0
A00008418,P008418,payment_link,1,2026-01-13 05:09:00,success,1041.44
A00008419,P008419,escalate,1,2026-04-02 23:47:00,failed,0.0
A00008420,P008420,message,1,2026-05-12 06:38:00,success,5160.21
A00008421,P008421,retry,1,2026-01-07 10:58:00,success,5267.32
A00008422,P008422,message,1,2026-02-13 08:17:00,failed,0.0
A00008423,P008423,retry,1,2026-03-06 05:49:00,failed,0.0
A00008424,P008424,payment_link,1,2026-06-21 12:03:00,success,5684.92
A00008425,P008425,message,1,2026-06-29 09:56:00,failed,0.0
A00008426,P008426,stop,1,2026-03-12 00:14:00,success,2491.46
A00008427,P008427,stop,1,2026-05-17 05:31:00,failed,0.0
A00008428,P008428,message,1,2026-04-11 10:18:00,failed,0.0
A00008429,P008429,retry,1,2026-06-04 02:15:00,success,3286.49
A00008430,P008430,retry,1,2026-01-30 08:19:00,failed,0.0
A00008431,P008431,message,1,2026-05-30 21:28:00,success,3606.78
A00008432,P008432,escalate,1,2026-03-16 01:36:00,failed,0.0
A00008433,P008433,retry,1,2026-02-09 09:23:00,success,4191.38
A00008434,P008434,stop,1,2026-02-14 13:54:00,failed,0.0
A00008435,P008435,message,1,2026-02-04 17:09:00,failed,0.0
A00008436,P008436,stop,1,2026-04-09 18:56:00,failed,0.0
A00008437,P008437,escalate,1,2026-05-01 04:41:00,success,4462.62
A00008438,P008438,message,1,2026-04-03 12:15:00,success,3518.3
A00008439,P008439,message,1,2026-05-17 07:53:00,failed,0.0
A00008440,P008440,payment_link,1,2026-04-06 14:38:00,failed,0.0
A00008441,P008441,payment_link,1,2026-06-01 14:29:00,success,397.99
A00008442,P008442,stop,1,2026-06-22 02:09:00,failed,0.0
A00008443,P008443,escalate,1,2026-03-05 08:38:00,failed,0.0
A00008444,P008444,stop,1,2026-03-10 20:58:00,failed,0.0
A00008445,P008445,retry,1,2026-06-24 21:36:00,failed,0.0
A00008446,P008446,payment_link,1,2026-05-03 05:00:00,failed,0.0
A00008447,P008447,stop,1,2026-01-15 22:51:00,failed,0.0
A00008448,P008448,retry,1,2026-05-31 14:04:00,failed,0.0
A00008449,P008449,stop,1,2026-02-05 02:36:00,failed,0.0
A00008450,P008450,payment_link,1,2026-04-22 03:22:00,success,1355.2
A00008451,P008451,retry,1,2026-02-27 18:27:00,success,1530.44
A00008452,P008452,retry,1,2026-04-04 06:49:00,failed,0.0
A00008453,P008453,stop,1,2026-03-26 01:43:00,failed,0.0
A00008454,P008454,escalate,1,2026-03-05 15:47:00,failed,0.0
A00008455,P008455,payment_link,1,2026-05-31 09:22:00,failed,0.0
A00008456,P008456,message,1,2026-04-14 10:45:00,success,2527.07
A00008457,P008457,stop,1,2026-05-22 14:49:00,failed,0.0
A00008458,P008458,message,1,2026-03-10 06:33:00,success,1943.93
A00008459,P008459,escalate,1,2026-05-27 12:50:00,failed,0.0
A00008460,P008460,message,1,2026-02-25 21:49:00,success,1553.83
A00008461,P008461,stop,1,2026-05-22 00:59:00,failed,0.0
A00008462,P008462,stop,1,2026-02-11 09:24:00,failed,0.0
A00008463,P008463,stop,1,2026-06-27 23:52:00,failed,0.0
A00008464,P008464,retry,1,2026-03-03 07:18:00,success,6602.29
A00008465,P008465,retry,1,2026-06-26 12:33:00,failed,0.0
A00008466,P008466,message,1,2026-02-24 16:45:00,failed,0.0
A00008467,P008467,stop,1,2026-04-12 14:15:00,failed,0.0
A00008468,P008468,retry,1,2026-01-01 11:38:00,success,815.95
A00008469,P008469,message,1,2026-03-07 13:10:00,failed,0.0
A00008470,P008470,escalate,1,2026-02-27 04:47:00,success,7609.93
A00008471,P008471,escalate,1,2026-01-11 07:04:00,success,799.82
A00008472,P008472,escalate,1,2026-02-08 08:54:00,failed,0.0
A00008473,P008473,stop,1,2026-06-23 00:59:00,failed,0.0
A00008474,P008474,retry,1,2026-06-21 00:40:00,failed,0.0
A00008475,P008475,stop,1,2026-02-15 18:18:00,failed,0.0
A00008476,P008476,stop,1,2026-02-04 07:14:00,failed,0.0
A00008477,P008477,retry,1,2026-01-30 22:53:00,success,2046.27
A00008478,P008478,escalate,1,2026-01-30 00:25:00,success,1563.22
A00008479,P008479,retry,1,2026-01-03 22:45:00,success,2361.48
A00008480,P008480,escalate,1,2026-01-10 02:04:00,failed,0.0
A00008481,P008481,payment_link,1,2026-06-08 22:37:00,failed,0.0
A00008482,P008482,escalate,1,2026-05-21 06:36:00,failed,0.0
A00008483,P008483,retry,1,2026-04-10 13:57:00,success,1805.46
A00008484,P008484,payment_link,1,2026-01-26 22:53:00,failed,0.0
A00008485,P008485,escalate,1,2026-05-20 23:25:00,failed,0.0
A00008486,P008486,stop,1,2026-05-29 19:23:00,success,5024.66
A00008487,P008487,retry,1,2026-04-03 13:39:00,success,1733.61
A00008488,P008488,retry,1,2026-01-27 02:35:00,failed,0.0
A00008489,P008489,retry,1,2026-03-03 14:03:00,failed,0.0
A00008490,P008490,escalate,1,2026-01-19 22:06:00,success,2226.58
A00008491,P008491,message,1,2026-03-29 16:12:00,failed,0.0
A00008492,P008492,retry,1,2026-04-23 01:46:00,failed,0.0
A00008493,P008493,escalate,1,2026-01-15 19:48:00,success,4027.13
A00008494,P008494,message,1,2026-03-12 08:25:00,failed,0.0
A00008495,P008495,payment_link,1,2026-04-15 19:32:00,failed,0.0
A00008496,P008496,payment_link,1,2026-02-02 10:30:00,success,4182.21
A00008497,P008497,retry,1,2026-03-09 06:41:00,failed,0.0
A00008498,P008498,message,1,2026-06-12 11:20:00,failed,0.0
A00008499,P008499,message,1,2026-06-08 04:50:00,failed,0.0
A00008500,P008500,message,1,2026-02-06 20:02:00,failed,0.0
A00008501,P008501,stop,1,2026-05-08 20:21:00,failed,0.0
A00008502,P008502,payment_link,1,2026-01-16 22:37:00,failed,0.0
A00008503,P008503,message,1,2026-06-04 02:52:00,success,1387.24
A00008504,P008504,escalate,1,2026-01-21 16:16:00,failed,0.0
A00008505,P008505,message,1,2026-05-13 19:53:00,failed,0.0
A00008506,P008506,escalate,1,2026-01-27 16:24:00,failed,0.0
A00008507,P008507,retry,1,2026-01-29 00:28:00,success,16206.51
A00008508,P008508,message,1,2026-03-27 08:21:00,failed,0.0
A00008509,P008509,escalate,1,2026-01-15 16:54:00,failed,0.0
A00008510,P008510,stop,1,2026-02-07 20:18:00,success,1617.93
A00008511,P008511,stop,1,2026-02-06 19:10:00,failed,0.0
A00008512,P008512,stop,1,2026-05-23 06:44:00,failed,0.0
A00008513,P008513,stop,1,2026-01-23 17:58:00,failed,0.0
A00008514,P008514,message,1,2026-03-13 14:22:00,success,3299.63
A00008515,P008515,message,1,2026-03-16 08:10:00,failed,0.0
A00008516,P008516,payment_link,1,2026-03-14 08:15:00,failed,0.0
A00008517,P008517,escalate,1,2026-03-15 16:37:00,failed,0.0
A00008518,P008518,escalate,1,2026-02-28 09:56:00,failed,0.0
A00008519,P008519,escalate,1,2026-03-04 21:05:00,failed,0.0
A00008520,P008520,payment_link,1,2026-01-17 06:19:00,failed,0.0
A00008521,P008521,message,1,2026-01-24 19:58:00,success,1903.79
A00008522,P008522,escalate,1,2026-06-29 07:28:00,failed,0.0
A00008523,P008523,stop,1,2026-01-14 15:37:00,failed,0.0
A00008524,P008524,stop,1,2026-03-15 11:06:00,failed,0.0
A00008525,P008525,payment_link,1,2026-01-29 20:50:00,success,3027.31
A00008526,P008526,retry,1,2026-05-31 09:39:00,failed,0.0
A00008527,P008527,escalate,1,2026-04-19 11:03:00,failed,0.0
A00008528,P008528,message,1,2026-03-13 18:04:00,failed,0.0
A00008529,P008529,stop,1,2026-04-01 22:38:00,failed,0.0
A00008530,P008530,stop,1,2026-02-19 11:45:00,failed,0.0
A00008531,P008531,message,1,2026-04-10 17:51:00,failed,0.0
A00008532,P008532,escalate,1,2026-02-21 10:31:00,success,1283.23
A00008533,P008533,message,1,2026-03-31 07:21:00,success,1783.77
A00008534,P008534,escalate,1,2026-03-04 03:02:00,success,2742.96
A00008535,P008535,escalate,1,2026-03-08 01:46:00,failed,0.0
A00008536,P008536,escalate,1,2026-02-04 23:36:00,success,1207.24
A00008537,P008537,message,1,2026-02-22 00:46:00,failed,0.0
A00008538,P008538,retry,1,2026-01-22 10:10:00,success,2011.22
A00008539,P008539,message,1,2026-04-08 04:51:00,success,3314.68
A00008540,P008540,stop,1,2026-01-01 13:29:00,failed,0.0
A00008541,P008541,stop,1,2026-03-14 19:12:00,failed,0.0
A00008542,P008542,escalate,1,2026-01-01 02:26:00,success,3511.99
A00008543,P008543,retry,1,2026-03-14 20:53:00,success,4770.74
A00008544,P008544,message,1,2026-03-08 04:29:00,failed,0.0
A00008545,P008545,retry,1,2026-04-11 16:50:00,success,5236.66
A00008546,P008546,stop,1,2026-05-03 18:57:00,failed,0.0
A00008547,P008547,escalate,1,2026-04-17 04:51:00,failed,0.0
A00008548,P008548,escalate,1,2026-04-18 23:02:00,failed,0.0
A00008549,P008549,escalate,1,2026-01-30 08:36:00,success,1332.19
A00008550,P008550,retry,1,2026-06-10 14:10:00,failed,0.0
A00008551,P008551,stop,1,2026-03-22 11:52:00,failed,0.0
A00008552,P008552,message,1,2026-04-01 01:58:00,success,6647.05
A00008553,P008553,payment_link,1,2026-05-09 14:03:00,failed,0.0
A00008554,P008554,escalate,1,2026-03-15 17:17:00,success,4117.9
A00008555,P008555,message,1,2026-02-14 03:13:00,success,25535.53
A00008556,P008556,message,1,2026-01-13 15:47:00,success,1653.12
A00008557,P008557,payment_link,1,2026-04-25 03:03:00,failed,0.0
A00008558,P008558,message,1,2026-01-14 05:01:00,failed,0.0
A00008559,P008559,stop,1,2026-03-08 17:51:00,failed,0.0
A00008560,P008560,payment_link,1,2026-04-02 05:34:00,failed,0.0
A00008561,P008561,stop,1,2026-04-12 22:11:00,failed,0.0
A00008562,P008562,message,1,2026-05-13 09:56:00,failed,0.0
A00008563,P008563,escalate,1,2026-03-06 02:55:00,success,2667.15
A00008564,P008564,stop,1,2026-02-03 07:37:00,failed,0.0
A00008565,P008565,payment_link,1,2026-01-19 05:45:00,success,1008.37
A00008566,P008566,stop,1,2026-06-02 12:53:00,failed,0.0
A00008567,P008567,stop,1,2026-02-23 09:25:00,failed,0.0
A00008568,P008568,message,1,2026-03-27 12:58:00,failed,0.0
A00008569,P008569,stop,1,2026-05-30 17:01:00,failed,0.0
A00008570,P008570,payment_link,1,2026-06-08 20:24:00,failed,0.0
A00008571,P008571,stop,1,2026-05-31 04:32:00,failed,0.0
A00008572,P008572,message,1,2026-04-03 14:33:00,failed,0.0
A00008573,P008573,message,1,2026-04-10 21:13:00,success,5408.6
A00008574,P008574,retry,1,2026-01-29 16:28:00,success,12430.91
A00008575,P008575,payment_link,1,2026-01-30 03:58:00,failed,0.0
A00008576,P008576,escalate,1,2026-03-11 02:59:00,failed,0.0
A00008577,P008577,stop,1,2026-06-28 09:21:00,failed,0.0
A00008578,P008578,payment_link,1,2026-06-10 16:31:00,success,492.2
A00008579,P008579,retry,1,2026-04-29 15:14:00,failed,0.0
A00008580,P008580,stop,1,2026-06-11 19:30:00,failed,0.0
A00008581,P008581,stop,1,2026-05-16 13:39:00,failed,0.0
A00008582,P008582,stop,1,2026-02-12 09:03:00,failed,0.0
A00008583,P008583,retry,1,2026-03-23 11:26:00,failed,0.0
A00008584,P008584,payment_link,1,2026-02-28 18:09:00,failed,0.0
A00008585,P008585,message,1,2026-05-21 08:33:00,failed,0.0
A00008586,P008586,retry,1,2026-01-09 22:33:00,failed,0.0
A00008587,P008587,payment_link,1,2026-05-26 18:43:00,failed,0.0
A00008588,P008588,message,1,2026-06-13 06:50:00,success,3508.06
A00008589,P008589,message,1,2026-01-05 14:35:00,failed,0.0
A00008590,P008590,stop,1,2026-06-21 11:43:00,failed,0.0
A00008591,P008591,stop,1,2026-03-10 15:23:00,failed,0.0
A00008592,P008592,payment_link,1,2026-01-28 20:26:00,success,5092.91
A00008593,P008593,escalate,1,2026-05-18 23:01:00,failed,0.0
A00008594,P008594,stop,1,2026-02-24 10:59:00,failed,0.0
A00008595,P008595,stop,1,2026-06-17 16:35:00,failed,0.0
A00008596,P008596,retry,1,2026-06-24 05:51:00,success,4432.03
A00008597,P008597,escalate,1,2026-05-04 17:06:00,failed,0.0
A00008598,P008598,retry,1,2026-02-28 07:07:00,success,2372.64
A00008599,P008599,message,1,2026-02-07 02:55:00,failed,0.0
A00008600,P008600,message,1,2026-04-14 23:49:00,success,4501.5
A00008601,P008601,message,1,2026-05-11 05:28:00,success,3353.2
A00008602,P008602,message,1,2026-06-29 23:23:00,success,4605.11
A00008603,P008603,payment_link,1,2026-03-08 18:06:00,failed,0.0
A00008604,P008604,retry,1,2026-02-27 11:47:00,success,1894.83
A00008605,P008605,retry,1,2026-01-09 18:11:00,failed,0.0
A00008606,P008606,retry,1,2026-02-07 16:49:00,failed,0.0
A00008607,P008607,retry,1,2026-03-08 17:50:00,success,3176.78
A00008608,P008608,escalate,1,2026-06-06 02:03:00,success,1973.16
A00008609,P008609,retry,1,2026-05-19 01:43:00,failed,0.0
A00008610,P008610,escalate,1,2026-05-18 00:43:00,success,904.39
A00008611,P008611,message,1,2026-05-11 01:42:00,success,1172.21
A00008612,P008612,payment_link,1,2026-06-04 12:04:00,success,9608.73
A00008613,P008613,retry,1,2026-04-24 01:56:00,failed,0.0
A00008614,P008614,escalate,1,2026-04-21 13:47:00,success,680.04
A00008615,P008615,retry,1,2026-01-12 22:03:00,failed,0.0
A00008616,P008616,message,1,2026-03-11 22:32:00,failed,0.0
A00008617,P008617,escalate,1,2026-05-19 13:04:00,failed,0.0
A00008618,P008618,message,1,2026-03-08 19:58:00,success,7461.48
A00008619,P008619,stop,1,2026-05-24 07:19:00,failed,0.0
A00008620,P008620,escalate,1,2026-01-31 21:57:00,failed,0.0
A00008621,P008621,retry,1,2026-05-04 06:33:00,failed,0.0
A00008622,P008622,message,1,2026-02-21 18:02:00,success,3828.92
A00008623,P008623,stop,1,2026-01-14 08:42:00,failed,0.0
A00008624,P008624,payment_link,1,2026-05-16 01:28:00,failed,0.0
A00008625,P008625,payment_link,1,2026-04-29 14:18:00,failed,0.0
A00008626,P008626,escalate,1,2026-02-19 10:15:00,failed,0.0
A00008627,P008627,payment_link,1,2026-05-05 06:24:00,success,1249.6
A00008628,P008628,stop,1,2026-04-18 13:09:00,failed,0.0
A00008629,P008629,payment_link,1,2026-05-10 05:11:00,success,6149.28
A00008630,P008630,payment_link,1,2026-01-11 05:15:00,success,7538.68
A00008631,P008631,payment_link,1,2026-01-28 13:02:00,failed,0.0
A00008632,P008632,retry,1,2026-01-28 00:28:00,failed,0.0
A00008633,P008633,payment_link,1,2026-05-21 09:11:00,failed,0.0
A00008634,P008634,escalate,1,2026-04-11 02:12:00,failed,0.0
A00008635,P008635,payment_link,1,2026-04-14 02:31:00,failed,0.0
A00008636,P008636,retry,1,2026-01-09 22:50:00,success,1406.46
A00008637,P008637,retry,1,2026-02-19 15:16:00,success,7912.15
A00008638,P008638,retry,1,2026-02-14 13:11:00,success,3003.9
A00008639,P008639,payment_link,1,2026-05-14 22:00:00,failed,0.0
A00008640,P008640,stop,1,2026-04-13 03:47:00,failed,0.0
A00008641,P008641,stop,1,2026-03-01 03:16:00,failed,0.0
A00008642,P008642,escalate,1,2026-06-23 07:21:00,failed,0.0
A00008643,P008643,stop,1,2026-05-22 19:42:00,failed,0.0
A00008644,P008644,retry,1,2026-01-31 12:28:00,success,1065.8
A00008645,P008645,message,1,2026-04-17 14:08:00,failed,0.0
A00008646,P008646,message,1,2026-06-26 18:12:00,success,7735.67
A00008647,P008647,escalate,1,2026-06-10 04:39:00,failed,0.0
A00008648,P008648,retry,1,2026-06-20 01:50:00,success,3328.69
A00008649,P008649,retry,1,2026-06-05 08:41:00,failed,0.0
A00008650,P008650,message,1,2026-01-17 01:29:00,success,2519.94
A00008651,P008651,escalate,1,2026-06-17 23:35:00,failed,0.0
A00008652,P008652,payment_link,1,2026-03-30 16:01:00,success,899.29
A00008653,P008653,escalate,1,2026-04-14 09:52:00,failed,0.0
A00008654,P008654,stop,1,2026-03-08 11:56:00,success,15515.36
A00008655,P008655,retry,1,2026-03-10 20:31:00,success,5025.29
A00008656,P008656,stop,1,2026-06-20 18:22:00,failed,0.0
A00008657,P008657,escalate,1,2026-05-23 09:09:00,failed,0.0
A00008658,P008658,stop,1,2026-05-11 08:04:00,failed,0.0
A00008659,P008659,retry,1,2026-04-25 01:49:00,failed,0.0
A00008660,P008660,message,1,2026-01-27 06:05:00,failed,0.0
A00008661,P008661,message,1,2026-05-14 03:08:00,success,17173.8
A00008662,P008662,stop,1,2026-04-18 23:16:00,failed,0.0
A00008663,P008663,payment_link,1,2026-04-10 10:38:00,failed,0.0
A00008664,P008664,escalate,1,2026-06-01 11:26:00,success,7105.8
A00008665,P008665,retry,1,2026-03-24 03:30:00,failed,0.0
A00008666,P008666,message,1,2026-03-31 21:29:00,failed,0.0
A00008667,P008667,stop,1,2026-04-08 02:41:00,failed,0.0
A00008668,P008668,payment_link,1,2026-02-04 04:34:00,failed,0.0
A00008669,P008669,stop,1,2026-06-23 03:31:00,success,1078.81
A00008670,P008670,payment_link,1,2026-04-03 16:31:00,failed,0.0
A00008671,P008671,retry,1,2026-06-20 20:10:00,success,1215.4
A00008672,P008672,escalate,1,2026-06-19 22:53:00,failed,0.0
A00008673,P008673,stop,1,2026-04-14 01:12:00,success,3870.77
A00008674,P008674,retry,1,2026-02-26 07:42:00,success,4148.39
A00008675,P008675,escalate,1,2026-02-08 16:44:00,success,4063.79
A00008676,P008676,escalate,1,2026-05-08 04:04:00,failed,0.0
A00008677,P008677,message,1,2026-04-02 23:11:00,failed,0.0
A00008678,P008678,message,1,2026-01-31 04:23:00,failed,0.0
A00008679,P008679,message,1,2026-01-07 09:20:00,failed,0.0
A00008680,P008680,escalate,1,2026-06-01 21:05:00,failed,0.0
A00008681,P008681,escalate,1,2026-06-16 01:54:00,success,2467.49
A00008682,P008682,message,1,2026-03-29 15:47:00,failed,0.0
A00008683,P008683,escalate,1,2026-06-05 02:42:00,failed,0.0
A00008684,P008684,retry,1,2026-01-13 15:19:00,failed,0.0
A00008685,P008685,payment_link,1,2026-02-04 20:51:00,success,1493.13
A00008686,P008686,stop,1,2026-01-10 05:32:00,failed,0.0
A00008687,P008687,payment_link,1,2026-06-28 04:50:00,failed,0.0
A00008688,P008688,payment_link,1,2026-05-25 01:45:00,failed,0.0
A00008689,P008689,retry,1,2026-02-17 23:05:00,failed,0.0
A00008690,P008690,payment_link,1,2026-01-25 18:02:00,failed,0.0
A00008691,P008691,payment_link,1,2026-01-30 08:13:00,failed,0.0
A00008692,P008692,retry,1,2026-05-23 23:03:00,failed,0.0
A00008693,P008693,message,1,2026-04-15 00:48:00,failed,0.0
A00008694,P008694,retry,1,2026-02-02 07:45:00,failed,0.0
A00008695,P008695,stop,1,2026-02-18 14:47:00,failed,0.0
A00008696,P008696,escalate,1,2026-01-08 19:46:00,success,3221.45
A00008697,P008697,message,1,2026-02-18 05:31:00,failed,0.0
A00008698,P008698,stop,1,2026-06-04 02:25:00,success,7413.06
A00008699,P008699,retry,1,2026-02-25 15:12:00,failed,0.0
A00008700,P008700,message,1,2026-02-18 20:21:00,success,5524.59
A00008701,P008701,message,1,2026-03-26 08:01:00,success,2904.16
A00008702,P008702,retry,1,2026-02-01 11:30:00,failed,0.0
A00008703,P008703,escalate,1,2026-01-25 06:31:00,success,1176.46
A00008704,P008704,stop,1,2026-03-27 19:07:00,success,6921.0
A00008705,P008705,payment_link,1,2026-01-27 01:09:00,success,6514.32
A00008706,P008706,stop,1,2026-05-04 04:35:00,failed,0.0
A00008707,P008707,message,1,2026-03-14 07:01:00,success,5551.67
A00008708,P008708,message,1,2026-01-02 06:19:00,success,1261.1
A00008709,P008709,escalate,1,2026-04-26 14:01:00,failed,0.0
A00008710,P008710,escalate,1,2026-03-03 09:55:00,failed,0.0
A00008711,P008711,payment_link,1,2026-03-06 21:02:00,failed,0.0
A00008712,P008712,message,1,2026-01-09 16:02:00,failed,0.0
A00008713,P008713,payment_link,1,2026-06-07 23:49:00,success,3986.9
A00008714,P008714,message,1,2026-01-05 01:00:00,failed,0.0
A00008715,P008715,escalate,1,2026-06-24 12:05:00,failed,0.0
A00008716,P008716,escalate,1,2026-03-17 04:03:00,success,3936.94
A00008717,P008717,stop,1,2026-05-16 08:09:00,failed,0.0
A00008718,P008718,escalate,1,2026-01-11 05:05:00,failed,0.0
A00008719,P008719,retry,1,2026-02-03 22:21:00,failed,0.0
A00008720,P008720,payment_link,1,2026-04-16 23:22:00,success,5027.51
A00008721,P008721,payment_link,1,2026-05-04 05:01:00,failed,0.0
A00008722,P008722,stop,1,2026-04-29 04:19:00,failed,0.0
A00008723,P008723,message,1,2026-01-12 17:02:00,success,1205.9
A00008724,P008724,payment_link,1,2026-04-12 07:26:00,failed,0.0
A00008725,P008725,message,1,2026-04-03 04:40:00,failed,0.0
A00008726,P008726,escalate,1,2026-03-12 20:53:00,failed,0.0
A00008727,P008727,payment_link,1,2026-05-24 13:46:00,failed,0.0
A00008728,P008728,payment_link,1,2026-02-06 15:43:00,failed,0.0
A00008729,P008729,message,1,2026-05-03 23:35:00,success,768.65
A00008730,P008730,retry,1,2026-03-30 17:04:00,failed,0.0
A00008731,P008731,message,1,2026-04-08 13:46:00,success,1904.22
A00008732,P008732,message,1,2026-01-01 13:45:00,failed,0.0
A00008733,P008733,stop,1,2026-03-16 05:12:00,failed,0.0
A00008734,P008734,message,1,2026-01-16 17:36:00,failed,0.0
A00008735,P008735,message,1,2026-02-15 03:40:00,failed,0.0
A00008736,P008736,payment_link,1,2026-05-09 14:52:00,success,41559.44
A00008737,P008737,stop,1,2026-06-20 20:07:00,failed,0.0
A00008738,P008738,payment_link,1,2026-03-16 08:48:00,failed,0.0
A00008739,P008739,payment_link,1,2026-04-26 11:14:00,failed,0.0
A00008740,P008740,stop,1,2026-05-02 12:43:00,failed,0.0
A00008741,P008741,retry,1,2026-06-19 05:40:00,failed,0.0
A00008742,P008742,stop,1,2026-05-15 13:46:00,failed,0.0
A00008743,P008743,payment_link,1,2026-01-16 19:23:00,failed,0.0
A00008744,P008744,message,1,2026-01-05 01:50:00,failed,0.0
A00008745,P008745,payment_link,1,2026-06-21 17:13:00,failed,0.0
A00008746,P008746,message,1,2026-05-19 01:48:00,success,2392.7
A00008747,P008747,stop,1,2026-02-15 02:08:00,failed,0.0
A00008748,P008748,escalate,1,2026-05-03 23:42:00,success,7279.15
A00008749,P008749,escalate,1,2026-04-11 21:51:00,failed,0.0
A00008750,P008750,escalate,1,2026-05-25 14:14:00,failed,0.0
A00008751,P008751,stop,1,2026-03-14 08:31:00,failed,0.0
A00008752,P008752,stop,1,2026-02-09 01:42:00,failed,0.0
A00008753,P008753,stop,1,2026-05-12 10:31:00,success,9094.66
A00008754,P008754,escalate,1,2026-04-20 18:55:00,success,21350.21
A00008755,P008755,stop,1,2026-05-26 04:40:00,failed,0.0
A00008756,P008756,stop,1,2026-06-24 20:05:00,failed,0.0
A00008757,P008757,payment_link,1,2026-05-06 02:57:00,success,12355.95
A00008758,P008758,stop,1,2026-05-13 12:10:00,success,3531.79
A00008759,P008759,payment_link,1,2026-06-11 14:13:00,success,1645.43
A00008760,P008760,retry,1,2026-06-19 08:21:00,success,6463.97
A00008761,P008761,message,1,2026-01-02 05:39:00,failed,0.0
A00008762,P008762,stop,1,2026-05-12 20:38:00,failed,0.0
A00008763,P008763,payment_link,1,2026-02-08 12:22:00,failed,0.0
A00008764,P008764,payment_link,1,2026-01-23 23:40:00,failed,0.0
A00008765,P008765,escalate,1,2026-04-23 10:51:00,success,1471.06
A00008766,P008766,retry,1,2026-02-04 12:47:00,failed,0.0
A00008767,P008767,message,1,2026-06-07 05:13:00,failed,0.0
A00008768,P008768,stop,1,2026-04-27 22:46:00,failed,0.0
A00008769,P008769,message,1,2026-01-29 05:14:00,failed,0.0
A00008770,P008770,payment_link,1,2026-06-17 17:26:00,failed,0.0
A00008771,P008771,payment_link,1,2026-03-19 00:35:00,failed,0.0
A00008772,P008772,retry,1,2026-02-23 23:21:00,failed,0.0
A00008773,P008773,escalate,1,2026-04-11 05:57:00,failed,0.0
A00008774,P008774,payment_link,1,2026-06-01 19:22:00,success,44040.62
A00008775,P008775,escalate,1,2026-03-17 10:11:00,success,5816.7
A00008776,P008776,stop,1,2026-04-06 14:23:00,failed,0.0
A00008777,P008777,escalate,1,2026-05-07 10:34:00,failed,0.0
A00008778,P008778,stop,1,2026-01-13 07:08:00,failed,0.0
A00008779,P008779,retry,1,2026-02-04 23:44:00,failed,0.0
A00008780,P008780,message,1,2026-02-28 07:53:00,failed,0.0
A00008781,P008781,payment_link,1,2026-04-19 11:30:00,failed,0.0
A00008782,P008782,retry,1,2026-02-09 10:53:00,success,19800.76
A00008783,P008783,stop,1,2026-01-06 01:05:00,failed,0.0
A00008784,P008784,stop,1,2026-05-23 05:06:00,failed,0.0
A00008785,P008785,escalate,1,2026-03-06 15:48:00,failed,0.0
A00008786,P008786,retry,1,2026-04-18 08:24:00,success,7577.0
A00008787,P008787,stop,1,2026-04-27 14:52:00,failed,0.0
A00008788,P008788,message,1,2026-01-20 06:51:00,failed,0.0
A00008789,P008789,escalate,1,2026-03-09 04:53:00,failed,0.0
A00008790,P008790,payment_link,1,2026-05-30 02:56:00,failed,0.0
A00008791,P008791,stop,1,2026-03-27 17:44:00,failed,0.0
A00008792,P008792,stop,1,2026-05-29 03:38:00,failed,0.0
A00008793,P008793,retry,1,2026-05-02 18:35:00,success,3474.47
A00008794,P008794,message,1,2026-06-23 16:45:00,failed,0.0
A00008795,P008795,payment_link,1,2026-02-12 16:34:00,failed,0.0
A00008796,P008796,escalate,1,2026-03-30 01:34:00,success,8265.46
A00008797,P008797,retry,1,2026-02-14 21:28:00,success,3057.55
A00008798,P008798,escalate,1,2026-04-21 04:16:00,success,1931.1
A00008799,P008799,escalate,1,2026-05-20 19:56:00,failed,0.0
A00008800,P008800,message,1,2026-01-13 17:30:00,failed,0.0
A00008801,P008801,retry,1,2026-03-09 16:41:00,failed,0.0
A00008802,P008802,escalate,1,2026-04-27 04:58:00,failed,0.0
A00008803,P008803,retry,1,2026-05-19 08:03:00,success,2902.6
A00008804,P008804,payment_link,1,2026-04-30 11:06:00,success,4308.14
A00008805,P008805,retry,1,2026-06-19 15:16:00,failed,0.0
A00008806,P008806,escalate,1,2026-03-27 04:21:00,failed,0.0
A00008807,P008807,payment_link,1,2026-04-06 13:54:00,success,4786.6
A00008808,P008808,payment_link,1,2026-03-19 05:06:00,success,10129.92
A00008809,P008809,retry,1,2026-05-27 10:22:00,failed,0.0
A00008810,P008810,stop,1,2026-01-04 06:36:00,failed,0.0
A00008811,P008811,message,1,2026-01-12 09:48:00,failed,0.0
A00008812,P008812,payment_link,1,2026-04-25 11:15:00,failed,0.0
A00008813,P008813,escalate,1,2026-04-24 13:54:00,success,17357.81
A00008814,P008814,escalate,1,2026-01-06 13:53:00,success,1643.36
A00008815,P008815,stop,1,2026-06-17 04:05:00,failed,0.0
A00008816,P008816,escalate,1,2026-02-17 13:18:00,success,17530.76
A00008817,P008817,payment_link,1,2026-03-21 05:06:00,success,2483.82
A00008818,P008818,escalate,1,2026-04-18 23:31:00,success,5102.97
A00008819,P008819,message,1,2026-04-21 13:33:00,success,1568.14
A00008820,P008820,message,1,2026-02-06 02:26:00,success,3693.67
A00008821,P008821,retry,1,2026-06-06 21:40:00,failed,0.0
A00008822,P008822,message,1,2026-01-28 09:29:00,success,44513.08
A00008823,P008823,stop,1,2026-06-27 06:46:00,failed,0.0
A00008824,P008824,message,1,2026-01-06 19:18:00,success,1749.86
A00008825,P008825,payment_link,1,2026-03-04 03:27:00,success,3003.33
A00008826,P008826,message,1,2026-06-21 05:17:00,failed,0.0
A00008827,P008827,retry,1,2026-05-29 16:06:00,success,1729.1
A00008828,P008828,payment_link,1,2026-05-31 17:46:00,failed,0.0
A00008829,P008829,payment_link,1,2026-04-18 04:06:00,failed,0.0
A00008830,P008830,payment_link,1,2026-06-17 15:41:00,failed,0.0
A00008831,P008831,message,1,2026-05-13 07:44:00,failed,0.0
A00008832,P008832,payment_link,1,2026-05-01 06:40:00,success,4119.17
A00008833,P008833,escalate,1,2026-01-03 14:24:00,failed,0.0
A00008834,P008834,escalate,1,2026-02-13 18:40:00,failed,0.0
A00008835,P008835,message,1,2026-05-24 13:12:00,success,1102.18
A00008836,P008836,payment_link,1,2026-06-17 16:45:00,failed,0.0
A00008837,P008837,escalate,1,2026-05-18 12:36:00,success,5481.35
A00008838,P008838,stop,1,2026-05-21 13:39:00,failed,0.0
A00008839,P008839,payment_link,1,2026-04-12 21:04:00,success,1477.73
A00008840,P008840,stop,1,2026-03-24 00:07:00,failed,0.0
A00008841,P008841,retry,1,2026-05-06 04:52:00,failed,0.0
A00008842,P008842,escalate,1,2026-05-18 09:37:00,success,1089.01
A00008843,P008843,retry,1,2026-03-15 06:46:00,success,6732.31
A00008844,P008844,stop,1,2026-06-06 18:48:00,failed,0.0
A00008845,P008845,payment_link,1,2026-05-21 09:19:00,success,1882.2
A00008846,P008846,escalate,1,2026-03-05 10:09:00,success,3533.89
A00008847,P008847,payment_link,1,2026-04-18 21:18:00,failed,0.0
A00008848,P008848,message,1,2026-04-27 19:04:00,failed,0.0
A00008849,P008849,stop,1,2026-03-22 00:31:00,failed,0.0
A00008850,P008850,message,1,2026-02-27 15:24:00,failed,0.0
A00008851,P008851,stop,1,2026-01-30 05:04:00,failed,0.0
A00008852,P008852,payment_link,1,2026-06-26 08:55:00,failed,0.0
A00008853,P008853,stop,1,2026-06-29 03:41:00,failed,0.0
A00008854,P008854,retry,1,2026-05-18 20:40:00,failed,0.0
A00008855,P008855,payment_link,1,2026-03-02 17:00:00,success,39425.55
A00008856,P008856,escalate,1,2026-06-23 09:40:00,failed,0.0
A00008857,P008857,retry,1,2026-02-06 23:07:00,failed,0.0
A00008858,P008858,retry,1,2026-02-11 11:49:00,success,6734.03
A00008859,P008859,retry,1,2026-01-31 12:48:00,failed,0.0
A00008860,P008860,message,1,2026-04-15 14:34:00,failed,0.0
A00008861,P008861,retry,1,2026-04-11 19:05:00,failed,0.0
A00008862,P008862,message,1,2026-05-28 18:33:00,success,2951.1
A00008863,P008863,retry,1,2026-05-03 06:23:00,failed,0.0
A00008864,P008864,payment_link,1,2026-06-02 11:32:00,failed,0.0
A00008865,P008865,message,1,2026-03-03 21:01:00,success,8141.78
A00008866,P008866,retry,1,2026-05-11 22:13:00,success,1995.45
A00008867,P008867,retry,1,2026-05-13 08:42:00,success,1891.34
A00008868,P008868,retry,1,2026-06-20 08:31:00,success,33212.39
A00008869,P008869,retry,1,2026-01-25 23:30:00,success,2154.05
A00008870,P008870,message,1,2026-01-04 19:29:00,failed,0.0
A00008871,P008871,escalate,1,2026-02-16 08:33:00,failed,0.0
A00008872,P008872,stop,1,2026-01-24 21:30:00,failed,0.0
A00008873,P008873,escalate,1,2026-06-13 05:17:00,success,3170.05
A00008874,P008874,message,1,2026-04-15 16:55:00,failed,0.0
A00008875,P008875,stop,1,2026-02-13 04:32:00,failed,0.0
A00008876,P008876,stop,1,2026-05-24 01:09:00,failed,0.0
A00008877,P008877,message,1,2026-05-20 11:18:00,success,3775.38
A00008878,P008878,retry,1,2026-05-16 13:46:00,success,2025.77
A00008879,P008879,message,1,2026-04-02 17:23:00,failed,0.0
A00008880,P008880,stop,1,2026-05-01 17:37:00,failed,0.0
A00008881,P008881,stop,1,2026-03-18 14:47:00,failed,0.0
A00008882,P008882,stop,1,2026-03-14 08:39:00,failed,0.0
A00008883,P008883,stop,1,2026-01-02 10:39:00,failed,0.0
A00008884,P008884,retry,1,2026-05-06 22:24:00,failed,0.0
A00008885,P008885,stop,1,2026-05-30 09:37:00,failed,0.0
A00008886,P008886,payment_link,1,2026-05-24 07:38:00,failed,0.0
A00008887,P008887,stop,1,2026-06-08 01:04:00,failed,0.0
A00008888,P008888,stop,1,2026-05-21 08:40:00,failed,0.0
A00008889,P008889,escalate,1,2026-03-26 10:42:00,failed,0.0
A00008890,P008890,escalate,1,2026-05-30 13:32:00,success,15432.33
A00008891,P008891,stop,1,2026-06-15 17:27:00,failed,0.0
A00008892,P008892,payment_link,1,2026-02-22 17:55:00,failed,0.0
A00008893,P008893,retry,1,2026-01-20 15:45:00,failed,0.0
A00008894,P008894,payment_link,1,2026-01-13 16:41:00,failed,0.0
A00008895,P008895,escalate,1,2026-03-29 13:09:00,failed,0.0
A00008896,P008896,escalate,1,2026-04-05 22:31:00,success,1442.83
A00008897,P008897,retry,1,2026-04-11 06:12:00,failed,0.0
A00008898,P008898,stop,1,2026-02-09 01:53:00,failed,0.0
A00008899,P008899,payment_link,1,2026-03-29 23:53:00,success,2073.22
A00008900,P008900,escalate,1,2026-02-12 10:57:00,failed,0.0
A00008901,P008901,stop,1,2026-05-10 09:48:00,failed,0.0
A00008902,P008902,escalate,1,2026-02-19 22:04:00,failed,0.0
A00008903,P008903,stop,1,2026-05-07 07:09:00,failed,0.0
A00008904,P008904,message,1,2026-02-22 09:42:00,success,2112.79
A00008905,P008905,stop,1,2026-06-05 19:22:00,success,11409.64
A00008906,P008906,escalate,1,2026-03-27 01:50:00,failed,0.0
A00008907,P008907,retry,1,2026-03-06 02:06:00,failed,0.0
A00008908,P008908,message,1,2026-05-30 20:03:00,failed,0.0
A00008909,P008909,retry,1,2026-04-28 08:40:00,failed,0.0
A00008910,P008910,stop,1,2026-03-27 06:05:00,failed,0.0
A00008911,P008911,payment_link,1,2026-05-06 18:13:00,success,1760.08
A00008912,P008912,stop,1,2026-02-17 17:53:00,failed,0.0
A00008913,P008913,stop,1,2026-02-16 05:08:00,failed,0.0
A00008914,P008914,stop,1,2026-03-29 13:56:00,failed,0.0
A00008915,P008915,payment_link,1,2026-03-23 02:32:00,success,4657.22
A00008916,P008916,retry,1,2026-02-28 00:54:00,success,2423.11
A00008917,P008917,escalate,1,2026-03-24 10:50:00,failed,0.0
A00008918,P008918,stop,1,2026-05-22 09:39:00,failed,0.0
A00008919,P008919,message,1,2026-05-03 07:22:00,failed,0.0
A00008920,P008920,retry,1,2026-01-27 00:15:00,success,2334.29
A00008921,P008921,payment_link,1,2026-02-09 13:55:00,failed,0.0
A00008922,P008922,message,1,2026-06-17 11:10:00,failed,0.0
A00008923,P008923,retry,1,2026-05-06 12:51:00,failed,0.0
A00008924,P008924,retry,1,2026-05-06 10:43:00,failed,0.0
A00008925,P008925,stop,1,2026-03-21 06:00:00,failed,0.0
A00008926,P008926,escalate,1,2026-03-26 11:50:00,failed,0.0
A00008927,P008927,message,1,2026-02-11 03:34:00,success,1152.72
A00008928,P008928,escalate,1,2026-01-15 22:34:00,failed,0.0
A00008929,P008929,payment_link,1,2026-01-08 20:24:00,success,1351.28
A00008930,P008930,retry,1,2026-03-02 07:47:00,failed,0.0
A00008931,P008931,escalate,1,2026-04-11 21:47:00,failed,0.0
A00008932,P008932,message,1,2026-02-10 10:35:00,success,29646.04
A00008933,P008933,payment_link,1,2026-02-26 19:05:00,success,1334.3
A00008934,P008934,payment_link,1,2026-05-06 23:20:00,failed,0.0
A00008935,P008935,retry,1,2026-03-29 04:59:00,success,3763.13
A00008936,P008936,escalate,1,2026-02-26 19:00:00,failed,0.0
A00008937,P008937,message,1,2026-03-19 12:28:00,failed,0.0
A00008938,P008938,stop,1,2026-01-20 20:32:00,failed,0.0
A00008939,P008939,stop,1,2026-03-22 11:15:00,failed,0.0
A00008940,P008940,message,1,2026-04-28 07:23:00,failed,0.0
A00008941,P008941,escalate,1,2026-01-22 05:11:00,failed,0.0
A00008942,P008942,escalate,1,2026-05-08 09:46:00,success,4038.84
A00008943,P008943,stop,1,2026-06-02 01:54:00,failed,0.0
A00008944,P008944,escalate,1,2026-04-11 02:31:00,success,5532.79
A00008945,P008945,message,1,2026-01-04 18:12:00,success,2708.61
A00008946,P008946,stop,1,2026-01-31 20:19:00,success,2243.04
A00008947,P008947,stop,1,2026-01-12 05:58:00,failed,0.0
A00008948,P008948,message,1,2026-05-08 18:37:00,failed,0.0
A00008949,P008949,message,1,2026-05-20 17:54:00,success,2684.46
A00008950,P008950,stop,1,2026-06-23 00:58:00,failed,0.0
A00008951,P008951,stop,1,2026-05-17 09:42:00,failed,0.0
A00008952,P008952,message,1,2026-04-14 11:58:00,failed,0.0
A00008953,P008953,escalate,1,2026-06-02 11:15:00,success,2484.07
A00008954,P008954,escalate,1,2026-03-14 14:41:00,success,6982.18
A00008955,P008955,payment_link,1,2026-06-04 00:09:00,failed,0.0
A00008956,P008956,message,1,2026-04-16 08:22:00,success,4374.66
A00008957,P008957,escalate,1,2026-06-21 03:37:00,failed,0.0
A00008958,P008958,payment_link,1,2026-01-04 22:57:00,failed,0.0
A00008959,P008959,payment_link,1,2026-06-26 02:07:00,success,2163.99
A00008960,P008960,retry,1,2026-03-04 11:33:00,failed,0.0
A00008961,P008961,retry,1,2026-03-22 14:20:00,success,2054.46
A00008962,P008962,retry,1,2026-02-19 20:56:00,failed,0.0
A00008963,P008963,payment_link,1,2026-03-28 10:32:00,success,4940.91
A00008964,P008964,escalate,1,2026-03-15 17:06:00,failed,0.0
A00008965,P008965,message,1,2026-02-20 14:16:00,success,3425.01
A00008966,P008966,payment_link,1,2026-06-23 16:03:00,success,2752.69
A00008967,P008967,retry,1,2026-01-15 16:12:00,success,868.06
A00008968,P008968,escalate,1,2026-06-02 15:11:00,failed,0.0
A00008969,P008969,message,1,2026-01-15 04:01:00,failed,0.0
A00008970,P008970,message,1,2026-03-24 12:41:00,success,1338.09
A00008971,P008971,payment_link,1,2026-04-02 15:55:00,failed,0.0
A00008972,P008972,retry,1,2026-01-17 12:41:00,success,1113.23
A00008973,P008973,retry,1,2026-05-05 20:02:00,failed,0.0
A00008974,P008974,message,1,2026-03-30 08:48:00,failed,0.0
A00008975,P008975,stop,1,2026-02-18 14:08:00,failed,0.0
A00008976,P008976,stop,1,2026-02-18 17:04:00,failed,0.0
A00008977,P008977,escalate,1,2026-03-08 10:28:00,failed,0.0
A00008978,P008978,escalate,1,2026-02-10 18:23:00,success,1912.2
A00008979,P008979,message,1,2026-01-16 19:44:00,failed,0.0
A00008980,P008980,escalate,1,2026-03-20 22:29:00,success,5500.2
A00008981,P008981,retry,1,2026-04-08 02:52:00,failed,0.0
A00008982,P008982,escalate,1,2026-01-22 21:25:00,failed,0.0
A00008983,P008983,escalate,1,2026-01-31 06:40:00,success,1543.7
A00008984,P008984,payment_link,1,2026-01-29 07:34:00,success,3834.63
A00008985,P008985,stop,1,2026-04-25 13:13:00,failed,0.0
A00008986,P008986,payment_link,1,2026-05-28 08:20:00,success,1599.08
A00008987,P008987,stop,1,2026-02-17 21:44:00,failed,0.0
A00008988,P008988,message,1,2026-02-27 00:21:00,failed,0.0
A00008989,P008989,payment_link,1,2026-05-19 09:37:00,success,13437.27
A00008990,P008990,message,1,2026-05-29 10:34:00,failed,0.0
A00008991,P008991,stop,1,2026-03-14 05:11:00,failed,0.0
A00008992,P008992,stop,1,2026-05-05 06:48:00,failed,0.0
A00008993,P008993,stop,1,2026-04-05 09:48:00,failed,0.0
A00008994,P008994,stop,1,2026-05-16 22:53:00,success,2024.66
A00008995,P008995,stop,1,2026-01-06 11:28:00,failed,0.0
A00008996,P008996,retry,1,2026-05-08 14:26:00,failed,0.0
A00008997,P008997,stop,1,2026-03-30 08:28:00,failed,0.0
A00008998,P008998,stop,1,2026-04-16 09:19:00,failed,0.0
A00008999,P008999,payment_link,1,2026-06-17 12:04:00,success,4977.43
A00009000,P009000,escalate,1,2026-06-24 19:40:00,success,1665.93
A00009001,P009001,escalate,1,2026-01-13 02:23:00,success,718.51
A00009002,P009002,payment_link,1,2026-03-24 13:51:00,success,1228.0
A00009003,P009003,stop,1,2026-04-19 18:31:00,failed,0.0
A00009004,P009004,stop,1,2026-05-17 05:19:00,failed,0.0
A00009005,P009005,escalate,1,2026-04-23 11:55:00,failed,0.0
A00009006,P009006,stop,1,2026-02-23 14:29:00,failed,0.0
A00009007,P009007,retry,1,2026-03-19 00:42:00,failed,0.0
A00009008,P009008,retry,1,2026-01-31 14:39:00,failed,0.0
A00009009,P009009,stop,1,2026-01-31 21:57:00,failed,0.0
A00009010,P009010,stop,1,2026-04-08 17:17:00,failed,0.0
A00009011,P009011,retry,1,2026-06-22 22:15:00,success,1531.06
A00009012,P009012,stop,1,2026-01-12 07:13:00,failed,0.0
A00009013,P009013,payment_link,1,2026-02-23 21:48:00,failed,0.0
A00009014,P009014,escalate,1,2026-02-16 00:45:00,failed,0.0
A00009015,P009015,escalate,1,2026-02-19 12:27:00,failed,0.0
A00009016,P009016,escalate,1,2026-01-23 10:57:00,success,3675.55
A00009017,P009017,escalate,1,2026-05-28 07:50:00,failed,0.0
A00009018,P009018,escalate,1,2026-05-19 17:22:00,failed,0.0
A00009019,P009019,retry,1,2026-06-13 13:21:00,failed,0.0
A00009020,P009020,stop,1,2026-06-24 02:29:00,success,695.82
A00009021,P009021,payment_link,1,2026-02-01 01:33:00,failed,0.0
A00009022,P009022,message,1,2026-03-15 08:46:00,failed,0.0
A00009023,P009023,retry,1,2026-03-10 15:39:00,failed,0.0
A00009024,P009024,retry,1,2026-01-22 00:49:00,success,6700.71
A00009025,P009025,retry,1,2026-05-28 15:19:00,failed,0.0
A00009026,P009026,message,1,2026-04-29 10:42:00,failed,0.0
A00009027,P009027,payment_link,1,2026-06-06 02:49:00,success,3474.72
A00009028,P009028,escalate,1,2026-06-18 13:10:00,success,6115.83
A00009029,P009029,stop,1,2026-04-15 02:06:00,success,5034.5
A00009030,P009030,retry,1,2026-01-09 12:47:00,failed,0.0
A00009031,P009031,escalate,1,2026-02-21 05:23:00,success,2489.32
A00009032,P009032,escalate,1,2026-01-24 01:30:00,success,3756.5
A00009033,P009033,retry,1,2026-02-06 09:08:00,success,4416.2
A00009034,P009034,stop,1,2026-03-31 14:58:00,failed,0.0
A00009035,P009035,stop,1,2026-03-03 08:07:00,failed,0.0
A00009036,P009036,escalate,1,2026-06-22 02:09:00,failed,0.0
A00009037,P009037,escalate,1,2026-01-03 10:33:00,success,1289.91
A00009038,P009038,message,1,2026-03-01 14:08:00,success,1945.42
A00009039,P009039,retry,1,2026-04-14 02:42:00,failed,0.0
A00009040,P009040,message,1,2026-02-09 07:26:00,success,4473.54
A00009041,P009041,escalate,1,2026-03-29 03:41:00,success,4170.82
A00009042,P009042,message,1,2026-05-03 17:47:00,failed,0.0
A00009043,P009043,stop,1,2026-02-09 19:07:00,failed,0.0
A00009044,P009044,stop,1,2026-03-30 07:25:00,failed,0.0
A00009045,P009045,payment_link,1,2026-04-05 10:56:00,success,2663.56
A00009046,P009046,stop,1,2026-01-17 14:57:00,failed,0.0
A00009047,P009047,escalate,1,2026-05-23 01:37:00,failed,0.0
A00009048,P009048,payment_link,1,2026-01-09 19:02:00,success,2866.3
A00009049,P009049,retry,1,2026-06-08 14:25:00,failed,0.0
A00009050,P009050,message,1,2026-06-18 15:32:00,success,16445.12
A00009051,P009051,payment_link,1,2026-01-31 11:00:00,success,10513.1
A00009052,P009052,message,1,2026-02-03 23:56:00,failed,0.0
A00009053,P009053,retry,1,2026-06-12 03:00:00,failed,0.0
A00009054,P009054,payment_link,1,2026-04-20 09:25:00,success,891.69
A00009055,P009055,message,1,2026-02-15 16:42:00,failed,0.0
A00009056,P009056,escalate,1,2026-05-06 16:28:00,failed,0.0
A00009057,P009057,payment_link,1,2026-03-02 20:35:00,success,3059.51
A00009058,P009058,stop,1,2026-06-22 11:05:00,failed,0.0
A00009059,P009059,stop,1,2026-05-22 00:52:00,failed,0.0
A00009060,P009060,stop,1,2026-04-18 01:31:00,failed,0.0
A00009061,P009061,escalate,1,2026-06-20 16:23:00,success,2733.69
A00009062,P009062,stop,1,2026-04-17 20:55:00,failed,0.0
A00009063,P009063,message,1,2026-05-17 10:25:00,success,3237.74
A00009064,P009064,message,1,2026-03-02 05:31:00,success,1871.6
A00009065,P009065,escalate,1,2026-01-28 11:58:00,success,5626.42
A00009066,P009066,stop,1,2026-02-18 09:37:00,failed,0.0
A00009067,P009067,message,1,2026-02-20 20:52:00,success,2060.87
A00009068,P009068,retry,1,2026-03-11 21:37:00,failed,0.0
A00009069,P009069,message,1,2026-05-24 12:40:00,success,1336.44
A00009070,P009070,payment_link,1,2026-05-31 22:56:00,success,3696.91
A00009071,P009071,stop,1,2026-04-30 23:37:00,failed,0.0
A00009072,P009072,stop,1,2026-05-31 10:32:00,failed,0.0
A00009073,P009073,payment_link,1,2026-04-05 19:55:00,failed,0.0
A00009074,P009074,payment_link,1,2026-04-28 14:48:00,failed,0.0
A00009075,P009075,escalate,1,2026-01-19 23:29:00,success,748.32
A00009076,P009076,payment_link,1,2026-06-18 18:00:00,failed,0.0
A00009077,P009077,message,1,2026-06-04 06:04:00,failed,0.0
A00009078,P009078,stop,1,2026-02-02 18:15:00,failed,0.0
A00009079,P009079,stop,1,2026-01-15 09:53:00,failed,0.0
A00009080,P009080,message,1,2026-05-18 12:51:00,failed,0.0
A00009081,P009081,message,1,2026-06-16 01:49:00,failed,0.0
A00009082,P009082,stop,1,2026-06-18 09:27:00,failed,0.0
A00009083,P009083,payment_link,1,2026-03-03 04:14:00,success,1998.59
A00009084,P009084,stop,1,2026-01-14 11:44:00,failed,0.0
A00009085,P009085,payment_link,1,2026-01-11 13:44:00,failed,0.0
A00009086,P009086,stop,1,2026-02-08 20:18:00,failed,0.0
A00009087,P009087,stop,1,2026-04-08 08:38:00,failed,0.0
A00009088,P009088,payment_link,1,2026-03-10 13:45:00,success,3332.49
A00009089,P009089,escalate,1,2026-01-11 17:39:00,success,1767.23
A00009090,P009090,payment_link,1,2026-02-26 17:21:00,success,3122.97
A00009091,P009091,message,1,2026-03-09 10:41:00,success,1109.79
A00009092,P009092,retry,1,2026-03-10 09:01:00,success,3539.34
A00009093,P009093,escalate,1,2026-01-07 03:58:00,success,2120.38
A00009094,P009094,message,1,2026-01-04 18:49:00,failed,0.0
A00009095,P009095,retry,1,2026-03-10 14:38:00,failed,0.0
A00009096,P009096,message,1,2026-04-21 01:30:00,failed,0.0
A00009097,P009097,payment_link,1,2026-06-04 01:11:00,success,3426.29
A00009098,P009098,retry,1,2026-02-20 03:48:00,failed,0.0
A00009099,P009099,stop,1,2026-03-17 23:53:00,failed,0.0
A00009100,P009100,escalate,1,2026-06-05 10:27:00,failed,0.0
A00009101,P009101,stop,1,2026-01-15 16:30:00,success,9721.37
A00009102,P009102,retry,1,2026-04-26 17:28:00,failed,0.0
A00009103,P009103,message,1,2026-05-03 03:05:00,failed,0.0
A00009104,P009104,message,1,2026-05-07 19:41:00,failed,0.0
A00009105,P009105,stop,1,2026-01-20 20:14:00,failed,0.0
A00009106,P009106,stop,1,2026-04-01 13:43:00,failed,0.0
A00009107,P009107,escalate,1,2026-04-24 17:32:00,failed,0.0
A00009108,P009108,message,1,2026-01-31 23:33:00,success,930.56
A00009109,P009109,stop,1,2026-01-30 01:23:00,failed,0.0
A00009110,P009110,message,1,2026-04-27 15:15:00,success,613.7
A00009111,P009111,escalate,1,2026-03-04 08:56:00,failed,0.0
A00009112,P009112,payment_link,1,2026-05-10 13:47:00,success,1272.04
A00009113,P009113,retry,1,2026-02-01 19:42:00,failed,0.0
A00009114,P009114,message,1,2026-02-06 09:37:00,success,1322.62
A00009115,P009115,escalate,1,2026-01-08 00:16:00,failed,0.0
A00009116,P009116,payment_link,1,2026-03-01 00:37:00,success,1696.06
A00009117,P009117,message,1,2026-01-30 00:45:00,success,3261.58
A00009118,P009118,stop,1,2026-02-25 13:53:00,success,2222.53
A00009119,P009119,stop,1,2026-04-20 13:35:00,failed,0.0
A00009120,P009120,message,1,2026-02-19 12:53:00,success,7233.49
A00009121,P009121,retry,1,2026-05-11 03:36:00,success,4142.88
A00009122,P009122,stop,1,2026-02-17 04:36:00,failed,0.0
A00009123,P009123,stop,1,2026-05-02 17:56:00,failed,0.0
A00009124,P009124,retry,1,2026-03-17 11:10:00,success,1552.84
A00009125,P009125,stop,1,2026-06-26 06:43:00,failed,0.0
A00009126,P009126,retry,1,2026-03-17 14:12:00,success,7498.75
A00009127,P009127,retry,1,2026-02-25 11:44:00,success,2449.77
A00009128,P009128,stop,1,2026-04-02 21:31:00,failed,0.0
A00009129,P009129,stop,1,2026-03-19 04:52:00,failed,0.0
A00009130,P009130,message,1,2026-04-16 23:18:00,failed,0.0
A00009131,P009131,escalate,1,2026-02-08 15:20:00,success,2056.81
A00009132,P009132,message,1,2026-02-04 20:44:00,failed,0.0
A00009133,P009133,payment_link,1,2026-04-05 22:55:00,failed,0.0
A00009134,P009134,stop,1,2026-01-09 07:00:00,failed,0.0
A00009135,P009135,payment_link,1,2026-05-05 11:11:00,failed,0.0
A00009136,P009136,payment_link,1,2026-06-13 13:58:00,success,2601.86
A00009137,P009137,payment_link,1,2026-06-22 20:28:00,success,1612.18
A00009138,P009138,retry,1,2026-04-04 22:10:00,failed,0.0
A00009139,P009139,payment_link,1,2026-03-11 13:59:00,success,2771.58
A00009140,P009140,retry,1,2026-01-09 21:09:00,success,22041.41
A00009141,P009141,payment_link,1,2026-05-18 12:18:00,success,4167.43
A00009142,P009142,message,1,2026-05-09 09:40:00,success,1543.02
A00009143,P009143,stop,1,2026-02-20 22:32:00,failed,0.0
A00009144,P009144,stop,1,2026-05-08 15:54:00,failed,0.0
A00009145,P009145,message,1,2026-06-08 10:50:00,success,2267.28
A00009146,P009146,escalate,1,2026-02-02 15:07:00,success,1483.94
A00009147,P009147,retry,1,2026-01-05 18:51:00,failed,0.0
A00009148,P009148,retry,1,2026-02-03 21:11:00,failed,0.0
A00009149,P009149,retry,1,2026-02-23 01:24:00,failed,0.0
A00009150,P009150,payment_link,1,2026-04-26 16:45:00,success,30161.93
A00009151,P009151,payment_link,1,2026-02-20 00:59:00,failed,0.0
A00009152,P009152,message,1,2026-06-23 23:26:00,failed,0.0
A00009153,P009153,payment_link,1,2026-03-30 01:12:00,failed,0.0
A00009154,P009154,payment_link,1,2026-06-10 01:33:00,success,7653.97
A00009155,P009155,escalate,1,2026-06-20 22:15:00,failed,0.0
A00009156,P009156,stop,1,2026-04-21 06:51:00,failed,0.0
A00009157,P009157,escalate,1,2026-06-23 01:24:00,failed,0.0
A00009158,P009158,retry,1,2026-01-24 10:44:00,failed,0.0
A00009159,P009159,payment_link,1,2026-03-29 00:54:00,success,24300.87
A00009160,P009160,retry,1,2026-04-26 19:51:00,failed,0.0
A00009161,P009161,stop,1,2026-05-11 19:44:00,failed,0.0
A00009162,P009162,escalate,1,2026-01-17 02:41:00,failed,0.0
A00009163,P009163,escalate,1,2026-05-04 04:09:00,failed,0.0
A00009164,P009164,escalate,1,2026-05-16 08:53:00,success,3074.65
A00009165,P009165,stop,1,2026-06-18 15:02:00,failed,0.0
A00009166,P009166,retry,1,2026-05-04 23:04:00,failed,0.0
A00009167,P009167,escalate,1,2026-05-24 19:40:00,failed,0.0
A00009168,P009168,message,1,2026-02-17 21:49:00,success,3170.55
A00009169,P009169,message,1,2026-01-23 16:22:00,failed,0.0
A00009170,P009170,retry,1,2026-05-10 17:36:00,success,5368.24
A00009171,P009171,message,1,2026-03-11 12:21:00,failed,0.0
A00009172,P009172,stop,1,2026-06-26 06:57:00,failed,0.0
A00009173,P009173,stop,1,2026-04-16 21:07:00,failed,0.0
A00009174,P009174,escalate,1,2026-01-10 04:35:00,failed,0.0
A00009175,P009175,payment_link,1,2026-03-16 15:26:00,failed,0.0
A00009176,P009176,escalate,1,2026-05-03 23:36:00,failed,0.0
A00009177,P009177,payment_link,1,2026-03-20 22:25:00,failed,0.0
A00009178,P009178,escalate,1,2026-03-16 04:38:00,failed,0.0
A00009179,P009179,message,1,2026-01-03 17:39:00,success,4840.44
A00009180,P009180,payment_link,1,2026-03-05 21:56:00,failed,0.0
A00009181,P009181,retry,1,2026-05-14 23:59:00,failed,0.0
A00009182,P009182,payment_link,1,2026-01-09 08:01:00,success,26234.43
A00009183,P009183,message,1,2026-06-25 23:34:00,failed,0.0
A00009184,P009184,payment_link,1,2026-04-23 23:48:00,failed,0.0
A00009185,P009185,retry,1,2026-01-04 00:16:00,success,9115.47
A00009186,P009186,message,1,2026-01-10 03:53:00,success,5522.27
A00009187,P009187,payment_link,1,2026-01-11 20:26:00,failed,0.0
A00009188,P009188,payment_link,1,2026-02-23 05:51:00,success,5358.2
A00009189,P009189,retry,1,2026-02-06 23:06:00,failed,0.0
A00009190,P009190,escalate,1,2026-01-26 18:32:00,success,7694.25
A00009191,P009191,payment_link,1,2026-01-11 10:48:00,failed,0.0
A00009192,P009192,message,1,2026-05-01 21:37:00,success,10920.23
A00009193,P009193,message,1,2026-01-01 08:00:00,success,6043.21
A00009194,P009194,stop,1,2026-01-17 16:58:00,failed,0.0
A00009195,P009195,retry,1,2026-04-23 05:30:00,failed,0.0
A00009196,P009196,message,1,2026-03-07 06:00:00,failed,0.0
A00009197,P009197,retry,1,2026-01-08 12:46:00,failed,0.0
A00009198,P009198,retry,1,2026-04-12 10:46:00,failed,0.0
A00009199,P009199,stop,1,2026-03-03 01:29:00,failed,0.0
A00009200,P009200,stop,1,2026-03-31 11:42:00,failed,0.0
A00009201,P009201,stop,1,2026-06-08 20:21:00,failed,0.0
A00009202,P009202,stop,1,2026-01-18 06:30:00,failed,0.0
A00009203,P009203,message,1,2026-06-13 10:13:00,success,5693.81
A00009204,P009204,payment_link,1,2026-05-03 14:29:00,success,1183.22
A00009205,P009205,escalate,1,2026-01-11 15:21:00,failed,0.0
A00009206,P009206,payment_link,1,2026-05-26 08:47:00,success,4035.4
A00009207,P009207,payment_link,1,2026-02-20 12:01:00,success,2984.95
A00009208,P009208,message,1,2026-05-04 04:30:00,success,1823.85
A00009209,P009209,stop,1,2026-03-29 22:41:00,failed,0.0
A00009210,P009210,escalate,1,2026-05-23 08:22:00,failed,0.0
A00009211,P009211,escalate,1,2026-06-29 23:44:00,failed,0.0
A00009212,P009212,escalate,1,2026-05-27 06:25:00,success,3527.43
A00009213,P009213,message,1,2026-05-28 04:05:00,failed,0.0
A00009214,P009214,payment_link,1,2026-06-12 01:14:00,success,2870.03
A00009215,P009215,escalate,1,2026-03-09 13:59:00,success,3398.12
A00009216,P009216,payment_link,1,2026-06-08 12:58:00,failed,0.0
A00009217,P009217,stop,1,2026-05-11 01:52:00,failed,0.0
A00009218,P009218,stop,1,2026-03-12 22:51:00,failed,0.0
A00009219,P009219,escalate,1,2026-04-01 01:24:00,failed,0.0
A00009220,P009220,stop,1,2026-05-21 03:03:00,failed,0.0
A00009221,P009221,retry,1,2026-03-24 19:57:00,success,606.16
A00009222,P009222,message,1,2026-06-01 16:47:00,failed,0.0
A00009223,P009223,payment_link,1,2026-03-13 22:50:00,failed,0.0
A00009224,P009224,retry,1,2026-02-22 20:39:00,success,6127.2
A00009225,P009225,payment_link,1,2026-05-15 07:46:00,failed,0.0
A00009226,P009226,retry,1,2026-04-16 15:07:00,success,2557.13
A00009227,P009227,message,1,2026-02-26 16:23:00,success,9992.2
A00009228,P009228,payment_link,1,2026-04-02 03:36:00,failed,0.0
A00009229,P009229,message,1,2026-05-23 07:30:00,success,2993.36
A00009230,P009230,retry,1,2026-03-16 09:03:00,failed,0.0
A00009231,P009231,retry,1,2026-01-05 02:22:00,success,3917.38
A00009232,P009232,payment_link,1,2026-02-18 05:17:00,failed,0.0
A00009233,P009233,message,1,2026-04-07 15:42:00,success,3128.24
A00009234,P009234,stop,1,2026-03-26 05:32:00,failed,0.0
A00009235,P009235,message,1,2026-05-29 11:57:00,failed,0.0
A00009236,P009236,stop,1,2026-02-14 22:52:00,failed,0.0
A00009237,P009237,retry,1,2026-04-17 22:40:00,failed,0.0
A00009238,P009238,escalate,1,2026-01-12 07:03:00,failed,0.0
A00009239,P009239,escalate,1,2026-03-19 03:28:00,failed,0.0
A00009240,P009240,payment_link,1,2026-01-15 00:08:00,failed,0.0
A00009241,P009241,retry,1,2026-02-22 12:20:00,failed,0.0
A00009242,P009242,escalate,1,2026-06-17 17:51:00,success,1129.48
A00009243,P009243,retry,1,2026-02-01 07:25:00,failed,0.0
A00009244,P009244,message,1,2026-04-29 08:05:00,failed,0.0
A00009245,P009245,payment_link,1,2026-06-05 20:14:00,failed,0.0
A00009246,P009246,payment_link,1,2026-01-29 22:32:00,success,2061.79
A00009247,P009247,stop,1,2026-06-16 00:58:00,failed,0.0
A00009248,P009248,retry,1,2026-05-20 02:00:00,failed,0.0
A00009249,P009249,stop,1,2026-03-27 16:07:00,failed,0.0
A00009250,P009250,payment_link,1,2026-04-17 19:36:00,success,7406.52
A00009251,P009251,retry,1,2026-03-05 04:08:00,failed,0.0
A00009252,P009252,payment_link,1,2026-06-27 02:17:00,failed,0.0
A00009253,P009253,stop,1,2026-03-15 17:52:00,success,1805.57
A00009254,P009254,escalate,1,2026-06-21 11:25:00,failed,0.0
A00009255,P009255,retry,1,2026-03-14 12:16:00,success,2701.71
A00009256,P009256,escalate,1,2026-01-17 08:49:00,success,4505.01
A00009257,P009257,stop,1,2026-03-08 10:51:00,failed,0.0
A00009258,P009258,retry,1,2026-01-04 00:48:00,failed,0.0
A00009259,P009259,escalate,1,2026-05-07 17:05:00,failed,0.0
A00009260,P009260,message,1,2026-01-02 22:04:00,success,4254.15
A00009261,P009261,message,1,2026-06-05 11:58:00,failed,0.0
A00009262,P009262,message,1,2026-06-05 14:53:00,failed,0.0
A00009263,P009263,payment_link,1,2026-05-16 08:21:00,success,4805.75
A00009264,P009264,message,1,2026-06-18 13:01:00,success,1615.97
A00009265,P009265,message,1,2026-06-13 13:21:00,success,1757.76
A00009266,P009266,message,1,2026-01-02 18:11:00,failed,0.0
A00009267,P009267,message,1,2026-04-18 03:54:00,success,7115.25
A00009268,P009268,escalate,1,2026-04-21 23:31:00,failed,0.0
A00009269,P009269,escalate,1,2026-02-24 13:21:00,failed,0.0
A00009270,P009270,retry,1,2026-02-24 19:21:00,success,5304.63
A00009271,P009271,escalate,1,2026-01-25 12:00:00,failed,0.0
A00009272,P009272,payment_link,1,2026-06-11 01:20:00,success,1577.6
A00009273,P009273,escalate,1,2026-02-20 02:30:00,success,20462.57
A00009274,P009274,message,1,2026-03-28 16:15:00,success,16250.47
A00009275,P009275,retry,1,2026-06-22 00:54:00,success,3295.61
A00009276,P009276,retry,1,2026-02-28 00:34:00,failed,0.0
A00009277,P009277,payment_link,1,2026-04-18 03:32:00,success,6169.44
A00009278,P009278,message,1,2026-04-05 00:55:00,failed,0.0
A00009279,P009279,message,1,2026-06-03 21:26:00,failed,0.0
A00009280,P009280,retry,1,2026-04-27 04:23:00,failed,0.0
A00009281,P009281,stop,1,2026-06-16 09:46:00,failed,0.0
A00009282,P009282,payment_link,1,2026-03-01 19:06:00,failed,0.0
A00009283,P009283,retry,1,2026-02-04 14:30:00,failed,0.0
A00009284,P009284,message,1,2026-05-25 18:14:00,success,2717.64
A00009285,P009285,retry,1,2026-03-15 17:57:00,failed,0.0
A00009286,P009286,retry,1,2026-05-09 14:08:00,success,3211.26
A00009287,P009287,message,1,2026-01-15 13:01:00,failed,0.0
A00009288,P009288,payment_link,1,2026-06-01 15:09:00,success,1429.19
A00009289,P009289,message,1,2026-01-17 11:21:00,success,1803.45
A00009290,P009290,payment_link,1,2026-02-23 06:21:00,success,2146.09
A00009291,P009291,message,1,2026-06-19 01:11:00,success,6134.98
A00009292,P009292,payment_link,1,2026-04-13 19:44:00,success,3742.1
A00009293,P009293,escalate,1,2026-01-12 07:45:00,failed,0.0
A00009294,P009294,message,1,2026-05-24 07:47:00,success,1298.41
A00009295,P009295,message,1,2026-02-18 15:17:00,success,2719.55
A00009296,P009296,message,1,2026-05-12 08:18:00,failed,0.0
A00009297,P009297,message,1,2026-06-12 07:26:00,success,1613.41
A00009298,P009298,payment_link,1,2026-04-23 06:22:00,success,1607.51
A00009299,P009299,escalate,1,2026-03-12 22:24:00,failed,0.0
A00009300,P009300,retry,1,2026-03-02 18:20:00,success,1267.3
A00009301,P009301,stop,1,2026-03-12 11:57:00,failed,0.0
A00009302,P009302,payment_link,1,2026-05-13 06:52:00,failed,0.0
A00009303,P009303,payment_link,1,2026-03-05 15:01:00,failed,0.0
A00009304,P009304,retry,1,2026-06-08 08:59:00,failed,0.0
A00009305,P009305,message,1,2026-03-11 22:16:00,failed,0.0
A00009306,P009306,retry,1,2026-06-18 02:47:00,failed,0.0
A00009307,P009307,payment_link,1,2026-05-14 00:54:00,failed,0.0
A00009308,P009308,stop,1,2026-06-22 06:18:00,failed,0.0
A00009309,P009309,retry,1,2026-04-16 19:59:00,success,3239.61
A00009310,P009310,stop,1,2026-03-08 23:23:00,failed,0.0
A00009311,P009311,message,1,2026-05-02 20:44:00,failed,0.0
A00009312,P009312,message,1,2026-04-22 19:23:00,success,18834.45
A00009313,P009313,payment_link,1,2026-02-22 13:33:00,success,2470.47
A00009314,P009314,message,1,2026-01-17 23:46:00,success,8783.07
A00009315,P009315,escalate,1,2026-03-18 00:10:00,success,1336.67
A00009316,P009316,message,1,2026-01-17 03:25:00,failed,0.0
A00009317,P009317,escalate,1,2026-05-18 23:45:00,success,4248.14
A00009318,P009318,retry,1,2026-05-08 01:28:00,success,2489.97
A00009319,P009319,stop,1,2026-06-10 20:02:00,failed,0.0
A00009320,P009320,message,1,2026-04-09 16:35:00,failed,0.0
A00009321,P009321,retry,1,2026-02-18 10:53:00,failed,0.0
A00009322,P009322,payment_link,1,2026-01-12 02:18:00,success,1154.7
A00009323,P009323,stop,1,2026-05-22 09:27:00,failed,0.0
A00009324,P009324,payment_link,1,2026-04-20 21:55:00,failed,0.0
A00009325,P009325,escalate,1,2026-02-15 20:19:00,success,1521.3
A00009326,P009326,message,1,2026-01-19 19:16:00,success,1152.91
A00009327,P009327,retry,1,2026-01-06 16:18:00,failed,0.0
A00009328,P009328,retry,1,2026-05-03 04:08:00,success,2808.77
A00009329,P009329,retry,1,2026-06-20 05:55:00,success,3050.85
A00009330,P009330,escalate,1,2026-05-16 08:32:00,failed,0.0
A00009331,P009331,payment_link,1,2026-04-24 17:00:00,success,4649.99
A00009332,P009332,payment_link,1,2026-02-12 05:16:00,success,2010.6
A00009333,P009333,message,1,2026-02-08 14:24:00,failed,0.0
A00009334,P009334,escalate,1,2026-03-05 01:02:00,failed,0.0
A00009335,P009335,message,1,2026-01-28 16:37:00,failed,0.0
A00009336,P009336,retry,1,2026-02-19 06:25:00,failed,0.0
A00009337,P009337,message,1,2026-02-13 08:16:00,failed,0.0
A00009338,P009338,escalate,1,2026-03-26 19:57:00,success,1156.59
A00009339,P009339,message,1,2026-01-25 10:32:00,failed,0.0
A00009340,P009340,stop,1,2026-03-16 12:18:00,failed,0.0
A00009341,P009341,message,1,2026-03-14 15:31:00,failed,0.0
A00009342,P009342,payment_link,1,2026-04-09 22:21:00,failed,0.0
A00009343,P009343,message,1,2026-02-24 14:18:00,failed,0.0
A00009344,P009344,escalate,1,2026-03-31 05:11:00,failed,0.0
A00009345,P009345,escalate,1,2026-04-12 23:00:00,failed,0.0
A00009346,P009346,retry,1,2026-05-12 06:47:00,success,2546.65
A00009347,P009347,message,1,2026-06-19 07:40:00,success,791.06
A00009348,P009348,message,1,2026-04-23 01:15:00,failed,0.0
A00009349,P009349,payment_link,1,2026-03-09 18:31:00,success,33592.83
A00009350,P009350,message,1,2026-03-10 06:16:00,failed,0.0
A00009351,P009351,payment_link,1,2026-06-13 06:49:00,failed,0.0
A00009352,P009352,payment_link,1,2026-03-04 06:50:00,success,2458.64
A00009353,P009353,retry,1,2026-05-01 01:53:00,success,2827.86
A00009354,P009354,stop,1,2026-04-08 17:46:00,failed,0.0
A00009355,P009355,payment_link,1,2026-02-16 20:29:00,failed,0.0
A00009356,P009356,retry,1,2026-02-18 13:54:00,failed,0.0
A00009357,P009357,escalate,1,2026-03-15 09:31:00,success,2997.76
A00009358,P009358,escalate,1,2026-05-31 17:17:00,failed,0.0
A00009359,P009359,escalate,1,2026-02-03 02:13:00,failed,0.0
A00009360,P009360,payment_link,1,2026-04-28 15:00:00,failed,0.0
A00009361,P009361,message,1,2026-04-27 03:44:00,failed,0.0
A00009362,P009362,payment_link,1,2026-05-24 04:35:00,failed,0.0
A00009363,P009363,stop,1,2026-02-14 03:59:00,failed,0.0
A00009364,P009364,message,1,2026-01-17 12:08:00,success,4931.69
A00009365,P009365,stop,1,2026-06-04 03:08:00,failed,0.0
A00009366,P009366,escalate,1,2026-02-08 05:07:00,success,2618.18
A00009367,P009367,payment_link,1,2026-05-11 06:24:00,success,1536.12
A00009368,P009368,retry,1,2026-03-31 21:54:00,success,1689.43
A00009369,P009369,payment_link,1,2026-02-06 10:37:00,success,1700.46
A00009370,P009370,message,1,2026-04-24 23:23:00,failed,0.0
A00009371,P009371,escalate,1,2026-02-07 11:49:00,success,1727.0
A00009372,P009372,stop,1,2026-06-14 11:18:00,success,5463.03
A00009373,P009373,escalate,1,2026-06-09 15:43:00,failed,0.0
A00009374,P009374,escalate,1,2026-06-07 22:57:00,success,1123.98
A00009375,P009375,stop,1,2026-01-22 06:12:00,failed,0.0
A00009376,P009376,stop,1,2026-06-12 23:41:00,failed,0.0
A00009377,P009377,payment_link,1,2026-02-08 22:42:00,success,3647.45
A00009378,P009378,retry,1,2026-02-07 16:07:00,failed,0.0
A00009379,P009379,stop,1,2026-04-12 01:27:00,failed,0.0
A00009380,P009380,escalate,1,2026-02-22 13:42:00,failed,0.0
A00009381,P009381,stop,1,2026-05-24 04:36:00,failed,0.0
A00009382,P009382,message,1,2026-03-16 19:39:00,success,4870.55
A00009383,P009383,payment_link,1,2026-01-31 18:14:00,success,1504.01
A00009384,P009384,payment_link,1,2026-06-14 16:45:00,failed,0.0
A00009385,P009385,retry,1,2026-02-04 13:11:00,failed,0.0
A00009386,P009386,message,1,2026-05-26 21:32:00,success,6359.52
A00009387,P009387,payment_link,1,2026-05-10 23:25:00,failed,0.0
A00009388,P009388,message,1,2026-06-20 08:47:00,failed,0.0
A00009389,P009389,escalate,1,2026-06-15 17:12:00,success,811.48
A00009390,P009390,message,1,2026-05-03 00:00:00,success,7701.58
A00009391,P009391,message,1,2026-02-23 11:42:00,failed,0.0
A00009392,P009392,payment_link,1,2026-06-09 22:14:00,failed,0.0
A00009393,P009393,payment_link,1,2026-05-31 07:53:00,success,1051.9
A00009394,P009394,retry,1,2026-05-11 04:19:00,success,3265.82
A00009395,P009395,retry,1,2026-01-14 20:09:00,failed,0.0
A00009396,P009396,retry,1,2026-03-14 20:16:00,success,2670.82
A00009397,P009397,message,1,2026-02-15 13:51:00,success,2128.89
A00009398,P009398,stop,1,2026-04-02 16:28:00,failed,0.0
A00009399,P009399,retry,1,2026-06-10 02:51:00,success,10372.96
A00009400,P009400,escalate,1,2026-04-10 03:19:00,failed,0.0
A00009401,P009401,payment_link,1,2026-03-23 14:33:00,failed,0.0
A00009402,P009402,payment_link,1,2026-03-31 09:22:00,success,1330.05
A00009403,P009403,message,1,2026-06-29 12:02:00,failed,0.0
A00009404,P009404,payment_link,1,2026-06-20 08:48:00,failed,0.0
A00009405,P009405,retry,1,2026-05-14 22:15:00,success,16481.47
A00009406,P009406,retry,1,2026-03-04 12:27:00,success,1236.64
A00009407,P009407,escalate,1,2026-05-13 07:58:00,failed,0.0
A00009408,P009408,message,1,2026-02-03 19:23:00,success,997.49
A00009409,P009409,payment_link,1,2026-03-29 21:59:00,success,3895.84
A00009410,P009410,payment_link,1,2026-04-03 03:10:00,success,2804.54
A00009411,P009411,message,1,2026-04-07 02:16:00,failed,0.0
A00009412,P009412,stop,1,2026-05-02 12:02:00,failed,0.0
A00009413,P009413,payment_link,1,2026-02-13 08:12:00,success,2784.92
A00009414,P009414,stop,1,2026-04-12 06:54:00,success,3194.01
A00009415,P009415,payment_link,1,2026-05-08 11:37:00,failed,0.0
A00009416,P009416,payment_link,1,2026-02-22 01:30:00,success,1855.41
A00009417,P009417,escalate,1,2026-04-13 13:45:00,failed,0.0
A00009418,P009418,retry,1,2026-02-03 13:02:00,failed,0.0
A00009419,P009419,escalate,1,2026-05-01 13:30:00,success,5027.48
A00009420,P009420,stop,1,2026-03-07 04:06:00,failed,0.0
A00009421,P009421,stop,1,2026-06-05 20:25:00,failed,0.0
A00009422,P009422,message,1,2026-05-23 11:15:00,success,3149.01
A00009423,P009423,message,1,2026-06-27 18:05:00,success,2249.11
A00009424,P009424,retry,1,2026-05-20 06:34:00,success,6373.86
A00009425,P009425,stop,1,2026-03-13 14:30:00,failed,0.0
A00009426,P009426,retry,1,2026-05-28 11:20:00,failed,0.0
A00009427,P009427,payment_link,1,2026-04-01 21:24:00,failed,0.0
A00009428,P009428,retry,1,2026-05-28 10:22:00,failed,0.0
A00009429,P009429,message,1,2026-01-11 20:07:00,success,4410.88
A00009430,P009430,payment_link,1,2026-02-18 17:00:00,success,503.42
A00009431,P009431,retry,1,2026-02-22 00:14:00,failed,0.0
A00009432,P009432,payment_link,1,2026-04-15 09:05:00,failed,0.0
A00009433,P009433,retry,1,2026-01-30 08:24:00,failed,0.0
A00009434,P009434,payment_link,1,2026-02-20 16:57:00,failed,0.0
A00009435,P009435,payment_link,1,2026-01-15 22:45:00,success,6850.6
A00009436,P009436,stop,1,2026-06-13 09:11:00,failed,0.0
A00009437,P009437,stop,1,2026-05-16 16:18:00,failed,0.0
A00009438,P009438,stop,1,2026-05-12 03:28:00,failed,0.0
A00009439,P009439,retry,1,2026-06-04 15:07:00,success,4745.62
A00009440,P009440,payment_link,1,2026-02-05 22:32:00,success,1722.34
A00009441,P009441,escalate,1,2026-02-03 17:19:00,failed,0.0
A00009442,P009442,payment_link,1,2026-04-05 09:10:00,failed,0.0
A00009443,P009443,retry,1,2026-06-26 06:27:00,failed,0.0
A00009444,P009444,escalate,1,2026-01-12 16:28:00,success,7005.6
A00009445,P009445,message,1,2026-01-05 18:09:00,success,546.34
A00009446,P009446,message,1,2026-03-28 13:11:00,success,5748.7
A00009447,P009447,escalate,1,2026-06-20 06:19:00,success,2367.63
A00009448,P009448,stop,1,2026-06-15 23:35:00,failed,0.0
A00009449,P009449,escalate,1,2026-05-04 16:12:00,success,7587.54
A00009450,P009450,stop,1,2026-01-08 15:24:00,failed,0.0
A00009451,P009451,payment_link,1,2026-06-25 01:02:00,failed,0.0
A00009452,P009452,payment_link,1,2026-02-25 22:12:00,success,2172.62
A00009453,P009453,message,1,2026-04-17 13:23:00,failed,0.0
A00009454,P009454,retry,1,2026-05-21 15:33:00,success,3907.49
A00009455,P009455,retry,1,2026-02-21 11:19:00,failed,0.0
A00009456,P009456,escalate,1,2026-06-03 05:09:00,failed,0.0
A00009457,P009457,stop,1,2026-06-23 04:01:00,failed,0.0
A00009458,P009458,stop,1,2026-05-23 23:08:00,failed,0.0
A00009459,P009459,stop,1,2026-04-19 02:16:00,failed,0.0
A00009460,P009460,escalate,1,2026-04-21 00:04:00,failed,0.0
A00009461,P009461,payment_link,1,2026-03-16 21:10:00,success,1696.07
A00009462,P009462,escalate,1,2026-03-02 02:11:00,success,4637.88
A00009463,P009463,retry,1,2026-05-24 22:40:00,failed,0.0
A00009464,P009464,escalate,1,2026-02-05 07:36:00,failed,0.0
A00009465,P009465,stop,1,2026-04-16 02:53:00,failed,0.0
A00009466,P009466,payment_link,1,2026-05-24 02:35:00,success,4345.78
A00009467,P009467,stop,1,2026-06-17 05:17:00,failed,0.0
A00009468,P009468,escalate,1,2026-02-12 03:00:00,success,12596.25
A00009469,P009469,message,1,2026-03-01 10:55:00,failed,0.0
A00009470,P009470,stop,1,2026-03-12 04:33:00,failed,0.0
A00009471,P009471,retry,1,2026-02-25 11:02:00,success,7521.19
A00009472,P009472,escalate,1,2026-06-07 07:16:00,failed,0.0
A00009473,P009473,retry,1,2026-06-26 20:49:00,failed,0.0
A00009474,P009474,payment_link,1,2026-03-28 08:05:00,failed,0.0
A00009475,P009475,retry,1,2026-05-06 16:47:00,failed,0.0
A00009476,P009476,message,1,2026-06-27 07:21:00,success,7358.96
A00009477,P009477,retry,1,2026-04-14 04:48:00,failed,0.0
A00009478,P009478,retry,1,2026-03-12 12:59:00,failed,0.0
A00009479,P009479,retry,1,2026-06-02 03:46:00,success,7988.15
A00009480,P009480,retry,1,2026-04-03 05:18:00,failed,0.0
A00009481,P009481,retry,1,2026-05-12 22:26:00,failed,0.0
A00009482,P009482,escalate,1,2026-03-30 11:51:00,failed,0.0
A00009483,P009483,message,1,2026-04-18 23:44:00,success,10206.35
A00009484,P009484,retry,1,2026-01-29 01:40:00,failed,0.0
A00009485,P009485,payment_link,1,2026-03-05 05:01:00,success,756.08
A00009486,P009486,retry,1,2026-05-28 15:30:00,failed,0.0
A00009487,P009487,escalate,1,2026-05-28 16:47:00,failed,0.0
A00009488,P009488,escalate,1,2026-03-27 19:52:00,failed,0.0
A00009489,P009489,message,1,2026-03-03 16:35:00,failed,0.0
A00009490,P009490,escalate,1,2026-03-23 06:58:00,success,4470.61
A00009491,P009491,retry,1,2026-05-02 06:44:00,success,6640.92
A00009492,P009492,message,1,2026-02-01 11:05:00,failed,0.0
A00009493,P009493,stop,1,2026-03-21 00:57:00,failed,0.0
A00009494,P009494,escalate,1,2026-04-23 17:36:00,success,4876.48
A00009495,P009495,retry,1,2026-01-25 02:47:00,success,11821.98
A00009496,P009496,payment_link,1,2026-06-02 23:14:00,failed,0.0
A00009497,P009497,escalate,1,2026-02-28 06:40:00,failed,0.0
A00009498,P009498,payment_link,1,2026-06-21 05:15:00,success,2338.19
A00009499,P009499,retry,1,2026-04-30 06:13:00,failed,0.0
A00009500,P009500,message,1,2026-03-30 10:15:00,success,4109.85
A00009501,P009501,stop,1,2026-05-11 07:11:00,failed,0.0
A00009502,P009502,message,1,2026-05-29 04:58:00,success,3659.85
A00009503,P009503,payment_link,1,2026-06-05 04:21:00,failed,0.0
A00009504,P009504,message,1,2026-06-04 16:43:00,failed,0.0
A00009505,P009505,escalate,1,2026-05-20 13:11:00,failed,0.0
A00009506,P009506,payment_link,1,2026-06-09 10:39:00,failed,0.0
A00009507,P009507,message,1,2026-01-05 00:58:00,success,1470.15
A00009508,P009508,escalate,1,2026-03-10 05:48:00,failed,0.0
A00009509,P009509,message,1,2026-01-26 05:40:00,failed,0.0
A00009510,P009510,stop,1,2026-02-12 07:51:00,failed,0.0
A00009511,P009511,message,1,2026-04-30 11:22:00,success,2394.56
A00009512,P009512,stop,1,2026-01-01 20:48:00,failed,0.0
A00009513,P009513,retry,1,2026-03-22 04:03:00,failed,0.0
A00009514,P009514,retry,1,2026-03-02 17:57:00,failed,0.0
A00009515,P009515,stop,1,2026-03-11 13:06:00,failed,0.0
A00009516,P009516,retry,1,2026-03-05 12:02:00,success,54720.28
A00009517,P009517,message,1,2026-03-09 05:43:00,success,1070.79
A00009518,P009518,retry,1,2026-06-16 22:25:00,failed,0.0
A00009519,P009519,message,1,2026-06-07 15:27:00,failed,0.0
A00009520,P009520,payment_link,1,2026-01-14 09:38:00,failed,0.0
A00009521,P009521,stop,1,2026-03-31 06:26:00,failed,0.0
A00009522,P009522,stop,1,2026-06-01 22:05:00,failed,0.0
A00009523,P009523,escalate,1,2026-06-11 08:47:00,success,2383.05
A00009524,P009524,message,1,2026-01-28 15:29:00,failed,0.0
A00009525,P009525,retry,1,2026-04-13 19:09:00,failed,0.0
A00009526,P009526,message,1,2026-04-18 02:53:00,failed,0.0
A00009527,P009527,stop,1,2026-06-13 20:21:00,failed,0.0
A00009528,P009528,escalate,1,2026-03-24 15:09:00,failed,0.0
A00009529,P009529,stop,1,2026-01-19 14:39:00,failed,0.0
A00009530,P009530,payment_link,1,2026-05-23 10:08:00,failed,0.0
A00009531,P009531,payment_link,1,2026-05-08 17:03:00,failed,0.0
A00009532,P009532,stop,1,2026-06-09 16:01:00,failed,0.0
A00009533,P009533,stop,1,2026-04-25 10:33:00,failed,0.0
A00009534,P009534,payment_link,1,2026-05-22 19:55:00,failed,0.0
A00009535,P009535,payment_link,1,2026-05-02 14:59:00,failed,0.0
A00009536,P009536,escalate,1,2026-05-21 15:53:00,failed,0.0
A00009537,P009537,retry,1,2026-05-31 20:14:00,failed,0.0
A00009538,P009538,retry,1,2026-01-05 15:52:00,success,1403.87
A00009539,P009539,payment_link,1,2026-02-06 14:52:00,success,2528.28
A00009540,P009540,message,1,2026-06-12 22:47:00,failed,0.0
A00009541,P009541,retry,1,2026-02-08 23:33:00,failed,0.0
A00009542,P009542,payment_link,1,2026-04-06 21:32:00,success,9765.58
A00009543,P009543,escalate,1,2026-01-09 10:57:00,success,4203.88
A00009544,P009544,message,1,2026-05-19 19:27:00,success,11831.44
A00009545,P009545,retry,1,2026-01-31 17:00:00,failed,0.0
A00009546,P009546,message,1,2026-05-19 13:04:00,failed,0.0
A00009547,P009547,retry,1,2026-02-20 23:43:00,success,5635.03
A00009548,P009548,stop,1,2026-03-04 22:01:00,failed,0.0
A00009549,P009549,payment_link,1,2026-06-24 08:25:00,success,757.0
A00009550,P009550,stop,1,2026-06-09 09:48:00,failed,0.0
A00009551,P009551,escalate,1,2026-04-29 12:39:00,failed,0.0
A00009552,P009552,message,1,2026-06-16 11:04:00,success,3143.58
A00009553,P009553,retry,1,2026-05-16 07:01:00,success,2218.47
A00009554,P009554,stop,1,2026-05-01 18:02:00,failed,0.0
A00009555,P009555,payment_link,1,2026-03-24 02:17:00,success,1328.71
A00009556,P009556,message,1,2026-01-29 10:06:00,failed,0.0
A00009557,P009557,retry,1,2026-02-17 20:56:00,failed,0.0
A00009558,P009558,message,1,2026-03-16 11:56:00,failed,0.0
A00009559,P009559,stop,1,2026-02-15 10:34:00,failed,0.0
A00009560,P009560,retry,1,2026-05-06 14:19:00,failed,0.0
A00009561,P009561,payment_link,1,2026-04-24 14:46:00,success,4274.14
A00009562,P009562,stop,1,2026-02-17 14:11:00,failed,0.0
A00009563,P009563,escalate,1,2026-01-16 15:57:00,failed,0.0
A00009564,P009564,message,1,2026-02-07 20:27:00,failed,0.0
A00009565,P009565,message,1,2026-05-03 00:16:00,failed,0.0
A00009566,P009566,escalate,1,2026-05-06 19:29:00,failed,0.0
A00009567,P009567,payment_link,1,2026-01-17 21:06:00,failed,0.0
A00009568,P009568,escalate,1,2026-03-31 13:35:00,failed,0.0
A00009569,P009569,payment_link,1,2026-04-08 17:40:00,success,4919.68
A00009570,P009570,retry,1,2026-01-26 04:59:00,success,4768.55
A00009571,P009571,payment_link,1,2026-04-08 12:17:00,success,1107.83
A00009572,P009572,message,1,2026-04-18 14:48:00,success,1472.6
A00009573,P009573,escalate,1,2026-01-21 15:06:00,success,5196.88
A00009574,P009574,payment_link,1,2026-06-01 00:11:00,failed,0.0
A00009575,P009575,message,1,2026-02-03 05:12:00,failed,0.0
A00009576,P009576,payment_link,1,2026-01-02 07:12:00,success,5545.03
A00009577,P009577,message,1,2026-04-12 11:00:00,success,8279.64
A00009578,P009578,payment_link,1,2026-02-21 03:59:00,success,5170.11
A00009579,P009579,stop,1,2026-03-07 15:02:00,failed,0.0
A00009580,P009580,escalate,1,2026-02-21 17:51:00,failed,0.0
A00009581,P009581,payment_link,1,2026-01-17 00:06:00,success,5356.66
A00009582,P009582,message,1,2026-06-04 05:04:00,success,5100.09
A00009583,P009583,escalate,1,2026-02-05 19:58:00,success,642.85
A00009584,P009584,retry,1,2026-03-18 09:54:00,failed,0.0
A00009585,P009585,stop,1,2026-01-29 03:22:00,failed,0.0
A00009586,P009586,stop,1,2026-03-18 00:53:00,failed,0.0
A00009587,P009587,stop,1,2026-06-02 06:17:00,failed,0.0
A00009588,P009588,payment_link,1,2026-04-07 12:39:00,failed,0.0
A00009589,P009589,stop,1,2026-04-27 15:45:00,failed,0.0
A00009590,P009590,escalate,1,2026-01-21 09:12:00,success,2108.21
A00009591,P009591,escalate,1,2026-06-15 04:50:00,failed,0.0
A00009592,P009592,payment_link,1,2026-02-17 20:51:00,failed,0.0
A00009593,P009593,escalate,1,2026-06-01 17:41:00,failed,0.0
A00009594,P009594,retry,1,2026-05-18 19:52:00,success,1770.04
A00009595,P009595,stop,1,2026-05-01 23:44:00,failed,0.0
A00009596,P009596,retry,1,2026-01-31 07:53:00,failed,0.0
A00009597,P009597,payment_link,1,2026-02-19 06:41:00,failed,0.0
A00009598,P009598,retry,1,2026-01-31 10:17:00,success,4013.97
A00009599,P009599,payment_link,1,2026-03-30 22:17:00,failed,0.0
A00009600,P009600,payment_link,1,2026-03-16 09:37:00,failed,0.0
A00009601,P009601,message,1,2026-04-22 15:42:00,success,2220.98
A00009602,P009602,message,1,2026-06-12 18:45:00,failed,0.0
A00009603,P009603,stop,1,2026-01-08 15:23:00,failed,0.0
A00009604,P009604,escalate,1,2026-05-30 13:06:00,success,1690.71
A00009605,P009605,retry,1,2026-03-23 16:59:00,success,1566.13
A00009606,P009606,message,1,2026-06-17 17:19:00,success,1115.87
A00009607,P009607,retry,1,2026-04-14 06:11:00,failed,0.0
A00009608,P009608,stop,1,2026-01-13 20:50:00,failed,0.0
A00009609,P009609,escalate,1,2026-06-05 01:55:00,success,19746.23
A00009610,P009610,retry,1,2026-06-12 10:27:00,failed,0.0
A00009611,P009611,escalate,1,2026-06-23 05:28:00,success,10247.9
A00009612,P009612,payment_link,1,2026-01-09 06:58:00,success,1177.61
A00009613,P009613,escalate,1,2026-04-22 22:00:00,success,6879.86
A00009614,P009614,escalate,1,2026-02-25 15:05:00,success,2725.64
A00009615,P009615,message,1,2026-05-16 20:50:00,failed,0.0
A00009616,P009616,payment_link,1,2026-05-08 23:17:00,success,2981.52
A00009617,P009617,escalate,1,2026-06-01 04:41:00,failed,0.0
A00009618,P009618,payment_link,1,2026-04-02 15:48:00,failed,0.0
A00009619,P009619,message,1,2026-03-21 06:14:00,failed,0.0
A00009620,P009620,message,1,2026-02-05 06:41:00,failed,0.0
A00009621,P009621,retry,1,2026-04-14 16:06:00,failed,0.0
A00009622,P009622,retry,1,2026-04-08 11:21:00,success,1604.66
A00009623,P009623,stop,1,2026-01-19 07:57:00,failed,0.0
A00009624,P009624,payment_link,1,2026-02-23 07:38:00,success,2201.06
A00009625,P009625,message,1,2026-05-25 01:54:00,failed,0.0
A00009626,P009626,escalate,1,2026-05-12 05:56:00,success,7236.9
A00009627,P009627,payment_link,1,2026-03-18 20:53:00,success,2580.73
A00009628,P009628,escalate,1,2026-03-30 00:26:00,failed,0.0
A00009629,P009629,payment_link,1,2026-04-26 20:22:00,success,1754.95
A00009630,P009630,message,1,2026-01-25 13:23:00,failed,0.0
A00009631,P009631,stop,1,2026-04-23 12:57:00,failed,0.0
A00009632,P009632,message,1,2026-03-15 10:23:00,failed,0.0
A00009633,P009633,stop,1,2026-03-26 01:22:00,failed,0.0
A00009634,P009634,escalate,1,2026-05-27 03:52:00,success,4466.1
A00009635,P009635,stop,1,2026-06-15 17:25:00,failed,0.0
A00009636,P009636,escalate,1,2026-04-11 13:57:00,failed,0.0
A00009637,P009637,retry,1,2026-05-23 15:20:00,success,1865.76
A00009638,P009638,escalate,1,2026-06-23 14:47:00,success,1555.74
A00009639,P009639,retry,1,2026-05-30 04:55:00,failed,0.0
A00009640,P009640,escalate,1,2026-02-08 13:27:00,success,1841.96
A00009641,P009641,message,1,2026-01-01 01:09:00,failed,0.0
A00009642,P009642,message,1,2026-04-11 20:23:00,failed,0.0
A00009643,P009643,escalate,1,2026-02-18 08:09:00,failed,0.0
A00009644,P009644,stop,1,2026-01-21 18:50:00,failed,0.0
A00009645,P009645,message,1,2026-05-01 15:08:00,failed,0.0
A00009646,P009646,stop,1,2026-01-28 03:42:00,failed,0.0
A00009647,P009647,message,1,2026-01-29 07:53:00,success,3765.95
A00009648,P009648,message,1,2026-04-17 21:20:00,failed,0.0
A00009649,P009649,stop,1,2026-02-05 17:54:00,failed,0.0
A00009650,P009650,payment_link,1,2026-05-03 08:30:00,success,1819.14
A00009651,P009651,stop,1,2026-01-12 13:05:00,failed,0.0
A00009652,P009652,stop,1,2026-03-09 06:26:00,failed,0.0
A00009653,P009653,stop,1,2026-04-20 12:13:00,failed,0.0
A00009654,P009654,payment_link,1,2026-04-27 21:23:00,success,6160.4
A00009655,P009655,escalate,1,2026-04-06 10:06:00,success,3000.05
A00009656,P009656,payment_link,1,2026-04-25 23:11:00,failed,0.0
A00009657,P009657,message,1,2026-04-30 08:32:00,failed,0.0
A00009658,P009658,escalate,1,2026-02-24 00:59:00,failed,0.0
A00009659,P009659,payment_link,1,2026-06-21 11:38:00,failed,0.0
A00009660,P009660,message,1,2026-01-05 06:34:00,failed,0.0
A00009661,P009661,stop,1,2026-02-28 06:41:00,success,69873.33
A00009662,P009662,escalate,1,2026-03-05 16:00:00,failed,0.0
A00009663,P009663,payment_link,1,2026-01-23 07:07:00,failed,0.0
A00009664,P009664,message,1,2026-03-17 02:28:00,failed,0.0
A00009665,P009665,retry,1,2026-03-09 18:03:00,failed,0.0
A00009666,P009666,payment_link,1,2026-04-03 02:33:00,success,862.4
A00009667,P009667,retry,1,2026-05-06 00:27:00,success,2266.37
A00009668,P009668,message,1,2026-03-30 14:05:00,failed,0.0
A00009669,P009669,escalate,1,2026-03-31 01:12:00,success,5022.68
A00009670,P009670,message,1,2026-04-26 08:20:00,failed,0.0
A00009671,P009671,escalate,1,2026-04-29 21:15:00,success,4726.68
A00009672,P009672,retry,1,2026-02-11 03:12:00,success,4835.7
A00009673,P009673,stop,1,2026-03-03 08:07:00,failed,0.0
A00009674,P009674,escalate,1,2026-03-10 23:17:00,success,3633.8
A00009675,P009675,payment_link,1,2026-06-23 07:33:00,failed,0.0
A00009676,P009676,retry,1,2026-01-05 14:15:00,failed,0.0
A00009677,P009677,message,1,2026-04-27 01:21:00,success,5692.0
A00009678,P009678,retry,1,2026-06-07 16:00:00,failed,0.0
A00009679,P009679,retry,1,2026-02-01 05:58:00,failed,0.0
A00009680,P009680,payment_link,1,2026-03-15 12:00:00,failed,0.0
A00009681,P009681,retry,1,2026-04-07 19:41:00,success,1956.39
A00009682,P009682,stop,1,2026-05-23 01:58:00,failed,0.0
A00009683,P009683,message,1,2026-01-20 10:00:00,success,1412.33
A00009684,P009684,stop,1,2026-02-18 22:37:00,failed,0.0
A00009685,P009685,message,1,2026-03-06 07:45:00,failed,0.0
A00009686,P009686,payment_link,1,2026-02-22 08:44:00,failed,0.0
A00009687,P009687,escalate,1,2026-05-14 13:09:00,success,5329.82
A00009688,P009688,stop,1,2026-05-10 13:01:00,failed,0.0
A00009689,P009689,stop,1,2026-01-13 04:44:00,success,3003.28
A00009690,P009690,payment_link,1,2026-06-01 11:21:00,failed,0.0
A00009691,P009691,retry,1,2026-01-28 15:41:00,failed,0.0
A00009692,P009692,message,1,2026-05-21 09:46:00,success,1630.31
A00009693,P009693,payment_link,1,2026-03-11 13:14:00,failed,0.0
A00009694,P009694,message,1,2026-03-20 20:37:00,success,1760.4
A00009695,P009695,message,1,2026-06-23 15:43:00,success,25343.23
A00009696,P009696,escalate,1,2026-06-14 08:46:00,failed,0.0
A00009697,P009697,stop,1,2026-02-15 12:39:00,failed,0.0
A00009698,P009698,retry,1,2026-02-15 04:38:00,success,2275.69
A00009699,P009699,message,1,2026-03-26 14:25:00,success,2144.65
A00009700,P009700,stop,1,2026-06-29 01:01:00,failed,0.0
A00009701,P009701,payment_link,1,2026-04-12 07:34:00,failed,0.0
A00009702,P009702,retry,1,2026-05-20 11:17:00,failed,0.0
A00009703,P009703,escalate,1,2026-05-20 08:01:00,failed,0.0
A00009704,P009704,message,1,2026-06-25 06:48:00,failed,0.0
A00009705,P009705,retry,1,2026-04-05 01:31:00,success,1739.54
A00009706,P009706,payment_link,1,2026-05-14 20:57:00,failed,0.0
A00009707,P009707,retry,1,2026-05-14 04:07:00,success,3658.24
A00009708,P009708,message,1,2026-04-28 06:30:00,success,6117.38
A00009709,P009709,message,1,2026-01-18 13:00:00,success,4402.1
A00009710,P009710,retry,1,2026-02-26 11:56:00,success,12298.86
A00009711,P009711,payment_link,1,2026-06-11 17:57:00,failed,0.0
A00009712,P009712,message,1,2026-06-12 06:01:00,success,1405.67
A00009713,P009713,payment_link,1,2026-05-04 09:15:00,success,1574.11
A00009714,P009714,stop,1,2026-01-30 03:39:00,failed,0.0
A00009715,P009715,message,1,2026-02-14 09:34:00,failed,0.0
A00009716,P009716,stop,1,2026-01-29 12:00:00,failed,0.0
A00009717,P009717,escalate,1,2026-01-28 15:44:00,failed,0.0
A00009718,P009718,retry,1,2026-05-09 06:16:00,success,1052.33
A00009719,P009719,payment_link,1,2026-04-04 10:30:00,success,30733.3
A00009720,P009720,stop,1,2026-02-03 16:37:00,failed,0.0
A00009721,P009721,stop,1,2026-03-29 03:43:00,failed,0.0
A00009722,P009722,retry,1,2026-04-02 09:37:00,success,1256.67
A00009723,P009723,retry,1,2026-02-16 03:15:00,success,874.47
A00009724,P009724,payment_link,1,2026-05-03 02:05:00,failed,0.0
A00009725,P009725,escalate,1,2026-05-13 23:57:00,failed,0.0
A00009726,P009726,escalate,1,2026-01-17 12:45:00,failed,0.0
A00009727,P009727,message,1,2026-01-25 23:32:00,success,3084.9
A00009728,P009728,stop,1,2026-05-09 20:21:00,failed,0.0
A00009729,P009729,message,1,2026-06-14 17:50:00,success,2918.71
A00009730,P009730,payment_link,1,2026-02-02 18:28:00,success,6994.04
A00009731,P009731,escalate,1,2026-06-15 00:52:00,failed,0.0
A00009732,P009732,stop,1,2026-05-05 23:40:00,failed,0.0
A00009733,P009733,stop,1,2026-01-14 08:50:00,failed,0.0
A00009734,P009734,payment_link,1,2026-01-03 05:39:00,failed,0.0
A00009735,P009735,message,1,2026-03-08 09:35:00,success,16389.13
A00009736,P009736,stop,1,2026-04-13 11:15:00,failed,0.0
A00009737,P009737,message,1,2026-04-08 08:17:00,success,2997.76
A00009738,P009738,message,1,2026-02-26 13:23:00,failed,0.0
A00009739,P009739,retry,1,2026-05-30 09:25:00,failed,0.0
A00009740,P009740,stop,1,2026-03-15 08:13:00,failed,0.0
A00009741,P009741,retry,1,2026-05-25 01:58:00,success,1323.48
A00009742,P009742,escalate,1,2026-05-20 05:44:00,success,46651.59
A00009743,P009743,message,1,2026-06-12 13:09:00,failed,0.0
A00009744,P009744,retry,1,2026-04-02 16:54:00,failed,0.0
A00009745,P009745,message,1,2026-05-17 03:20:00,failed,0.0
A00009746,P009746,message,1,2026-01-15 13:28:00,failed,0.0
A00009747,P009747,stop,1,2026-02-16 15:56:00,failed,0.0
A00009748,P009748,payment_link,1,2026-02-01 00:59:00,success,6143.16
A00009749,P009749,message,1,2026-05-01 17:22:00,failed,0.0
A00009750,P009750,escalate,1,2026-06-08 14:21:00,failed,0.0
A00009751,P009751,payment_link,1,2026-04-08 12:30:00,success,2629.75
A00009752,P009752,payment_link,1,2026-04-29 18:32:00,success,2099.53
A00009753,P009753,message,1,2026-03-29 19:32:00,success,7392.64
A00009754,P009754,stop,1,2026-04-27 13:39:00,failed,0.0
A00009755,P009755,message,1,2026-01-08 02:20:00,success,8676.63
A00009756,P009756,stop,1,2026-05-30 14:22:00,failed,0.0
A00009757,P009757,retry,1,2026-03-31 22:07:00,failed,0.0
A00009758,P009758,escalate,1,2026-02-13 05:05:00,failed,0.0
A00009759,P009759,message,1,2026-03-12 18:31:00,failed,0.0
A00009760,P009760,escalate,1,2026-04-04 13:25:00,failed,0.0
A00009761,P009761,retry,1,2026-01-21 09:38:00,failed,0.0
A00009762,P009762,stop,1,2026-04-07 11:17:00,failed,0.0
A00009763,P009763,retry,1,2026-01-23 02:30:00,failed,0.0
A00009764,P009764,stop,1,2026-05-25 04:55:00,failed,0.0
A00009765,P009765,message,1,2026-04-24 04:54:00,failed,0.0
A00009766,P009766,message,1,2026-02-13 01:55:00,success,963.18
A00009767,P009767,retry,1,2026-03-19 21:04:00,success,5614.82
A00009768,P009768,message,1,2026-02-28 04:33:00,success,1884.74
A00009769,P009769,payment_link,1,2026-02-24 02:23:00,failed,0.0
A00009770,P009770,stop,1,2026-05-17 02:46:00,success,1770.82
A00009771,P009771,payment_link,1,2026-01-18 01:07:00,failed,0.0
A00009772,P009772,escalate,1,2026-04-19 18:43:00,success,3763.54
A00009773,P009773,escalate,1,2026-04-18 19:52:00,failed,0.0
A00009774,P009774,escalate,1,2026-04-17 23:27:00,success,3022.23
A00009775,P009775,retry,1,2026-06-06 08:31:00,failed,0.0
A00009776,P009776,payment_link,1,2026-01-22 09:45:00,success,3533.97
A00009777,P009777,escalate,1,2026-04-14 04:09:00,success,13059.64
A00009778,P009778,stop,1,2026-05-01 00:02:00,failed,0.0
A00009779,P009779,retry,1,2026-04-02 07:23:00,failed,0.0
A00009780,P009780,retry,1,2026-06-29 14:37:00,success,3669.03
A00009781,P009781,payment_link,1,2026-06-06 20:30:00,success,2233.48
A00009782,P009782,retry,1,2026-06-02 17:46:00,success,2291.16
A00009783,P009783,retry,1,2026-01-21 18:23:00,failed,0.0
A00009784,P009784,message,1,2026-01-07 08:24:00,success,3668.0
A00009785,P009785,escalate,1,2026-05-02 05:57:00,success,5756.81
A00009786,P009786,message,1,2026-03-16 14:52:00,success,2194.98
A00009787,P009787,retry,1,2026-06-27 01:49:00,failed,0.0
A00009788,P009788,retry,1,2026-05-18 00:41:00,failed,0.0
A00009789,P009789,stop,1,2026-03-05 15:48:00,failed,0.0
A00009790,P009790,payment_link,1,2026-01-25 08:05:00,failed,0.0
A00009791,P009791,retry,1,2026-05-28 13:52:00,failed,0.0
A00009792,P009792,stop,1,2026-04-06 04:49:00,failed,0.0
A00009793,P009793,escalate,1,2026-04-11 18:10:00,success,32761.43
A00009794,P009794,stop,1,2026-05-09 18:58:00,success,2735.75
A00009795,P009795,message,1,2026-05-19 07:39:00,success,434.8
A00009796,P009796,message,1,2026-05-12 09:23:00,success,3284.93
A00009797,P009797,escalate,1,2026-05-16 07:49:00,failed,0.0
A00009798,P009798,message,1,2026-01-20 02:11:00,failed,0.0
A00009799,P009799,stop,1,2026-06-26 22:19:00,failed,0.0
A00009800,P009800,stop,1,2026-06-09 13:51:00,failed,0.0
A00009801,P009801,retry,1,2026-06-26 04:49:00,failed,0.0
A00009802,P009802,escalate,1,2026-02-04 19:43:00,success,5760.9
A00009803,P009803,retry,1,2026-03-10 16:02:00,success,5137.56
A00009804,P009804,payment_link,1,2026-06-16 02:58:00,success,1400.2
A00009805,P009805,message,1,2026-05-09 16:25:00,failed,0.0
A00009806,P009806,stop,1,2026-06-05 14:07:00,failed,0.0
A00009807,P009807,stop,1,2026-01-23 15:50:00,failed,0.0
A00009808,P009808,payment_link,1,2026-05-04 09:04:00,failed,0.0
A00009809,P009809,escalate,1,2026-05-30 01:04:00,success,87351.59
A00009810,P009810,stop,1,2026-01-22 05:24:00,failed,0.0
A00009811,P009811,escalate,1,2026-06-19 18:27:00,success,18302.3
A00009812,P009812,message,1,2026-04-14 06:41:00,failed,0.0
A00009813,P009813,payment_link,1,2026-06-03 03:39:00,success,19569.38
A00009814,P009814,payment_link,1,2026-01-01 14:47:00,failed,0.0
A00009815,P009815,escalate,1,2026-03-13 05:41:00,success,4673.31
A00009816,P009816,message,1,2026-03-04 02:55:00,success,8653.48
A00009817,P009817,payment_link,1,2026-01-10 09:01:00,success,1688.63
A00009818,P009818,message,1,2026-03-09 12:22:00,success,1689.57
A00009819,P009819,escalate,1,2026-02-06 05:30:00,failed,0.0
A00009820,P009820,stop,1,2026-05-23 15:46:00,failed,0.0
A00009821,P009821,escalate,1,2026-05-24 13:11:00,failed,0.0
A00009822,P009822,escalate,1,2026-01-23 19:40:00,failed,0.0
A00009823,P009823,payment_link,1,2026-03-29 21:15:00,success,1588.05
A00009824,P009824,stop,1,2026-03-22 19:45:00,failed,0.0
A00009825,P009825,escalate,1,2026-03-22 00:58:00,failed,0.0
A00009826,P009826,escalate,1,2026-05-03 17:36:00,failed,0.0
A00009827,P009827,stop,1,2026-06-09 22:04:00,failed,0.0
A00009828,P009828,message,1,2026-04-09 20:26:00,failed,0.0
A00009829,P009829,stop,1,2026-03-16 14:12:00,failed,0.0
A00009830,P009830,retry,1,2026-06-17 08:06:00,success,2124.73
A00009831,P009831,retry,1,2026-05-22 00:55:00,success,745.11
A00009832,P009832,message,1,2026-01-26 08:05:00,failed,0.0
A00009833,P009833,payment_link,1,2026-03-17 12:57:00,success,2565.03
A00009834,P009834,payment_link,1,2026-05-23 23:19:00,failed,0.0
A00009835,P009835,stop,1,2026-05-12 10:40:00,failed,0.0
A00009836,P009836,stop,1,2026-01-14 07:17:00,failed,0.0
A00009837,P009837,payment_link,1,2026-05-16 10:05:00,failed,0.0
A00009838,P009838,escalate,1,2026-01-13 16:37:00,success,4499.54
A00009839,P009839,stop,1,2026-03-02 20:54:00,failed,0.0
A00009840,P009840,message,1,2026-03-19 12:17:00,failed,0.0
A00009841,P009841,stop,1,2026-03-01 20:26:00,failed,0.0
A00009842,P009842,payment_link,1,2026-01-29 02:57:00,failed,0.0
A00009843,P009843,message,1,2026-01-29 01:18:00,success,3024.09
A00009844,P009844,escalate,1,2026-05-20 00:37:00,success,6310.04
A00009845,P009845,payment_link,1,2026-06-09 17:51:00,failed,0.0
A00009846,P009846,payment_link,1,2026-02-27 20:46:00,failed,0.0
A00009847,P009847,stop,1,2026-05-09 17:08:00,failed,0.0
A00009848,P009848,message,1,2026-02-28 04:38:00,failed,0.0
A00009849,P009849,message,1,2026-06-10 01:12:00,failed,0.0
A00009850,P009850,retry,1,2026-03-29 11:59:00,success,2508.85
A00009851,P009851,escalate,1,2026-01-18 13:48:00,failed,0.0
A00009852,P009852,message,1,2026-06-08 18:35:00,failed,0.0
A00009853,P009853,escalate,1,2026-04-04 07:45:00,failed,0.0
A00009854,P009854,retry,1,2026-01-07 18:18:00,success,12934.09
A00009855,P009855,stop,1,2026-01-26 20:05:00,failed,0.0
A00009856,P009856,payment_link,1,2026-03-27 21:09:00,failed,0.0
A00009857,P009857,payment_link,1,2026-06-02 12:49:00,success,2396.94
A00009858,P009858,payment_link,1,2026-03-31 06:40:00,success,3013.13
A00009859,P009859,escalate,1,2026-03-14 03:11:00,success,4353.91
A00009860,P009860,message,1,2026-04-27 10:29:00,success,2103.88
A00009861,P009861,message,1,2026-01-06 15:30:00,failed,0.0
A00009862,P009862,stop,1,2026-06-11 12:48:00,failed,0.0
A00009863,P009863,payment_link,1,2026-02-12 19:24:00,success,4977.45
A00009864,P009864,retry,1,2026-01-20 05:22:00,success,5774.1
A00009865,P009865,stop,1,2026-06-26 19:16:00,failed,0.0
A00009866,P009866,payment_link,1,2026-02-01 15:45:00,success,2856.47
A00009867,P009867,stop,1,2026-06-20 07:03:00,failed,0.0
A00009868,P009868,escalate,1,2026-02-13 01:54:00,failed,0.0
A00009869,P009869,stop,1,2026-03-23 17:23:00,failed,0.0
A00009870,P009870,escalate,1,2026-04-11 15:27:00,failed,0.0
A00009871,P009871,message,1,2026-04-20 14:56:00,failed,0.0
A00009872,P009872,message,1,2026-04-02 23:11:00,success,15861.93
A00009873,P009873,stop,1,2026-03-18 19:17:00,failed,0.0
A00009874,P009874,retry,1,2026-06-07 11:03:00,success,1368.66
A00009875,P009875,escalate,1,2026-05-27 05:56:00,success,4766.71
A00009876,P009876,message,1,2026-05-23 22:37:00,failed,0.0
A00009877,P009877,message,1,2026-05-25 03:53:00,success,3709.03
A00009878,P009878,payment_link,1,2026-02-27 14:50:00,failed,0.0
A00009879,P009879,stop,1,2026-05-09 14:28:00,failed,0.0
A00009880,P009880,stop,1,2026-02-17 17:09:00,failed,0.0
A00009881,P009881,message,1,2026-01-03 05:18:00,success,2703.98
A00009882,P009882,stop,1,2026-05-27 08:07:00,failed,0.0
A00009883,P009883,payment_link,1,2026-02-04 00:11:00,success,6115.7
A00009884,P009884,payment_link,1,2026-01-26 16:46:00,failed,0.0
A00009885,P009885,message,1,2026-05-14 10:03:00,success,2860.2
A00009886,P009886,stop,1,2026-03-10 16:10:00,failed,0.0
A00009887,P009887,escalate,1,2026-01-13 23:16:00,failed,0.0
A00009888,P009888,message,1,2026-04-15 06:35:00,failed,0.0
A00009889,P009889,message,1,2026-03-29 18:00:00,failed,0.0
A00009890,P009890,payment_link,1,2026-03-17 15:13:00,success,1337.76
A00009891,P009891,retry,1,2026-04-12 18:06:00,success,969.43
A00009892,P009892,stop,1,2026-01-16 11:01:00,success,2822.94
A00009893,P009893,message,1,2026-02-08 12:29:00,success,1451.3
A00009894,P009894,message,1,2026-03-03 10:49:00,success,1183.92
A00009895,P009895,retry,1,2026-01-21 03:53:00,failed,0.0
A00009896,P009896,message,1,2026-01-12 03:00:00,success,10213.28
A00009897,P009897,stop,1,2026-01-20 20:54:00,failed,0.0
A00009898,P009898,stop,1,2026-01-22 11:14:00,failed,0.0
A00009899,P009899,message,1,2026-04-26 18:30:00,success,16510.28
A00009900,P009900,message,1,2026-01-19 16:54:00,failed,0.0
A00009901,P009901,payment_link,1,2026-02-10 00:44:00,success,1586.62
A00009902,P009902,escalate,1,2026-04-24 10:05:00,failed,0.0
A00009903,P009903,retry,1,2026-04-23 17:22:00,failed,0.0
A00009904,P009904,stop,1,2026-02-24 02:12:00,failed,0.0
A00009905,P009905,stop,1,2026-06-03 14:04:00,failed,0.0
A00009906,P009906,message,1,2026-03-22 07:15:00,success,1893.6
A00009907,P009907,payment_link,1,2026-01-06 13:50:00,success,1454.15
A00009908,P009908,retry,1,2026-01-14 05:49:00,success,6036.52
A00009909,P009909,retry,1,2026-01-16 16:35:00,failed,0.0
A00009910,P009910,message,1,2026-03-31 02:37:00,failed,0.0
A00009911,P009911,payment_link,1,2026-03-11 12:42:00,failed,0.0
A00009912,P009912,escalate,1,2026-01-27 20:14:00,failed,0.0
A00009913,P009913,stop,1,2026-02-16 13:46:00,failed,0.0
A00009914,P009914,escalate,1,2026-05-16 00:59:00,failed,0.0
A00009915,P009915,retry,1,2026-01-22 16:03:00,success,1031.66
A00009916,P009916,escalate,1,2026-01-27 11:47:00,success,2585.98
A00009917,P009917,retry,1,2026-03-05 04:12:00,failed,0.0
A00009918,P009918,message,1,2026-02-22 21:39:00,failed,0.0
A00009919,P009919,message,1,2026-06-17 10:19:00,failed,0.0
A00009920,P009920,payment_link,1,2026-01-31 01:59:00,failed,0.0
A00009921,P009921,payment_link,1,2026-03-29 19:17:00,failed,0.0
A00009922,P009922,escalate,1,2026-02-03 02:31:00,success,3684.07
A00009923,P009923,escalate,1,2026-05-12 03:18:00,failed,0.0
A00009924,P009924,message,1,2026-02-26 17:03:00,failed,0.0
A00009925,P009925,message,1,2026-02-01 01:30:00,failed,0.0
A00009926,P009926,retry,1,2026-01-08 02:07:00,failed,0.0
A00009927,P009927,payment_link,1,2026-01-06 09:54:00,success,11046.3
A00009928,P009928,stop,1,2026-06-22 00:55:00,failed,0.0
A00009929,P009929,retry,1,2026-01-04 03:49:00,failed,0.0
A00009930,P009930,escalate,1,2026-06-23 11:09:00,success,1638.84
A00009931,P009931,retry,1,2026-03-09 07:25:00,success,4133.53
A00009932,P009932,escalate,1,2026-01-18 00:00:00,failed,0.0
A00009933,P009933,payment_link,1,2026-03-11 11:43:00,failed,0.0
A00009934,P009934,stop,1,2026-01-24 22:57:00,failed,0.0
A00009935,P009935,payment_link,1,2026-02-09 02:13:00,failed,0.0
A00009936,P009936,escalate,1,2026-03-27 17:59:00,failed,0.0
A00009937,P009937,stop,1,2026-02-27 11:55:00,failed,0.0
A00009938,P009938,escalate,1,2026-05-26 20:38:00,success,3357.72
A00009939,P009939,escalate,1,2026-06-19 23:37:00,failed,0.0
A00009940,P009940,escalate,1,2026-01-22 15:15:00,failed,0.0
A00009941,P009941,message,1,2026-05-04 02:44:00,failed,0.0
A00009942,P009942,message,1,2026-01-17 09:02:00,success,1176.0
A00009943,P009943,message,1,2026-01-11 17:20:00,failed,0.0
A00009944,P009944,message,1,2026-05-02 23:41:00,failed,0.0
A00009945,P009945,payment_link,1,2026-05-27 12:57:00,success,2747.74
A00009946,P009946,escalate,1,2026-01-14 19:17:00,failed,0.0
A00009947,P009947,stop,1,2026-02-25 20:43:00,failed,0.0
A00009948,P009948,escalate,1,2026-02-17 20:25:00,success,15747.61
A00009949,P009949,escalate,1,2026-06-06 19:38:00,success,6093.91
A00009950,P009950,stop,1,2026-01-15 01:27:00,success,2802.44
A00009951,P009951,payment_link,1,2026-05-07 11:49:00,failed,0.0
A00009952,P009952,escalate,1,2026-05-12 21:20:00,success,860.35
A00009953,P009953,stop,1,2026-02-08 03:39:00,failed,0.0
A00009954,P009954,escalate,1,2026-05-06 21:41:00,success,4041.18
A00009955,P009955,retry,1,2026-05-18 16:07:00,failed,0.0
A00009956,P009956,escalate,1,2026-02-23 18:14:00,failed,0.0
A00009957,P009957,retry,1,2026-01-20 15:09:00,failed,0.0
A00009958,P009958,payment_link,1,2026-05-05 08:44:00,failed,0.0
A00009959,P009959,message,1,2026-02-03 12:35:00,failed,0.0
A00009960,P009960,message,1,2026-05-24 14:25:00,success,2937.84
A00009961,P009961,stop,1,2026-03-05 12:34:00,failed,0.0
A00009962,P009962,message,1,2026-01-20 01:20:00,failed,0.0
A00009963,P009963,payment_link,1,2026-01-23 07:25:00,success,1884.23
A00009964,P009964,message,1,2026-04-02 12:57:00,success,2397.13
A00009965,P009965,stop,1,2026-06-27 04:28:00,failed,0.0
A00009966,P009966,message,1,2026-06-08 10:25:00,failed,0.0
A00009967,P009967,message,1,2026-02-22 09:54:00,failed,0.0
A00009968,P009968,message,1,2026-05-29 10:02:00,failed,0.0
A00009969,P009969,retry,1,2026-03-04 19:13:00,failed,0.0
A00009970,P009970,payment_link,1,2026-04-12 00:17:00,failed,0.0
A00009971,P009971,escalate,1,2026-01-01 15:23:00,success,2722.07
A00009972,P009972,stop,1,2026-05-05 11:12:00,failed,0.0
A00009973,P009973,retry,1,2026-01-17 20:41:00,failed,0.0
A00009974,P009974,stop,1,2026-04-28 09:40:00,failed,0.0
A00009975,P009975,message,1,2026-06-09 16:54:00,success,1888.44
A00009976,P009976,payment_link,1,2026-06-02 08:01:00,failed,0.0
A00009977,P009977,escalate,1,2026-02-20 07:08:00,success,1728.52
A00009978,P009978,retry,1,2026-04-18 06:24:00,failed,0.0
A00009979,P009979,stop,1,2026-04-30 02:06:00,failed,0.0
A00009980,P009980,message,1,2026-06-01 12:13:00,success,7206.8
A00009981,P009981,stop,1,2026-02-22 11:49:00,failed,0.0
A00009982,P009982,payment_link,1,2026-04-20 05:03:00,success,11239.12
A00009983,P009983,message,1,2026-04-11 06:10:00,failed,0.0
A00009984,P009984,message,1,2026-02-12 06:50:00,failed,0.0
A00009985,P009985,stop,1,2026-05-23 16:06:00,failed,0.0
A00009986,P009986,retry,1,2026-05-13 06:32:00,failed,0.0
A00009987,P009987,retry,1,2026-03-17 17:40:00,failed,0.0
A00009988,P009988,payment_link,1,2026-06-21 19:39:00,failed,0.0
A00009989,P009989,message,1,2026-06-09 03:22:00,success,1211.99
A00009990,P009990,payment_link,1,2026-06-11 10:04:00,success,823.86
A00009991,P009991,message,1,2026-01-26 19:24:00,success,18168.46
A00009992,P009992,retry,1,2026-02-16 05:46:00,success,662.87
A00009993,P009993,stop,1,2026-05-06 21:24:00,failed,0.0
A00009994,P009994,escalate,1,2026-04-16 18:30:00,failed,0.0
A00009995,P009995,retry,1,2026-03-11 01:04:00,failed,0.0
A00009996,P009996,stop,1,2026-05-26 18:24:00,failed,0.0
A00009997,P009997,retry,1,2026-05-09 05:05:00,failed,0.0
A00009998,P009998,message,1,2026-02-06 20:25:00,failed,0.0
A00009999,P009999,message,1,2026-02-18 07:45:00,success,1155.69
A00010000,P010000,message,1,2026-04-20 10:56:00,success,5745.89
A00010001,P010001,stop,1,2026-06-07 12:44:00,failed,0.0
A00010002,P010002,retry,1,2026-03-11 00:11:00,failed,0.0
A00010003,P010003,message,1,2026-05-27 15:33:00,failed,0.0
A00010004,P010004,stop,1,2026-05-20 16:28:00,failed,0.0
A00010005,P010005,message,1,2026-03-16 03:57:00,success,6918.57
A00010006,P010006,retry,1,2026-06-07 23:08:00,success,1872.52
A00010007,P010007,escalate,1,2026-04-25 22:55:00,failed,0.0
A00010008,P010008,payment_link,1,2026-01-13 22:35:00,failed,0.0
A00010009,P010009,stop,1,2026-02-16 13:59:00,failed,0.0
A00010010,P010010,retry,1,2026-06-12 10:22:00,success,3250.57
A00010011,P010011,stop,1,2026-01-18 13:00:00,failed,0.0
A00010012,P010012,retry,1,2026-02-02 14:54:00,failed,0.0
A00010013,P010013,payment_link,1,2026-04-14 22:51:00,failed,0.0
A00010014,P010014,stop,1,2026-06-16 13:39:00,failed,0.0
A00010015,P010015,payment_link,1,2026-02-11 04:56:00,failed,0.0
A00010016,P010016,message,1,2026-05-29 11:15:00,failed,0.0
A00010017,P010017,stop,1,2026-01-08 20:37:00,failed,0.0
A00010018,P010018,message,1,2026-01-26 15:06:00,failed,0.0
A00010019,P010019,message,1,2026-06-09 04:40:00,failed,0.0
A00010020,P010020,message,1,2026-06-25 04:40:00,success,1628.79
A00010021,P010021,payment_link,1,2026-05-04 10:06:00,failed,0.0
A00010022,P010022,escalate,1,2026-03-28 06:12:00,failed,0.0
A00010023,P010023,message,1,2026-05-16 17:53:00,success,20984.83
A00010024,P010024,stop,1,2026-04-14 21:17:00,failed,0.0
A00010025,P010025,stop,1,2026-01-18 02:34:00,failed,0.0
A00010026,P010026,escalate,1,2026-01-28 13:52:00,failed,0.0
A00010027,P010027,payment_link,1,2026-05-11 06:17:00,failed,0.0
A00010028,P010028,stop,1,2026-03-11 04:48:00,success,2667.33
A00010029,P010029,escalate,1,2026-02-26 02:45:00,success,8094.11
A00010030,P010030,stop,1,2026-05-17 07:10:00,failed,0.0
A00010031,P010031,message,1,2026-05-09 06:03:00,success,1054.07
A00010032,P010032,stop,1,2026-01-06 10:25:00,failed,0.0
A00010033,P010033,message,1,2026-04-13 06:24:00,failed,0.0
A00010034,P010034,escalate,1,2026-03-08 12:41:00,success,2198.88
A00010035,P010035,stop,1,2026-01-06 16:40:00,failed,0.0
A00010036,P010036,stop,1,2026-04-20 17:24:00,failed,0.0
A00010037,P010037,message,1,2026-01-03 05:27:00,success,502.37
A00010038,P010038,payment_link,1,2026-06-17 20:35:00,failed,0.0
A00010039,P010039,message,1,2026-03-02 09:58:00,success,7270.07
A00010040,P010040,escalate,1,2026-03-03 07:15:00,success,44735.44
A00010041,P010041,escalate,1,2026-04-19 07:40:00,failed,0.0
A00010042,P010042,escalate,1,2026-02-22 16:20:00,failed,0.0
A00010043,P010043,stop,1,2026-03-17 06:12:00,failed,0.0
A00010044,P010044,escalate,1,2026-05-06 16:45:00,failed,0.0
A00010045,P010045,retry,1,2026-04-07 05:37:00,success,2147.51
A00010046,P010046,escalate,1,2026-06-19 03:40:00,failed,0.0
A00010047,P010047,escalate,1,2026-05-08 03:35:00,success,14225.99
A00010048,P010048,payment_link,1,2026-05-07 01:50:00,failed,0.0
A00010049,P010049,message,1,2026-04-19 12:03:00,success,5296.19
A00010050,P010050,message,1,2026-03-15 02:03:00,failed,0.0
A00010051,P010051,escalate,1,2026-03-20 21:15:00,failed,0.0
A00010052,P010052,stop,1,2026-05-10 18:52:00,failed,0.0
A00010053,P010053,escalate,1,2026-04-08 06:16:00,success,12929.32
A00010054,P010054,payment_link,1,2026-05-04 00:42:00,success,2218.94
A00010055,P010055,stop,1,2026-03-20 05:09:00,failed,0.0
A00010056,P010056,stop,1,2026-01-06 14:10:00,failed,0.0
A00010057,P010057,stop,1,2026-02-09 08:52:00,failed,0.0
A00010058,P010058,retry,1,2026-01-08 19:01:00,success,8381.37
A00010059,P010059,message,1,2026-03-27 10:39:00,success,3039.51
A00010060,P010060,stop,1,2026-04-24 08:07:00,failed,0.0
A00010061,P010061,retry,1,2026-03-08 09:31:00,success,720.7
A00010062,P010062,escalate,1,2026-03-25 17:40:00,failed,0.0
A00010063,P010063,escalate,1,2026-06-27 06:35:00,success,6037.51
A00010064,P010064,payment_link,1,2026-02-13 15:30:00,success,6027.83
A00010065,P010065,stop,1,2026-06-19 01:09:00,failed,0.0
A00010066,P010066,retry,1,2026-03-10 09:20:00,success,3715.02
A00010067,P010067,stop,1,2026-01-28 04:47:00,success,3467.12
A00010068,P010068,escalate,1,2026-02-27 17:36:00,failed,0.0
A00010069,P010069,message,1,2026-03-17 01:15:00,failed,0.0
A00010070,P010070,stop,1,2026-04-15 13:06:00,failed,0.0
A00010071,P010071,escalate,1,2026-01-30 08:50:00,failed,0.0
A00010072,P010072,payment_link,1,2026-04-19 02:40:00,failed,0.0
A00010073,P010073,message,1,2026-03-04 12:15:00,failed,0.0
A00010074,P010074,message,1,2026-06-08 06:18:00,failed,0.0
A00010075,P010075,stop,1,2026-05-02 19:17:00,failed,0.0
A00010076,P010076,stop,1,2026-05-30 19:04:00,failed,0.0
A00010077,P010077,payment_link,1,2026-04-09 01:06:00,failed,0.0
A00010078,P010078,retry,1,2026-02-03 04:31:00,success,6533.72
A00010079,P010079,stop,1,2026-04-02 13:58:00,failed,0.0
A00010080,P010080,message,1,2026-02-20 10:58:00,success,5415.13
A00010081,P010081,escalate,1,2026-05-27 11:32:00,success,1757.85
A00010082,P010082,stop,1,2026-01-17 14:55:00,failed,0.0
A00010083,P010083,stop,1,2026-06-05 19:48:00,failed,0.0
A00010084,P010084,payment_link,1,2026-06-12 21:56:00,success,1720.61
A00010085,P010085,stop,1,2026-03-19 07:30:00,failed,0.0
A00010086,P010086,stop,1,2026-04-04 23:55:00,failed,0.0
A00010087,P010087,escalate,1,2026-01-26 19:12:00,success,401.62
A00010088,P010088,retry,1,2026-06-25 17:00:00,success,2495.46
A00010089,P010089,escalate,1,2026-05-12 16:12:00,failed,0.0
A00010090,P010090,retry,1,2026-04-03 22:09:00,success,1957.54
A00010091,P010091,message,1,2026-01-29 14:21:00,failed,0.0
A00010092,P010092,stop,1,2026-05-07 02:33:00,failed,0.0
A00010093,P010093,message,1,2026-05-27 05:47:00,failed,0.0
A00010094,P010094,stop,1,2026-04-22 02:05:00,failed,0.0
A00010095,P010095,payment_link,1,2026-01-02 09:12:00,failed,0.0
A00010096,P010096,escalate,1,2026-01-29 00:07:00,failed,0.0
A00010097,P010097,stop,1,2026-01-06 02:04:00,failed,0.0
A00010098,P010098,stop,1,2026-04-11 19:37:00,failed,0.0
A00010099,P010099,escalate,1,2026-05-04 01:50:00,success,5939.4
A00010100,P010100,message,1,2026-04-29 19:05:00,failed,0.0
A00010101,P010101,retry,1,2026-02-23 18:32:00,success,3417.71
A00010102,P010102,escalate,1,2026-02-25 20:35:00,success,7632.74
A00010103,P010103,retry,1,2026-01-11 03:07:00,failed,0.0
A00010104,P010104,escalate,1,2026-05-03 23:33:00,failed,0.0
A00010105,P010105,payment_link,1,2026-04-20 12:51:00,success,1108.43
A00010106,P010106,escalate,1,2026-06-13 01:27:00,failed,0.0
A00010107,P010107,stop,1,2026-05-18 08:33:00,failed,0.0
A00010108,P010108,stop,1,2026-02-17 08:49:00,failed,0.0
A00010109,P010109,escalate,1,2026-01-29 16:33:00,success,3309.09
A00010110,P010110,payment_link,1,2026-01-15 20:23:00,success,732.86
A00010111,P010111,escalate,1,2026-04-19 19:41:00,success,943.13
A00010112,P010112,retry,1,2026-05-03 14:27:00,success,1525.04
A00010113,P010113,escalate,1,2026-04-25 15:23:00,success,2018.8
A00010114,P010114,stop,1,2026-04-16 17:28:00,failed,0.0
A00010115,P010115,message,1,2026-02-22 18:34:00,failed,0.0
A00010116,P010116,escalate,1,2026-06-29 19:08:00,success,1061.1
A00010117,P010117,retry,1,2026-03-29 09:52:00,success,1280.59
A00010118,P010118,retry,1,2026-04-02 05:14:00,success,2386.59
A00010119,P010119,escalate,1,2026-06-22 15:47:00,failed,0.0
A00010120,P010120,escalate,1,2026-05-07 01:53:00,failed,0.0
A00010121,P010121,retry,1,2026-06-25 15:17:00,success,1778.4
A00010122,P010122,escalate,1,2026-01-31 23:51:00,failed,0.0
A00010123,P010123,escalate,1,2026-06-10 18:33:00,success,700.75
A00010124,P010124,retry,1,2026-01-23 19:21:00,failed,0.0
A00010125,P010125,stop,1,2026-05-05 06:04:00,failed,0.0
A00010126,P010126,payment_link,1,2026-05-17 17:13:00,success,5813.03
A00010127,P010127,payment_link,1,2026-01-11 01:46:00,success,681.44
A00010128,P010128,message,1,2026-02-25 20:36:00,success,6016.07
A00010129,P010129,retry,1,2026-05-29 16:14:00,success,4874.8
A00010130,P010130,message,1,2026-04-04 01:33:00,success,3197.03
A00010131,P010131,payment_link,1,2026-01-30 01:16:00,failed,0.0
A00010132,P010132,stop,1,2026-04-15 06:02:00,failed,0.0
A00010133,P010133,escalate,1,2026-04-04 03:14:00,failed,0.0
A00010134,P010134,escalate,1,2026-01-18 20:28:00,success,2533.58
A00010135,P010135,message,1,2026-03-08 15:11:00,failed,0.0
A00010136,P010136,payment_link,1,2026-03-18 15:57:00,success,8276.09
A00010137,P010137,stop,1,2026-02-18 02:03:00,failed,0.0
A00010138,P010138,stop,1,2026-02-11 04:23:00,failed,0.0
A00010139,P010139,payment_link,1,2026-04-19 06:41:00,failed,0.0
A00010140,P010140,stop,1,2026-03-11 15:43:00,failed,0.0
A00010141,P010141,escalate,1,2026-02-13 18:18:00,failed,0.0
A00010142,P010142,retry,1,2026-05-05 22:21:00,success,2707.17
A00010143,P010143,payment_link,1,2026-01-19 10:27:00,failed,0.0
A00010144,P010144,retry,1,2026-05-08 22:45:00,success,1298.96
A00010145,P010145,payment_link,1,2026-03-10 02:30:00,failed,0.0
A00010146,P010146,stop,1,2026-04-23 16:18:00,failed,0.0
A00010147,P010147,payment_link,1,2026-06-09 20:47:00,success,4744.05
A00010148,P010148,payment_link,1,2026-02-08 06:15:00,success,3815.62
A00010149,P010149,message,1,2026-03-06 02:55:00,failed,0.0
A00010150,P010150,escalate,1,2026-01-22 05:55:00,failed,0.0
A00010151,P010151,retry,1,2026-05-09 23:27:00,failed,0.0
A00010152,P010152,escalate,1,2026-06-12 07:03:00,failed,0.0
A00010153,P010153,retry,1,2026-04-11 09:49:00,failed,0.0
A00010154,P010154,message,1,2026-02-01 11:41:00,failed,0.0
A00010155,P010155,retry,1,2026-01-08 06:06:00,failed,0.0
A00010156,P010156,stop,1,2026-03-23 11:32:00,failed,0.0
A00010157,P010157,stop,1,2026-01-09 12:33:00,failed,0.0
A00010158,P010158,escalate,1,2026-03-29 22:08:00,success,1577.8
A00010159,P010159,payment_link,1,2026-06-04 04:32:00,success,3581.0
A00010160,P010160,message,1,2026-06-21 04:08:00,success,2912.03
A00010161,P010161,payment_link,1,2026-03-24 08:06:00,success,859.79
A00010162,P010162,escalate,1,2026-01-15 21:20:00,failed,0.0
A00010163,P010163,retry,1,2026-06-12 00:26:00,success,7057.94
A00010164,P010164,retry,1,2026-05-31 10:46:00,failed,0.0
A00010165,P010165,stop,1,2026-02-12 12:50:00,failed,0.0
A00010166,P010166,message,1,2026-02-10 09:31:00,success,14813.97
A00010167,P010167,payment_link,1,2026-02-23 09:00:00,failed,0.0
A00010168,P010168,stop,1,2026-05-05 20:03:00,failed,0.0
A00010169,P010169,escalate,1,2026-05-15 01:11:00,failed,0.0
A00010170,P010170,stop,1,2026-02-02 07:02:00,success,2467.83
A00010171,P010171,payment_link,1,2026-04-27 06:37:00,failed,0.0
A00010172,P010172,stop,1,2026-02-10 05:12:00,failed,0.0
A00010173,P010173,stop,1,2026-05-08 14:57:00,failed,0.0
A00010174,P010174,message,1,2026-02-26 19:49:00,success,5201.12
A00010175,P010175,payment_link,1,2026-06-09 08:58:00,failed,0.0
A00010176,P010176,message,1,2026-01-14 18:36:00,failed,0.0
A00010177,P010177,escalate,1,2026-04-17 19:04:00,failed,0.0
A00010178,P010178,escalate,1,2026-02-23 21:24:00,failed,0.0
A00010179,P010179,stop,1,2026-04-29 22:20:00,failed,0.0
A00010180,P010180,retry,1,2026-02-08 21:36:00,failed,0.0
A00010181,P010181,retry,1,2026-03-07 06:22:00,failed,0.0
A00010182,P010182,message,1,2026-01-09 04:26:00,failed,0.0
A00010183,P010183,escalate,1,2026-01-08 05:01:00,failed,0.0
A00010184,P010184,message,1,2026-04-30 07:35:00,success,1578.63
A00010185,P010185,stop,1,2026-05-18 22:02:00,failed,0.0
A00010186,P010186,escalate,1,2026-01-22 19:22:00,success,3430.45
A00010187,P010187,payment_link,1,2026-02-27 03:50:00,success,41932.87
A00010188,P010188,stop,1,2026-04-22 06:47:00,success,6782.17
A00010189,P010189,message,1,2026-06-06 07:17:00,success,6128.64
A00010190,P010190,retry,1,2026-02-13 21:51:00,failed,0.0
A00010191,P010191,retry,1,2026-03-11 11:26:00,failed,0.0
A00010192,P010192,payment_link,1,2026-03-17 05:33:00,success,664.27
A00010193,P010193,escalate,1,2026-06-11 12:22:00,failed,0.0
A00010194,P010194,retry,1,2026-05-17 14:21:00,success,2848.26
A00010195,P010195,escalate,1,2026-06-26 01:31:00,success,835.31
A00010196,P010196,retry,1,2026-06-24 14:50:00,success,1621.52
A00010197,P010197,retry,1,2026-06-06 12:30:00,failed,0.0
A00010198,P010198,escalate,1,2026-01-11 07:42:00,success,4118.15
A00010199,P010199,payment_link,1,2026-02-22 03:09:00,success,5062.63
A00010200,P010200,message,1,2026-06-05 17:52:00,failed,0.0
A00010201,P010201,stop,1,2026-05-21 22:12:00,failed,0.0
A00010202,P010202,message,1,2026-03-03 18:31:00,failed,0.0
A00010203,P010203,retry,1,2026-02-25 03:45:00,success,1292.93
A00010204,P010204,payment_link,1,2026-01-21 18:59:00,failed,0.0
A00010205,P010205,escalate,1,2026-01-12 16:14:00,failed,0.0
A00010206,P010206,message,1,2026-01-22 22:57:00,failed,0.0
A00010207,P010207,escalate,1,2026-05-19 17:59:00,failed,0.0
A00010208,P010208,stop,1,2026-02-09 20:19:00,failed,0.0
A00010209,P010209,retry,1,2026-05-02 20:38:00,failed,0.0
A00010210,P010210,stop,1,2026-06-23 08:40:00,failed,0.0
A00010211,P010211,escalate,1,2026-02-15 15:44:00,failed,0.0
A00010212,P010212,retry,1,2026-03-09 01:06:00,failed,0.0
A00010213,P010213,message,1,2026-04-24 07:47:00,success,2541.39
A00010214,P010214,escalate,1,2026-05-22 13:01:00,failed,0.0
A00010215,P010215,escalate,1,2026-02-27 20:06:00,success,5749.57
A00010216,P010216,escalate,1,2026-03-28 15:45:00,failed,0.0
A00010217,P010217,message,1,2026-05-27 16:27:00,success,1717.19
A00010218,P010218,message,1,2026-01-25 14:04:00,success,4097.1
A00010219,P010219,payment_link,1,2026-03-21 14:07:00,success,1447.42
A00010220,P010220,retry,1,2026-03-31 01:27:00,success,4128.07
A00010221,P010221,stop,1,2026-04-29 03:50:00,failed,0.0
A00010222,P010222,payment_link,1,2026-04-17 10:10:00,failed,0.0
A00010223,P010223,stop,1,2026-06-18 00:10:00,failed,0.0
A00010224,P010224,stop,1,2026-01-18 05:50:00,failed,0.0
A00010225,P010225,payment_link,1,2026-01-10 19:04:00,failed,0.0
A00010226,P010226,payment_link,1,2026-01-19 02:56:00,success,4871.47
A00010227,P010227,escalate,1,2026-05-08 15:40:00,failed,0.0
A00010228,P010228,payment_link,1,2026-01-13 07:25:00,failed,0.0
A00010229,P010229,payment_link,1,2026-04-21 01:47:00,failed,0.0
A00010230,P010230,retry,1,2026-05-21 05:38:00,failed,0.0
A00010231,P010231,stop,1,2026-06-09 01:56:00,failed,0.0
A00010232,P010232,escalate,1,2026-06-12 12:13:00,success,20167.04
A00010233,P010233,stop,1,2026-01-31 05:58:00,failed,0.0
A00010234,P010234,message,1,2026-03-31 12:25:00,success,3651.78
A00010235,P010235,message,1,2026-05-24 04:06:00,failed,0.0
A00010236,P010236,payment_link,1,2026-04-21 03:55:00,success,7411.75
A00010237,P010237,payment_link,1,2026-04-12 08:20:00,failed,0.0
A00010238,P010238,retry,1,2026-04-10 18:12:00,failed,0.0
A00010239,P010239,payment_link,1,2026-05-15 15:28:00,success,2890.43
A00010240,P010240,escalate,1,2026-06-16 18:36:00,success,20974.73
A00010241,P010241,payment_link,1,2026-03-21 04:24:00,success,6246.41
A00010242,P010242,stop,1,2026-02-24 05:24:00,failed,0.0
A00010243,P010243,message,1,2026-05-23 18:58:00,success,2853.68
A00010244,P010244,payment_link,1,2026-02-10 16:23:00,failed,0.0
A00010245,P010245,escalate,1,2026-03-01 00:12:00,success,2945.69
A00010246,P010246,message,1,2026-01-28 18:49:00,failed,0.0
A00010247,P010247,escalate,1,2026-03-09 15:39:00,failed,0.0
A00010248,P010248,retry,1,2026-02-09 04:12:00,success,3188.29
A00010249,P010249,escalate,1,2026-01-13 19:47:00,success,2101.68
A00010250,P010250,stop,1,2026-03-25 01:51:00,failed,0.0
A00010251,P010251,retry,1,2026-01-26 18:40:00,failed,0.0
A00010252,P010252,stop,1,2026-03-14 08:58:00,failed,0.0
A00010253,P010253,payment_link,1,2026-01-04 20:46:00,failed,0.0
A00010254,P010254,escalate,1,2026-03-07 03:06:00,success,8540.93
A00010255,P010255,stop,1,2026-03-16 12:24:00,failed,0.0
A00010256,P010256,retry,1,2026-03-23 16:05:00,failed,0.0
A00010257,P010257,retry,1,2026-06-26 18:48:00,success,5303.51
A00010258,P010258,stop,1,2026-01-20 02:25:00,failed,0.0
A00010259,P010259,message,1,2026-02-04 13:36:00,success,4057.03
A00010260,P010260,retry,1,2026-02-09 09:30:00,success,1020.2
A00010261,P010261,escalate,1,2026-03-16 17:58:00,failed,0.0
A00010262,P010262,escalate,1,2026-06-08 04:00:00,failed,0.0
A00010263,P010263,message,1,2026-03-28 03:27:00,success,5213.18
A00010264,P010264,retry,1,2026-05-02 02:10:00,success,3715.05
A00010265,P010265,message,1,2026-04-13 12:27:00,failed,0.0
A00010266,P010266,retry,1,2026-02-24 15:46:00,failed,0.0
A00010267,P010267,message,1,2026-05-13 21:13:00,success,2492.39
A00010268,P010268,escalate,1,2026-06-23 04:28:00,failed,0.0
A00010269,P010269,escalate,1,2026-01-25 11:08:00,failed,0.0
A00010270,P010270,retry,1,2026-05-07 20:44:00,failed,0.0
A00010271,P010271,retry,1,2026-01-07 08:59:00,failed,0.0
A00010272,P010272,retry,1,2026-03-10 02:42:00,failed,0.0
A00010273,P010273,stop,1,2026-06-27 10:06:00,failed,0.0
A00010274,P010274,escalate,1,2026-03-27 02:39:00,failed,0.0
A00010275,P010275,retry,1,2026-06-22 13:19:00,success,5111.27
A00010276,P010276,escalate,1,2026-04-04 01:25:00,success,718.99
A00010277,P010277,retry,1,2026-02-15 14:24:00,failed,0.0
A00010278,P010278,stop,1,2026-05-20 13:54:00,failed,0.0
A00010279,P010279,retry,1,2026-04-05 13:25:00,failed,0.0
A00010280,P010280,retry,1,2026-06-20 23:22:00,failed,0.0
A00010281,P010281,message,1,2026-01-26 07:20:00,success,3198.08
A00010282,P010282,escalate,1,2026-05-19 13:11:00,success,3368.51
A00010283,P010283,retry,1,2026-05-10 10:18:00,failed,0.0
A00010284,P010284,message,1,2026-04-09 18:17:00,failed,0.0
A00010285,P010285,payment_link,1,2026-02-24 23:05:00,success,6862.6
A00010286,P010286,escalate,1,2026-02-27 05:39:00,success,1490.77
A00010287,P010287,stop,1,2026-06-03 08:32:00,failed,0.0
A00010288,P010288,escalate,1,2026-02-17 07:08:00,success,979.52
A00010289,P010289,message,1,2026-02-12 05:51:00,failed,0.0
A00010290,P010290,stop,1,2026-06-17 01:04:00,failed,0.0
A00010291,P010291,stop,1,2026-05-10 01:31:00,failed,0.0
A00010292,P010292,escalate,1,2026-03-28 17:11:00,failed,0.0
A00010293,P010293,retry,1,2026-03-18 05:11:00,failed,0.0
A00010294,P010294,escalate,1,2026-06-17 19:59:00,success,8207.77
A00010295,P010295,payment_link,1,2026-02-21 18:50:00,success,7827.21
A00010296,P010296,payment_link,1,2026-05-01 10:52:00,failed,0.0
A00010297,P010297,retry,1,2026-03-04 00:10:00,failed,0.0
A00010298,P010298,retry,1,2026-06-06 19:41:00,failed,0.0
A00010299,P010299,escalate,1,2026-03-31 15:50:00,success,2352.47
A00010300,P010300,stop,1,2026-03-14 13:06:00,failed,0.0
A00010301,P010301,retry,1,2026-01-14 19:44:00,failed,0.0
A00010302,P010302,retry,1,2026-05-08 08:06:00,failed,0.0
A00010303,P010303,message,1,2026-03-22 21:48:00,success,4249.9
A00010304,P010304,payment_link,1,2026-03-18 17:10:00,success,3355.74
A00010305,P010305,stop,1,2026-01-04 15:21:00,failed,0.0
A00010306,P010306,escalate,1,2026-04-27 22:50:00,failed,0.0
A00010307,P010307,retry,1,2026-04-21 11:36:00,success,4793.92
A00010308,P010308,retry,1,2026-01-06 01:26:00,success,6550.43
A00010309,P010309,escalate,1,2026-05-21 19:57:00,success,5759.64
A00010310,P010310,stop,1,2026-04-22 08:02:00,success,51526.73
A00010311,P010311,payment_link,1,2026-02-19 00:34:00,failed,0.0
A00010312,P010312,payment_link,1,2026-06-25 21:45:00,failed,0.0
A00010313,P010313,stop,1,2026-06-14 08:13:00,failed,0.0
A00010314,P010314,escalate,1,2026-05-12 13:00:00,success,3302.27
A00010315,P010315,message,1,2026-03-25 20:14:00,failed,0.0
A00010316,P010316,message,1,2026-03-29 10:21:00,failed,0.0
A00010317,P010317,stop,1,2026-05-09 22:17:00,failed,0.0
A00010318,P010318,payment_link,1,2026-01-13 18:29:00,failed,0.0
A00010319,P010319,escalate,1,2026-01-27 21:43:00,success,22299.77
A00010320,P010320,message,1,2026-03-14 14:19:00,success,3989.65
A00010321,P010321,stop,1,2026-01-18 21:43:00,failed,0.0
A00010322,P010322,message,1,2026-05-06 12:32:00,failed,0.0
A00010323,P010323,retry,1,2026-05-20 02:29:00,failed,0.0
A00010324,P010324,message,1,2026-03-09 01:57:00,success,7293.74
A00010325,P010325,payment_link,1,2026-03-11 14:31:00,success,2113.76
A00010326,P010326,message,1,2026-02-14 22:38:00,success,4715.22
A00010327,P010327,message,1,2026-04-15 14:57:00,success,1906.25
A00010328,P010328,message,1,2026-01-21 12:20:00,failed,0.0
A00010329,P010329,message,1,2026-06-29 00:14:00,success,6215.09
A00010330,P010330,escalate,1,2026-02-12 00:47:00,success,7041.35
A00010331,P010331,message,1,2026-03-02 10:19:00,failed,0.0
A00010332,P010332,payment_link,1,2026-01-12 14:32:00,failed,0.0
A00010333,P010333,payment_link,1,2026-06-22 15:04:00,success,1781.26
A00010334,P010334,message,1,2026-03-10 12:14:00,success,3529.61
A00010335,P010335,stop,1,2026-01-18 23:03:00,failed,0.0
A00010336,P010336,payment_link,1,2026-03-11 02:34:00,success,8028.32
A00010337,P010337,stop,1,2026-01-27 23:00:00,failed,0.0
A00010338,P010338,message,1,2026-06-17 01:47:00,failed,0.0
A00010339,P010339,retry,1,2026-06-24 15:12:00,failed,0.0
A00010340,P010340,payment_link,1,2026-05-19 14:32:00,failed,0.0
A00010341,P010341,message,1,2026-01-25 18:19:00,success,677.09
A00010342,P010342,retry,1,2026-05-02 09:16:00,failed,0.0
A00010343,P010343,message,1,2026-02-27 18:34:00,success,4913.11
A00010344,P010344,escalate,1,2026-06-06 11:54:00,failed,0.0
A00010345,P010345,payment_link,1,2026-03-18 18:11:00,failed,0.0
A00010346,P010346,retry,1,2026-02-23 10:16:00,failed,0.0
A00010347,P010347,payment_link,1,2026-02-12 17:12:00,success,1306.3
A00010348,P010348,payment_link,1,2026-05-31 01:30:00,success,2679.79
A00010349,P010349,stop,1,2026-02-09 13:44:00,failed,0.0
A00010350,P010350,escalate,1,2026-04-16 06:18:00,success,638.99
A00010351,P010351,message,1,2026-03-28 14:13:00,failed,0.0
A00010352,P010352,escalate,1,2026-05-31 20:48:00,failed,0.0
A00010353,P010353,escalate,1,2026-04-14 08:12:00,failed,0.0
A00010354,P010354,payment_link,1,2026-06-22 08:44:00,failed,0.0
A00010355,P010355,payment_link,1,2026-01-03 06:12:00,failed,0.0
A00010356,P010356,stop,1,2026-02-25 01:09:00,failed,0.0
A00010357,P010357,message,1,2026-02-07 18:30:00,success,4162.59
A00010358,P010358,message,1,2026-01-08 05:48:00,failed,0.0
A00010359,P010359,payment_link,1,2026-01-21 23:31:00,failed,0.0
A00010360,P010360,message,1,2026-02-20 21:35:00,failed,0.0
A00010361,P010361,retry,1,2026-01-17 13:10:00,failed,0.0
A00010362,P010362,escalate,1,2026-01-22 16:25:00,success,4911.41
A00010363,P010363,payment_link,1,2026-03-19 10:16:00,failed,0.0
A00010364,P010364,retry,1,2026-06-01 07:59:00,failed,0.0
A00010365,P010365,payment_link,1,2026-01-31 06:32:00,success,3309.8
A00010366,P010366,retry,1,2026-03-07 21:57:00,success,2844.08
A00010367,P010367,payment_link,1,2026-06-24 03:07:00,failed,0.0
A00010368,P010368,stop,1,2026-04-20 09:22:00,failed,0.0
A00010369,P010369,message,1,2026-02-28 04:16:00,success,9640.19
A00010370,P010370,payment_link,1,2026-03-19 04:53:00,success,6528.96
A00010371,P010371,stop,1,2026-04-27 11:39:00,failed,0.0
A00010372,P010372,message,1,2026-06-27 13:26:00,failed,0.0
A00010373,P010373,retry,1,2026-05-26 20:45:00,success,3069.76
A00010374,P010374,retry,1,2026-02-07 22:17:00,failed,0.0
A00010375,P010375,escalate,1,2026-06-03 10:19:00,failed,0.0
A00010376,P010376,retry,1,2026-01-29 02:09:00,success,785.93
A00010377,P010377,message,1,2026-03-03 19:53:00,success,6818.53
A00010378,P010378,stop,1,2026-02-15 11:42:00,failed,0.0
A00010379,P010379,stop,1,2026-01-29 06:53:00,failed,0.0
A00010380,P010380,message,1,2026-04-28 12:02:00,failed,0.0
A00010381,P010381,retry,1,2026-04-18 13:47:00,success,2262.06
A00010382,P010382,retry,1,2026-02-01 08:09:00,success,1693.03
A00010383,P010383,stop,1,2026-05-15 05:53:00,failed,0.0
A00010384,P010384,escalate,1,2026-06-15 10:23:00,success,8899.23
A00010385,P010385,retry,1,2026-03-24 05:06:00,failed,0.0
A00010386,P010386,payment_link,1,2026-04-29 11:41:00,failed,0.0
A00010387,P010387,escalate,1,2026-06-11 17:39:00,failed,0.0
A00010388,P010388,payment_link,1,2026-06-05 16:38:00,success,1164.03
A00010389,P010389,escalate,1,2026-01-09 19:36:00,success,4026.34
A00010390,P010390,retry,1,2026-05-24 15:41:00,success,2303.57
A00010391,P010391,message,1,2026-04-24 07:43:00,success,11519.27
A00010392,P010392,payment_link,1,2026-06-19 00:19:00,failed,0.0
A00010393,P010393,escalate,1,2026-06-04 08:58:00,failed,0.0
A00010394,P010394,payment_link,1,2026-06-21 10:02:00,success,6170.12
A00010395,P010395,message,1,2026-06-12 10:33:00,success,3121.98
A00010396,P010396,escalate,1,2026-06-03 07:08:00,failed,0.0
A00010397,P010397,stop,1,2026-01-09 04:40:00,failed,0.0
A00010398,P010398,escalate,1,2026-03-10 06:04:00,success,8237.13
A00010399,P010399,message,1,2026-02-26 04:37:00,success,5572.89
A00010400,P010400,payment_link,1,2026-03-10 05:36:00,failed,0.0
A00010401,P010401,message,1,2026-03-18 14:16:00,success,16397.23
A00010402,P010402,escalate,1,2026-01-15 14:49:00,success,3486.25
A00010403,P010403,message,1,2026-04-27 07:12:00,failed,0.0
A00010404,P010404,stop,1,2026-04-07 19:57:00,failed,0.0
A00010405,P010405,retry,1,2026-05-18 16:53:00,failed,0.0
A00010406,P010406,retry,1,2026-02-26 22:30:00,success,6018.7
A00010407,P010407,escalate,1,2026-02-27 11:08:00,failed,0.0
A00010408,P010408,payment_link,1,2026-04-28 17:13:00,failed,0.0
A00010409,P010409,message,1,2026-04-01 15:03:00,success,1723.25
A00010410,P010410,escalate,1,2026-05-28 15:49:00,failed,0.0
A00010411,P010411,escalate,1,2026-03-12 12:00:00,failed,0.0
A00010412,P010412,payment_link,1,2026-05-03 20:51:00,failed,0.0
A00010413,P010413,message,1,2026-03-02 20:33:00,failed,0.0
A00010414,P010414,payment_link,1,2026-01-23 08:54:00,failed,0.0
A00010415,P010415,retry,1,2026-01-25 06:28:00,failed,0.0
A00010416,P010416,retry,1,2026-02-09 00:35:00,success,1120.69
A00010417,P010417,stop,1,2026-05-13 09:45:00,failed,0.0
A00010418,P010418,payment_link,1,2026-04-20 22:55:00,failed,0.0
A00010419,P010419,retry,1,2026-02-04 08:44:00,success,2306.3
A00010420,P010420,message,1,2026-04-08 10:32:00,success,1932.48
A00010421,P010421,retry,1,2026-03-13 20:45:00,success,2352.84
A00010422,P010422,escalate,1,2026-04-14 10:03:00,success,1132.12
A00010423,P010423,payment_link,1,2026-02-02 19:57:00,success,1460.52
A00010424,P010424,stop,1,2026-05-27 10:16:00,failed,0.0
A00010425,P010425,retry,1,2026-01-03 14:40:00,success,4205.49
A00010426,P010426,message,1,2026-01-06 13:25:00,success,17250.86
A00010427,P010427,retry,1,2026-04-18 07:56:00,success,9009.92
A00010428,P010428,payment_link,1,2026-03-05 08:53:00,failed,0.0
A00010429,P010429,stop,1,2026-03-08 18:28:00,failed,0.0
A00010430,P010430,stop,1,2026-01-01 05:19:00,failed,0.0
A00010431,P010431,stop,1,2026-06-15 04:45:00,failed,0.0
A00010432,P010432,message,1,2026-02-06 07:19:00,failed,0.0
A00010433,P010433,stop,1,2026-06-15 00:57:00,failed,0.0
A00010434,P010434,message,1,2026-01-02 12:37:00,success,1206.29
A00010435,P010435,retry,1,2026-06-18 22:05:00,failed,0.0
A00010436,P010436,escalate,1,2026-05-12 15:07:00,success,3528.99
A00010437,P010437,stop,1,2026-02-08 14:12:00,failed,0.0
A00010438,P010438,stop,1,2026-05-22 11:05:00,failed,0.0
A00010439,P010439,stop,1,2026-05-26 19:11:00,failed,0.0
A00010440,P010440,escalate,1,2026-05-06 12:23:00,success,9837.66
A00010441,P010441,escalate,1,2026-03-17 01:01:00,success,7234.0
A00010442,P010442,payment_link,1,2026-03-12 11:11:00,success,2608.31
A00010443,P010443,payment_link,1,2026-06-20 19:05:00,success,2690.85
A00010444,P010444,escalate,1,2026-05-10 12:27:00,failed,0.0
A00010445,P010445,message,1,2026-05-02 10:34:00,failed,0.0
A00010446,P010446,escalate,1,2026-01-11 08:48:00,success,4902.92
A00010447,P010447,retry,1,2026-06-22 04:56:00,failed,0.0
A00010448,P010448,escalate,1,2026-05-09 21:28:00,failed,0.0
A00010449,P010449,message,1,2026-03-12 04:36:00,failed,0.0
A00010450,P010450,payment_link,1,2026-01-18 04:41:00,failed,0.0
A00010451,P010451,payment_link,1,2026-04-11 07:40:00,failed,0.0
A00010452,P010452,escalate,1,2026-04-22 21:07:00,failed,0.0
A00010453,P010453,payment_link,1,2026-05-15 14:46:00,failed,0.0
A00010454,P010454,stop,1,2026-06-29 21:31:00,failed,0.0
A00010455,P010455,message,1,2026-03-04 08:11:00,success,6491.49
A00010456,P010456,retry,1,2026-06-09 04:05:00,failed,0.0
A00010457,P010457,escalate,1,2026-03-10 02:24:00,success,1361.58
A00010458,P010458,payment_link,1,2026-03-27 05:30:00,failed,0.0
A00010459,P010459,message,1,2026-01-15 06:29:00,success,1513.29
A00010460,P010460,escalate,1,2026-01-18 06:01:00,failed,0.0
A00010461,P010461,message,1,2026-03-28 01:37:00,failed,0.0
A00010462,P010462,payment_link,1,2026-06-27 16:26:00,success,2707.12
A00010463,P010463,payment_link,1,2026-01-27 01:43:00,failed,0.0
A00010464,P010464,escalate,1,2026-06-25 04:29:00,success,5888.32
A00010465,P010465,stop,1,2026-05-20 18:20:00,failed,0.0
A00010466,P010466,retry,1,2026-01-07 18:03:00,success,3353.65
A00010467,P010467,message,1,2026-06-13 08:57:00,failed,0.0
A00010468,P010468,retry,1,2026-05-26 09:13:00,success,2960.32
A00010469,P010469,retry,1,2026-03-13 02:40:00,failed,0.0
A00010470,P010470,escalate,1,2026-01-04 03:55:00,success,1065.38
A00010471,P010471,escalate,1,2026-01-20 18:46:00,failed,0.0
A00010472,P010472,stop,1,2026-01-06 14:17:00,failed,0.0
A00010473,P010473,retry,1,2026-01-22 19:03:00,failed,0.0
A00010474,P010474,payment_link,1,2026-04-21 18:58:00,failed,0.0
A00010475,P010475,stop,1,2026-06-22 05:30:00,failed,0.0
A00010476,P010476,message,1,2026-06-19 17:08:00,failed,0.0
A00010477,P010477,retry,1,2026-04-16 20:37:00,failed,0.0
A00010478,P010478,payment_link,1,2026-03-19 02:49:00,failed,0.0
A00010479,P010479,payment_link,1,2026-03-23 00:55:00,failed,0.0
A00010480,P010480,escalate,1,2026-02-17 23:33:00,failed,0.0
A00010481,P010481,escalate,1,2026-05-09 16:32:00,failed,0.0
A00010482,P010482,payment_link,1,2026-01-04 03:34:00,failed,0.0
A00010483,P010483,message,1,2026-01-02 16:53:00,failed,0.0
A00010484,P010484,retry,1,2026-02-19 09:19:00,success,7174.43
A00010485,P010485,stop,1,2026-03-25 23:53:00,failed,0.0
A00010486,P010486,payment_link,1,2026-06-18 05:54:00,failed,0.0
A00010487,P010487,message,1,2026-03-08 15:05:00,failed,0.0
A00010488,P010488,escalate,1,2026-04-17 16:36:00,success,5027.48
A00010489,P010489,escalate,1,2026-03-29 15:54:00,success,19002.09
A00010490,P010490,stop,1,2026-06-29 02:20:00,failed,0.0
A00010491,P010491,payment_link,1,2026-01-12 12:15:00,success,5008.49
A00010492,P010492,escalate,1,2026-06-26 08:29:00,success,713.24
A00010493,P010493,retry,1,2026-04-11 11:04:00,success,3295.92
A00010494,P010494,escalate,1,2026-03-06 16:48:00,failed,0.0
A00010495,P010495,message,1,2026-06-22 10:32:00,failed,0.0
A00010496,P010496,escalate,1,2026-02-23 09:25:00,failed,0.0
A00010497,P010497,stop,1,2026-06-23 13:16:00,failed,0.0
A00010498,P010498,stop,1,2026-03-11 15:03:00,failed,0.0
A00010499,P010499,message,1,2026-06-22 07:15:00,failed,0.0
A00010500,P010500,retry,1,2026-06-10 11:43:00,success,6956.94
A00010501,P010501,message,1,2026-04-17 10:36:00,success,3564.65
A00010502,P010502,payment_link,1,2026-06-08 15:39:00,success,2611.52
A00010503,P010503,payment_link,1,2026-01-28 17:46:00,failed,0.0
A00010504,P010504,payment_link,1,2026-05-17 01:25:00,success,1772.17
A00010505,P010505,payment_link,1,2026-06-08 10:43:00,success,811.72
A00010506,P010506,retry,1,2026-03-07 07:40:00,success,4619.02
A00010507,P010507,message,1,2026-04-09 07:21:00,failed,0.0
A00010508,P010508,message,1,2026-03-21 02:51:00,success,2469.46
A00010509,P010509,retry,1,2026-06-17 15:17:00,failed,0.0
A00010510,P010510,escalate,1,2026-06-13 10:06:00,failed,0.0
A00010511,P010511,escalate,1,2026-01-15 03:10:00,success,3311.39
A00010512,P010512,payment_link,1,2026-05-18 03:48:00,success,2539.47
A00010513,P010513,payment_link,1,2026-02-09 11:46:00,success,3030.1
A00010514,P010514,message,1,2026-01-13 19:34:00,success,1500.62
A00010515,P010515,stop,1,2026-06-17 11:19:00,failed,0.0
A00010516,P010516,escalate,1,2026-02-14 06:54:00,success,2843.6
A00010517,P010517,message,1,2026-05-22 11:57:00,success,28674.72
A00010518,P010518,payment_link,1,2026-01-20 16:43:00,failed,0.0
A00010519,P010519,retry,1,2026-04-19 18:26:00,failed,0.0
A00010520,P010520,payment_link,1,2026-02-12 23:09:00,success,2630.66
A00010521,P010521,retry,1,2026-02-18 12:18:00,failed,0.0
A00010522,P010522,retry,1,2026-03-11 07:41:00,success,5596.38
A00010523,P010523,retry,1,2026-04-13 23:42:00,success,4099.16
A00010524,P010524,retry,1,2026-02-15 02:00:00,failed,0.0
A00010525,P010525,payment_link,1,2026-03-15 09:24:00,success,6081.91
A00010526,P010526,retry,1,2026-05-05 22:59:00,success,9019.7
A00010527,P010527,retry,1,2026-01-31 04:08:00,success,1020.26
A00010528,P010528,stop,1,2026-04-10 22:19:00,failed,0.0
A00010529,P010529,retry,1,2026-03-14 07:14:00,success,3132.73
A00010530,P010530,payment_link,1,2026-04-04 21:29:00,failed,0.0
A00010531,P010531,escalate,1,2026-04-27 15:56:00,success,735.88
A00010532,P010532,payment_link,1,2026-05-20 21:30:00,failed,0.0
A00010533,P010533,payment_link,1,2026-01-25 22:21:00,success,4354.73
A00010534,P010534,retry,1,2026-01-29 21:40:00,failed,0.0
A00010535,P010535,message,1,2026-01-04 04:08:00,success,2301.41
A00010536,P010536,retry,1,2026-03-12 23:26:00,failed,0.0
A00010537,P010537,payment_link,1,2026-03-29 20:50:00,failed,0.0
A00010538,P010538,retry,1,2026-02-03 17:28:00,success,8519.31
A00010539,P010539,message,1,2026-05-11 22:32:00,failed,0.0
A00010540,P010540,escalate,1,2026-03-09 01:12:00,success,580.9
A00010541,P010541,retry,1,2026-02-15 21:40:00,failed,0.0
A00010542,P010542,message,1,2026-04-27 18:56:00,success,3711.9
A00010543,P010543,stop,1,2026-05-07 10:26:00,success,27296.61
A00010544,P010544,retry,1,2026-05-12 19:40:00,success,4285.82
A00010545,P010545,payment_link,1,2026-01-16 08:14:00,success,25648.8
A00010546,P010546,stop,1,2026-02-27 14:17:00,failed,0.0
A00010547,P010547,payment_link,1,2026-05-17 05:34:00,failed,0.0
A00010548,P010548,payment_link,1,2026-05-16 00:13:00,success,3848.01
A00010549,P010549,message,1,2026-04-22 14:10:00,success,8531.05
A00010550,P010550,message,1,2026-06-28 02:32:00,failed,0.0
A00010551,P010551,escalate,1,2026-05-20 13:16:00,failed,0.0
A00010552,P010552,payment_link,1,2026-06-25 15:38:00,failed,0.0
A00010553,P010553,stop,1,2026-06-13 23:06:00,failed,0.0
A00010554,P010554,retry,1,2026-02-21 13:30:00,failed,0.0
A00010555,P010555,escalate,1,2026-02-12 15:40:00,success,5947.54
A00010556,P010556,retry,1,2026-01-29 06:24:00,success,4540.67
A00010557,P010557,retry,1,2026-02-09 14:34:00,failed,0.0
A00010558,P010558,message,1,2026-02-08 20:40:00,failed,0.0
A00010559,P010559,stop,1,2026-01-11 15:29:00,failed,0.0
A00010560,P010560,message,1,2026-05-23 17:13:00,failed,0.0
A00010561,P010561,escalate,1,2026-01-28 01:04:00,failed,0.0
A00010562,P010562,payment_link,1,2026-03-28 19:49:00,success,3273.94
A00010563,P010563,retry,1,2026-01-17 01:06:00,failed,0.0
A00010564,P010564,escalate,1,2026-05-21 13:40:00,failed,0.0
A00010565,P010565,message,1,2026-04-07 04:16:00,failed,0.0
A00010566,P010566,message,1,2026-02-28 05:36:00,success,6225.11
A00010567,P010567,retry,1,2026-03-04 17:47:00,success,3323.35
A00010568,P010568,stop,1,2026-01-23 01:01:00,failed,0.0
A00010569,P010569,retry,1,2026-01-16 07:27:00,success,3688.56
A00010570,P010570,payment_link,1,2026-01-11 18:53:00,failed,0.0
A00010571,P010571,payment_link,1,2026-01-04 12:42:00,failed,0.0
A00010572,P010572,stop,1,2026-02-07 17:36:00,failed,0.0
A00010573,P010573,stop,1,2026-02-12 21:02:00,failed,0.0
A00010574,P010574,stop,1,2026-05-08 08:42:00,failed,0.0
A00010575,P010575,stop,1,2026-02-20 03:06:00,failed,0.0
A00010576,P010576,escalate,1,2026-02-25 18:14:00,success,2889.36
A00010577,P010577,stop,1,2026-01-26 07:02:00,failed,0.0
A00010578,P010578,payment_link,1,2026-04-23 09:52:00,failed,0.0
A00010579,P010579,retry,1,2026-01-28 19:53:00,success,2920.74
A00010580,P010580,message,1,2026-02-21 08:40:00,failed,0.0
A00010581,P010581,stop,1,2026-01-19 07:12:00,failed,0.0
A00010582,P010582,message,1,2026-05-19 02:18:00,failed,0.0
A00010583,P010583,retry,1,2026-05-21 19:58:00,success,3012.11
A00010584,P010584,stop,1,2026-05-29 03:14:00,failed,0.0
A00010585,P010585,retry,1,2026-03-28 00:25:00,failed,0.0
A00010586,P010586,escalate,1,2026-06-12 02:16:00,failed,0.0
A00010587,P010587,stop,1,2026-02-19 04:45:00,failed,0.0
A00010588,P010588,message,1,2026-02-05 19:28:00,failed,0.0
A00010589,P010589,message,1,2026-02-24 11:12:00,failed,0.0
A00010590,P010590,message,1,2026-04-23 00:00:00,failed,0.0
A00010591,P010591,escalate,1,2026-05-04 05:51:00,success,2454.21
A00010592,P010592,message,1,2026-04-16 13:48:00,failed,0.0
A00010593,P010593,escalate,1,2026-02-10 05:57:00,success,2707.73
A00010594,P010594,payment_link,1,2026-03-01 19:01:00,success,2558.02
A00010595,P010595,retry,1,2026-01-16 11:48:00,success,1545.99
A00010596,P010596,stop,1,2026-06-04 02:01:00,failed,0.0
A00010597,P010597,escalate,1,2026-05-29 23:52:00,failed,0.0
A00010598,P010598,message,1,2026-05-03 20:07:00,success,27471.12
A00010599,P010599,message,1,2026-03-15 23:52:00,failed,0.0
A00010600,P010600,retry,1,2026-04-27 22:58:00,failed,0.0
A00010601,P010601,escalate,1,2026-06-07 18:19:00,failed,0.0
A00010602,P010602,escalate,1,2026-01-05 16:50:00,failed,0.0
A00010603,P010603,retry,1,2026-01-25 14:14:00,success,3746.35
A00010604,P010604,payment_link,1,2026-04-13 05:05:00,failed,0.0
A00010605,P010605,payment_link,1,2026-04-25 21:30:00,failed,0.0
A00010606,P010606,payment_link,1,2026-04-16 01:49:00,failed,0.0
A00010607,P010607,message,1,2026-03-28 06:56:00,success,3689.33
A00010608,P010608,payment_link,1,2026-02-11 18:44:00,success,2771.45
A00010609,P010609,stop,1,2026-05-04 23:50:00,failed,0.0
A00010610,P010610,retry,1,2026-03-22 16:37:00,failed,0.0
A00010611,P010611,stop,1,2026-05-07 17:14:00,failed,0.0
A00010612,P010612,escalate,1,2026-02-13 00:18:00,failed,0.0
A00010613,P010613,message,1,2026-05-09 13:21:00,failed,0.0
A00010614,P010614,escalate,1,2026-03-16 13:22:00,failed,0.0
A00010615,P010615,payment_link,1,2026-05-20 18:38:00,failed,0.0
A00010616,P010616,payment_link,1,2026-05-19 10:23:00,success,1895.14
A00010617,P010617,retry,1,2026-03-24 20:23:00,failed,0.0
A00010618,P010618,message,1,2026-01-22 02:06:00,failed,0.0
A00010619,P010619,retry,1,2026-06-23 10:39:00,failed,0.0
A00010620,P010620,payment_link,1,2026-02-21 02:20:00,success,3045.32
A00010621,P010621,message,1,2026-06-04 14:05:00,failed,0.0
A00010622,P010622,payment_link,1,2026-01-05 13:10:00,success,7166.26
A00010623,P010623,message,1,2026-02-07 10:42:00,success,6823.18
A00010624,P010624,escalate,1,2026-05-23 13:56:00,failed,0.0
A00010625,P010625,escalate,1,2026-01-06 18:17:00,failed,0.0
A00010626,P010626,payment_link,1,2026-06-13 15:00:00,failed,0.0
A00010627,P010627,escalate,1,2026-01-26 02:42:00,success,3230.6
A00010628,P010628,retry,1,2026-03-29 21:26:00,failed,0.0
A00010629,P010629,escalate,1,2026-02-23 13:30:00,success,1162.29
A00010630,P010630,payment_link,1,2026-04-07 23:34:00,failed,0.0
A00010631,P010631,escalate,1,2026-05-21 01:13:00,failed,0.0
A00010632,P010632,retry,1,2026-05-11 00:16:00,success,1007.22
A00010633,P010633,payment_link,1,2026-01-20 05:09:00,failed,0.0
A00010634,P010634,payment_link,1,2026-02-09 03:45:00,success,4303.65
A00010635,P010635,escalate,1,2026-03-25 07:00:00,failed,0.0
A00010636,P010636,payment_link,1,2026-02-14 04:33:00,failed,0.0
A00010637,P010637,stop,1,2026-03-23 14:10:00,failed,0.0
A00010638,P010638,stop,1,2026-06-18 11:34:00,success,3311.03
A00010639,P010639,stop,1,2026-01-08 01:07:00,failed,0.0
A00010640,P010640,escalate,1,2026-06-24 14:59:00,success,2798.06
A00010641,P010641,escalate,1,2026-06-03 17:34:00,failed,0.0
A00010642,P010642,stop,1,2026-01-31 03:10:00,failed,0.0
A00010643,P010643,escalate,1,2026-04-13 12:32:00,failed,0.0
A00010644,P010644,payment_link,1,2026-06-30 00:27:00,success,4347.14
A00010645,P010645,payment_link,1,2026-02-13 01:06:00,failed,0.0
A00010646,P010646,retry,1,2026-05-30 04:58:00,success,10201.23
A00010647,P010647,message,1,2026-06-02 23:27:00,failed,0.0
A00010648,P010648,stop,1,2026-02-27 23:41:00,failed,0.0
A00010649,P010649,stop,1,2026-03-24 12:34:00,success,1595.95
A00010650,P010650,escalate,1,2026-02-07 16:15:00,failed,0.0
A00010651,P010651,message,1,2026-02-03 01:17:00,success,5270.93
A00010652,P010652,payment_link,1,2026-06-17 11:23:00,success,10313.14
A00010653,P010653,retry,1,2026-06-02 20:56:00,success,3590.0
A00010654,P010654,message,1,2026-05-18 06:18:00,failed,0.0
A00010655,P010655,retry,1,2026-02-15 07:07:00,failed,0.0
A00010656,P010656,retry,1,2026-02-05 07:23:00,success,4356.99
A00010657,P010657,stop,1,2026-05-24 14:53:00,failed,0.0
A00010658,P010658,stop,1,2026-02-05 22:50:00,failed,0.0
A00010659,P010659,message,1,2026-03-13 02:46:00,failed,0.0
A00010660,P010660,stop,1,2026-03-17 18:21:00,failed,0.0
A00010661,P010661,payment_link,1,2026-06-06 10:26:00,failed,0.0
A00010662,P010662,retry,1,2026-01-28 04:20:00,success,4847.29
A00010663,P010663,stop,1,2026-04-05 23:04:00,failed,0.0
A00010664,P010664,retry,1,2026-06-17 19:44:00,failed,0.0
A00010665,P010665,message,1,2026-06-13 10:28:00,failed,0.0
A00010666,P010666,escalate,1,2026-02-19 05:23:00,failed,0.0
A00010667,P010667,message,1,2026-03-28 19:59:00,failed,0.0
A00010668,P010668,stop,1,2026-01-17 05:09:00,failed,0.0
A00010669,P010669,message,1,2026-05-28 17:29:00,failed,0.0
A00010670,P010670,message,1,2026-03-01 09:29:00,success,4370.93
A00010671,P010671,message,1,2026-04-08 20:58:00,failed,0.0
A00010672,P010672,retry,1,2026-03-09 08:40:00,failed,0.0
A00010673,P010673,payment_link,1,2026-06-07 07:15:00,failed,0.0
A00010674,P010674,retry,1,2026-02-09 05:50:00,failed,0.0
A00010675,P010675,payment_link,1,2026-06-04 14:34:00,success,9217.28
A00010676,P010676,message,1,2026-02-09 02:36:00,success,2092.96
A00010677,P010677,payment_link,1,2026-01-31 09:14:00,success,4218.32
A00010678,P010678,escalate,1,2026-05-31 18:37:00,failed,0.0
A00010679,P010679,stop,1,2026-04-20 18:34:00,success,9988.61
A00010680,P010680,payment_link,1,2026-05-25 06:04:00,failed,0.0
A00010681,P010681,message,1,2026-05-09 17:36:00,success,1202.6
A00010682,P010682,escalate,1,2026-05-09 09:14:00,success,1389.33
A00010683,P010683,stop,1,2026-01-22 22:27:00,failed,0.0
A00010684,P010684,payment_link,1,2026-04-28 09:56:00,failed,0.0
A00010685,P010685,retry,1,2026-03-10 17:25:00,failed,0.0
A00010686,P010686,message,1,2026-06-05 17:32:00,success,4704.77
A00010687,P010687,payment_link,1,2026-04-03 02:30:00,failed,0.0
A00010688,P010688,retry,1,2026-04-12 19:08:00,success,1206.94
A00010689,P010689,escalate,1,2026-06-05 21:20:00,failed,0.0
A00010690,P010690,message,1,2026-01-27 08:27:00,success,8590.02
A00010691,P010691,message,1,2026-06-26 22:33:00,success,3045.44
A00010692,P010692,payment_link,1,2026-06-04 09:01:00,success,1543.22
A00010693,P010693,stop,1,2026-04-19 13:13:00,failed,0.0
A00010694,P010694,stop,1,2026-06-03 14:26:00,failed,0.0
A00010695,P010695,payment_link,1,2026-01-16 07:00:00,failed,0.0
A00010696,P010696,escalate,1,2026-05-23 00:40:00,failed,0.0
A00010697,P010697,stop,1,2026-01-05 14:26:00,failed,0.0
A00010698,P010698,stop,1,2026-05-05 16:54:00,failed,0.0
A00010699,P010699,message,1,2026-03-04 11:52:00,failed,0.0
A00010700,P010700,message,1,2026-01-09 23:57:00,failed,0.0
A00010701,P010701,retry,1,2026-01-14 00:37:00,failed,0.0
A00010702,P010702,stop,1,2026-06-06 11:47:00,success,3463.58
A00010703,P010703,retry,1,2026-02-08 10:44:00,success,5277.57
A00010704,P010704,escalate,1,2026-01-14 09:27:00,failed,0.0
A00010705,P010705,message,1,2026-06-02 13:52:00,failed,0.0
A00010706,P010706,message,1,2026-06-02 01:48:00,failed,0.0
A00010707,P010707,retry,1,2026-05-03 19:01:00,failed,0.0
A00010708,P010708,message,1,2026-05-17 19:23:00,success,1415.71
A00010709,P010709,payment_link,1,2026-02-03 11:09:00,failed,0.0
A00010710,P010710,payment_link,1,2026-04-05 17:37:00,failed,0.0
A00010711,P010711,message,1,2026-03-01 18:41:00,success,2458.05
A00010712,P010712,payment_link,1,2026-02-04 12:30:00,failed,0.0
A00010713,P010713,message,1,2026-05-29 10:42:00,success,4319.82
A00010714,P010714,retry,1,2026-04-16 07:52:00,success,6508.49
A00010715,P010715,retry,1,2026-03-06 06:12:00,failed,0.0
A00010716,P010716,payment_link,1,2026-04-18 16:13:00,failed,0.0
A00010717,P010717,escalate,1,2026-03-22 12:52:00,success,4595.6
A00010718,P010718,retry,1,2026-04-09 17:18:00,success,2900.91
A00010719,P010719,retry,1,2026-06-05 23:34:00,success,2310.97
A00010720,P010720,stop,1,2026-04-12 01:56:00,failed,0.0
A00010721,P010721,retry,1,2026-02-06 07:12:00,failed,0.0
A00010722,P010722,message,1,2026-05-12 17:49:00,success,3720.94
A00010723,P010723,message,1,2026-06-08 06:16:00,success,2995.38
A00010724,P010724,escalate,1,2026-06-25 14:09:00,success,24649.04
A00010725,P010725,escalate,1,2026-05-28 14:59:00,success,5149.13
A00010726,P010726,message,1,2026-03-14 18:50:00,failed,0.0
A00010727,P010727,stop,1,2026-05-11 14:55:00,failed,0.0
A00010728,P010728,escalate,1,2026-03-18 05:06:00,success,607.05
A00010729,P010729,message,1,2026-01-08 14:51:00,success,7611.05
A00010730,P010730,message,1,2026-06-05 09:07:00,failed,0.0
A00010731,P010731,retry,1,2026-03-17 03:41:00,failed,0.0
A00010732,P010732,message,1,2026-01-19 19:51:00,success,2560.34
A00010733,P010733,payment_link,1,2026-04-27 23:27:00,failed,0.0
A00010734,P010734,message,1,2026-06-25 14:43:00,failed,0.0
A00010735,P010735,retry,1,2026-04-13 14:48:00,failed,0.0
A00010736,P010736,escalate,1,2026-03-12 10:50:00,failed,0.0
A00010737,P010737,stop,1,2026-01-30 04:17:00,failed,0.0
A00010738,P010738,payment_link,1,2026-05-11 00:42:00,success,10663.91
A00010739,P010739,message,1,2026-05-22 21:51:00,failed,0.0
A00010740,P010740,message,1,2026-01-16 03:54:00,success,1685.01
A00010741,P010741,payment_link,1,2026-04-06 14:30:00,success,2994.41
A00010742,P010742,stop,1,2026-05-24 19:53:00,failed,0.0
A00010743,P010743,stop,1,2026-02-01 23:27:00,failed,0.0
A00010744,P010744,payment_link,1,2026-06-15 04:47:00,success,6568.81
A00010745,P010745,stop,1,2026-06-17 20:33:00,failed,0.0
A00010746,P010746,retry,1,2026-05-08 15:42:00,failed,0.0
A00010747,P010747,escalate,1,2026-01-19 15:38:00,success,3144.84
A00010748,P010748,escalate,1,2026-06-23 02:45:00,success,23603.84
A00010749,P010749,payment_link,1,2026-02-12 08:08:00,failed,0.0
A00010750,P010750,retry,1,2026-05-10 08:03:00,failed,0.0
A00010751,P010751,escalate,1,2026-05-26 09:57:00,failed,0.0
A00010752,P010752,escalate,1,2026-01-07 03:29:00,success,1375.92
A00010753,P010753,escalate,1,2026-02-15 18:58:00,failed,0.0
A00010754,P010754,payment_link,1,2026-03-29 23:02:00,success,971.88
A00010755,P010755,message,1,2026-02-04 20:25:00,success,2128.73
A00010756,P010756,payment_link,1,2026-01-19 03:21:00,failed,0.0
A00010757,P010757,retry,1,2026-04-27 05:18:00,failed,0.0
A00010758,P010758,message,1,2026-01-28 18:18:00,success,567.76
A00010759,P010759,payment_link,1,2026-04-05 18:11:00,failed,0.0
A00010760,P010760,retry,1,2026-02-20 09:59:00,failed,0.0
A00010761,P010761,retry,1,2026-01-23 09:53:00,failed,0.0
A00010762,P010762,escalate,1,2026-03-28 15:41:00,failed,0.0
A00010763,P010763,escalate,1,2026-05-26 14:22:00,failed,0.0
A00010764,P010764,retry,1,2026-02-27 14:09:00,failed,0.0
A00010765,P010765,message,1,2026-04-30 08:46:00,success,2736.29
A00010766,P010766,escalate,1,2026-02-27 15:53:00,failed,0.0
A00010767,P010767,payment_link,1,2026-03-21 09:38:00,success,1960.45
A00010768,P010768,stop,1,2026-05-15 04:17:00,failed,0.0
A00010769,P010769,escalate,1,2026-06-24 00:31:00,failed,0.0
A00010770,P010770,stop,1,2026-05-31 13:54:00,failed,0.0
A00010771,P010771,retry,1,2026-04-24 16:11:00,failed,0.0
A00010772,P010772,retry,1,2026-03-01 03:48:00,failed,0.0
A00010773,P010773,retry,1,2026-04-07 20:16:00,failed,0.0
A00010774,P010774,retry,1,2026-02-03 17:42:00,success,8571.6
A00010775,P010775,payment_link,1,2026-02-26 08:11:00,failed,0.0
A00010776,P010776,retry,1,2026-03-29 03:51:00,failed,0.0
A00010777,P010777,stop,1,2026-03-29 14:49:00,success,401.56
A00010778,P010778,escalate,1,2026-05-30 09:51:00,failed,0.0
A00010779,P010779,stop,1,2026-01-31 13:32:00,failed,0.0
A00010780,P010780,escalate,1,2026-04-14 02:47:00,failed,0.0
A00010781,P010781,escalate,1,2026-02-06 04:40:00,success,10348.71
A00010782,P010782,retry,1,2026-05-19 00:49:00,success,4542.31
A00010783,P010783,payment_link,1,2026-03-04 15:12:00,failed,0.0
A00010784,P010784,escalate,1,2026-03-23 06:00:00,success,4132.57
A00010785,P010785,stop,1,2026-01-30 17:35:00,failed,0.0
A00010786,P010786,stop,1,2026-02-16 18:42:00,failed,0.0
A00010787,P010787,message,1,2026-02-11 02:32:00,failed,0.0
A00010788,P010788,retry,1,2026-05-07 17:30:00,failed,0.0
A00010789,P010789,escalate,1,2026-01-09 00:30:00,failed,0.0
A00010790,P010790,payment_link,1,2026-02-04 23:02:00,success,2329.27
A00010791,P010791,stop,1,2026-06-28 07:42:00,failed,0.0
A00010792,P010792,retry,1,2026-06-02 17:52:00,failed,0.0
A00010793,P010793,retry,1,2026-05-25 16:13:00,failed,0.0
A00010794,P010794,message,1,2026-05-26 06:26:00,failed,0.0
A00010795,P010795,retry,1,2026-04-27 19:09:00,success,2020.33
A00010796,P010796,payment_link,1,2026-04-03 14:31:00,success,3932.92
A00010797,P010797,escalate,1,2026-02-13 18:31:00,failed,0.0
A00010798,P010798,retry,1,2026-01-11 12:43:00,success,4409.27
A00010799,P010799,message,1,2026-05-01 02:52:00,failed,0.0
A00010800,P010800,escalate,1,2026-06-30 00:37:00,failed,0.0
A00010801,P010801,payment_link,1,2026-01-13 01:41:00,failed,0.0
A00010802,P010802,escalate,1,2026-02-08 05:57:00,success,1502.77
A00010803,P010803,message,1,2026-01-27 12:32:00,success,5088.66
A00010804,P010804,stop,1,2026-05-10 09:04:00,failed,0.0
A00010805,P010805,message,1,2026-05-11 00:13:00,failed,0.0
A00010806,P010806,message,1,2026-03-04 20:39:00,failed,0.0
A00010807,P010807,stop,1,2026-04-08 23:34:00,failed,0.0
A00010808,P010808,message,1,2026-02-13 18:10:00,failed,0.0
A00010809,P010809,escalate,1,2026-05-07 13:25:00,success,4834.43
A00010810,P010810,stop,1,2026-04-06 23:34:00,success,2535.55
A00010811,P010811,payment_link,1,2026-03-30 09:57:00,success,3252.87
A00010812,P010812,stop,1,2026-01-07 16:49:00,failed,0.0
A00010813,P010813,payment_link,1,2026-03-17 20:57:00,failed,0.0
A00010814,P010814,stop,1,2026-01-01 04:29:00,failed,0.0
A00010815,P010815,stop,1,2026-03-13 21:10:00,failed,0.0
A00010816,P010816,stop,1,2026-02-06 16:13:00,failed,0.0
A00010817,P010817,escalate,1,2026-02-14 00:54:00,failed,0.0
A00010818,P010818,message,1,2026-04-30 04:17:00,success,1385.14
A00010819,P010819,escalate,1,2026-03-19 13:38:00,success,3248.8
A00010820,P010820,retry,1,2026-02-02 07:10:00,success,1947.87
A00010821,P010821,retry,1,2026-03-24 21:29:00,failed,0.0
A00010822,P010822,stop,1,2026-01-30 22:29:00,failed,0.0
A00010823,P010823,message,1,2026-05-07 20:13:00,failed,0.0
A00010824,P010824,escalate,1,2026-01-01 17:55:00,failed,0.0
A00010825,P010825,escalate,1,2026-03-20 18:32:00,failed,0.0
A00010826,P010826,escalate,1,2026-05-27 17:27:00,failed,0.0
A00010827,P010827,retry,1,2026-02-21 21:20:00,failed,0.0
A00010828,P010828,escalate,1,2026-03-26 15:15:00,failed,0.0
A00010829,P010829,payment_link,1,2026-05-15 13:56:00,failed,0.0
A00010830,P010830,retry,1,2026-06-09 08:11:00,success,5664.18
A00010831,P010831,message,1,2026-06-23 15:40:00,success,996.26
A00010832,P010832,retry,1,2026-06-29 09:32:00,failed,0.0
A00010833,P010833,message,1,2026-06-28 15:30:00,failed,0.0
A00010834,P010834,stop,1,2026-03-11 05:50:00,failed,0.0
A00010835,P010835,retry,1,2026-05-07 15:34:00,success,3293.93
A00010836,P010836,escalate,1,2026-01-10 10:36:00,success,2847.99
A00010837,P010837,escalate,1,2026-01-26 09:42:00,failed,0.0
A00010838,P010838,escalate,1,2026-05-07 18:27:00,failed,0.0
A00010839,P010839,retry,1,2026-06-10 12:04:00,success,4389.48
A00010840,P010840,payment_link,1,2026-02-03 15:04:00,success,5119.27
A00010841,P010841,retry,1,2026-03-21 15:34:00,failed,0.0
A00010842,P010842,message,1,2026-02-12 07:02:00,success,2092.01
A00010843,P010843,stop,1,2026-06-01 04:03:00,failed,0.0
A00010844,P010844,stop,1,2026-05-03 10:06:00,failed,0.0
A00010845,P010845,message,1,2026-01-23 14:23:00,failed,0.0
A00010846,P010846,stop,1,2026-03-20 23:29:00,failed,0.0
A00010847,P010847,retry,1,2026-05-03 06:48:00,failed,0.0
A00010848,P010848,escalate,1,2026-03-03 07:04:00,success,1735.99
A00010849,P010849,retry,1,2026-04-21 06:36:00,failed,0.0
A00010850,P010850,message,1,2026-05-19 21:18:00,success,5234.64
A00010851,P010851,stop,1,2026-05-12 16:44:00,failed,0.0
A00010852,P010852,stop,1,2026-06-21 02:17:00,failed,0.0
A00010853,P010853,payment_link,1,2026-03-18 14:27:00,success,1939.62
A00010854,P010854,escalate,1,2026-06-16 21:22:00,failed,0.0
A00010855,P010855,message,1,2026-03-11 14:14:00,failed,0.0
A00010856,P010856,retry,1,2026-02-14 01:13:00,failed,0.0
A00010857,P010857,payment_link,1,2026-01-08 11:55:00,success,3899.96
A00010858,P010858,stop,1,2026-03-21 22:28:00,failed,0.0
A00010859,P010859,stop,1,2026-05-07 10:34:00,failed,0.0
A00010860,P010860,payment_link,1,2026-05-02 19:49:00,success,1522.15
A00010861,P010861,payment_link,1,2026-05-22 04:40:00,success,2379.98
A00010862,P010862,payment_link,1,2026-01-15 09:55:00,failed,0.0
A00010863,P010863,stop,1,2026-01-19 19:19:00,failed,0.0
A00010864,P010864,stop,1,2026-01-04 10:23:00,failed,0.0
A00010865,P010865,message,1,2026-05-29 19:40:00,failed,0.0
A00010866,P010866,stop,1,2026-01-09 14:02:00,failed,0.0
A00010867,P010867,stop,1,2026-03-20 04:04:00,failed,0.0
A00010868,P010868,stop,1,2026-03-19 13:05:00,failed,0.0
A00010869,P010869,escalate,1,2026-02-07 19:56:00,failed,0.0
A00010870,P010870,retry,1,2026-04-13 04:00:00,success,2899.93
A00010871,P010871,retry,1,2026-03-30 09:12:00,success,24023.66
A00010872,P010872,retry,1,2026-03-19 03:18:00,success,5680.93
A00010873,P010873,stop,1,2026-03-29 15:47:00,failed,0.0
A00010874,P010874,message,1,2026-03-01 00:05:00,failed,0.0
A00010875,P010875,payment_link,1,2026-02-18 18:21:00,failed,0.0
A00010876,P010876,message,1,2026-04-27 22:58:00,failed,0.0
A00010877,P010877,payment_link,1,2026-03-14 14:31:00,failed,0.0
A00010878,P010878,escalate,1,2026-06-05 19:56:00,failed,0.0
A00010879,P010879,payment_link,1,2026-03-02 22:47:00,success,33586.51
A00010880,P010880,retry,1,2026-05-24 04:37:00,failed,0.0
A00010881,P010881,stop,1,2026-04-30 07:39:00,failed,0.0
A00010882,P010882,escalate,1,2026-03-09 20:22:00,failed,0.0
A00010883,P010883,retry,1,2026-02-17 11:59:00,success,3006.19
A00010884,P010884,payment_link,1,2026-05-28 15:13:00,success,1533.14
A00010885,P010885,stop,1,2026-06-27 11:37:00,failed,0.0
A00010886,P010886,retry,1,2026-01-24 05:21:00,failed,0.0
A00010887,P010887,stop,1,2026-06-10 22:29:00,failed,0.0
A00010888,P010888,escalate,1,2026-04-25 14:56:00,failed,0.0
A00010889,P010889,message,1,2026-02-05 04:34:00,failed,0.0
A00010890,P010890,escalate,1,2026-01-31 11:23:00,failed,0.0
A00010891,P010891,message,1,2026-03-26 04:30:00,failed,0.0
A00010892,P010892,stop,1,2026-04-16 17:51:00,failed,0.0
A00010893,P010893,retry,1,2026-05-28 03:35:00,failed,0.0
A00010894,P010894,escalate,1,2026-03-31 06:18:00,failed,0.0
A00010895,P010895,payment_link,1,2026-04-14 06:06:00,success,1590.08
A00010896,P010896,payment_link,1,2026-04-01 12:23:00,success,1355.84
A00010897,P010897,escalate,1,2026-04-06 16:52:00,success,7445.96
A00010898,P010898,escalate,1,2026-06-25 23:40:00,failed,0.0
A00010899,P010899,escalate,1,2026-03-16 13:06:00,failed,0.0
A00010900,P010900,escalate,1,2026-03-02 07:03:00,success,14734.81
A00010901,P010901,escalate,1,2026-04-10 20:26:00,failed,0.0
A00010902,P010902,retry,1,2026-02-25 11:21:00,failed,0.0
A00010903,P010903,payment_link,1,2026-06-01 11:19:00,failed,0.0
A00010904,P010904,message,1,2026-03-23 23:34:00,failed,0.0
A00010905,P010905,message,1,2026-06-11 03:39:00,failed,0.0
A00010906,P010906,payment_link,1,2026-05-17 15:02:00,failed,0.0
A00010907,P010907,stop,1,2026-03-15 00:37:00,failed,0.0
A00010908,P010908,escalate,1,2026-02-14 20:31:00,success,3968.85
A00010909,P010909,stop,1,2026-03-26 11:21:00,failed,0.0
A00010910,P010910,stop,1,2026-05-23 10:02:00,failed,0.0
A00010911,P010911,message,1,2026-02-13 02:44:00,failed,0.0
A00010912,P010912,stop,1,2026-04-18 10:53:00,failed,0.0
A00010913,P010913,message,1,2026-02-13 14:29:00,failed,0.0
A00010914,P010914,retry,1,2026-03-15 04:34:00,failed,0.0
A00010915,P010915,escalate,1,2026-01-11 03:00:00,failed,0.0
A00010916,P010916,payment_link,1,2026-03-04 23:40:00,success,2608.72
A00010917,P010917,escalate,1,2026-02-20 13:22:00,failed,0.0
A00010918,P010918,escalate,1,2026-01-27 22:27:00,success,1865.56
A00010919,P010919,retry,1,2026-01-06 14:32:00,success,2043.03
A00010920,P010920,stop,1,2026-05-06 09:11:00,failed,0.0
A00010921,P010921,message,1,2026-03-13 14:44:00,failed,0.0
A00010922,P010922,message,1,2026-06-10 14:12:00,failed,0.0
A00010923,P010923,payment_link,1,2026-06-01 23:34:00,failed,0.0
A00010924,P010924,escalate,1,2026-06-23 01:26:00,failed,0.0
A00010925,P010925,retry,1,2026-02-14 04:19:00,failed,0.0
A00010926,P010926,escalate,1,2026-03-26 17:34:00,failed,0.0
A00010927,P010927,message,1,2026-02-24 10:00:00,failed,0.0
A00010928,P010928,message,1,2026-06-19 22:47:00,failed,0.0
A00010929,P010929,stop,1,2026-02-06 01:49:00,failed,0.0
A00010930,P010930,payment_link,1,2026-01-01 11:43:00,success,5581.59
A00010931,P010931,message,1,2026-06-11 23:05:00,success,26752.21
A00010932,P010932,escalate,1,2026-01-13 09:54:00,success,841.74
A00010933,P010933,escalate,1,2026-03-01 03:51:00,success,8249.7
A00010934,P010934,stop,1,2026-06-20 11:58:00,failed,0.0
A00010935,P010935,message,1,2026-05-07 10:44:00,failed,0.0
A00010936,P010936,payment_link,1,2026-04-05 11:30:00,failed,0.0
A00010937,P010937,payment_link,1,2026-06-11 20:02:00,failed,0.0
A00010938,P010938,message,1,2026-06-20 01:11:00,success,4457.42
A00010939,P010939,message,1,2026-05-07 20:20:00,failed,0.0
A00010940,P010940,payment_link,1,2026-03-28 10:52:00,failed,0.0
A00010941,P010941,stop,1,2026-06-03 01:17:00,failed,0.0
A00010942,P010942,retry,1,2026-04-02 04:34:00,success,1184.8
A00010943,P010943,escalate,1,2026-05-22 04:50:00,failed,0.0
A00010944,P010944,retry,1,2026-04-26 22:28:00,failed,0.0
A00010945,P010945,retry,1,2026-02-10 09:31:00,failed,0.0
A00010946,P010946,stop,1,2026-01-14 22:39:00,failed,0.0
A00010947,P010947,escalate,1,2026-02-12 12:03:00,success,18866.31
A00010948,P010948,retry,1,2026-04-01 07:37:00,success,2289.44
A00010949,P010949,message,1,2026-06-18 11:29:00,success,3264.34
A00010950,P010950,escalate,1,2026-04-12 07:06:00,success,971.93
A00010951,P010951,escalate,1,2026-03-31 03:48:00,failed,0.0
A00010952,P010952,escalate,1,2026-04-11 02:06:00,success,3709.2
A00010953,P010953,payment_link,1,2026-03-19 03:12:00,success,6420.13
A00010954,P010954,retry,1,2026-05-12 01:05:00,success,3208.34
A00010955,P010955,message,1,2026-05-17 14:35:00,success,2339.1
A00010956,P010956,escalate,1,2026-04-05 00:49:00,failed,0.0
A00010957,P010957,payment_link,1,2026-02-02 23:19:00,failed,0.0
A00010958,P010958,message,1,2026-05-01 17:41:00,success,4451.64
A00010959,P010959,retry,1,2026-03-19 09:33:00,failed,0.0
A00010960,P010960,payment_link,1,2026-03-07 08:07:00,failed,0.0
A00010961,P010961,message,1,2026-05-19 00:23:00,failed,0.0
A00010962,P010962,payment_link,1,2026-04-26 00:20:00,failed,0.0
A00010963,P010963,stop,1,2026-06-15 16:43:00,failed,0.0
A00010964,P010964,retry,1,2026-05-06 20:40:00,success,2744.4
A00010965,P010965,stop,1,2026-01-28 01:26:00,failed,0.0
A00010966,P010966,payment_link,1,2026-05-09 00:06:00,success,6437.16
A00010967,P010967,stop,1,2026-01-26 12:12:00,failed,0.0
A00010968,P010968,payment_link,1,2026-02-28 23:37:00,failed,0.0
A00010969,P010969,message,1,2026-04-25 17:15:00,success,11296.3
A00010970,P010970,retry,1,2026-03-30 04:32:00,failed,0.0
A00010971,P010971,retry,1,2026-04-25 05:14:00,failed,0.0
A00010972,P010972,stop,1,2026-01-21 22:55:00,failed,0.0
A00010973,P010973,stop,1,2026-03-21 12:23:00,failed,0.0
A00010974,P010974,payment_link,1,2026-05-27 22:34:00,failed,0.0
A00010975,P010975,payment_link,1,2026-01-21 02:40:00,failed,0.0
A00010976,P010976,retry,1,2026-02-26 17:06:00,failed,0.0
A00010977,P010977,escalate,1,2026-04-19 00:22:00,failed,0.0
A00010978,P010978,message,1,2026-02-16 10:01:00,success,1117.69
A00010979,P010979,message,1,2026-02-05 03:34:00,failed,0.0
A00010980,P010980,stop,1,2026-02-08 02:57:00,failed,0.0
A00010981,P010981,payment_link,1,2026-01-10 00:01:00,failed,0.0
A00010982,P010982,retry,1,2026-03-22 18:59:00,failed,0.0
A00010983,P010983,payment_link,1,2026-06-22 17:38:00,failed,0.0
A00010984,P010984,payment_link,1,2026-04-16 01:05:00,failed,0.0
A00010985,P010985,stop,1,2026-06-21 21:19:00,failed,0.0
A00010986,P010986,message,1,2026-05-19 21:49:00,success,25786.23
A00010987,P010987,retry,1,2026-03-06 14:02:00,success,4429.19
A00010988,P010988,stop,1,2026-03-04 00:18:00,failed,0.0
A00010989,P010989,retry,1,2026-02-02 14:45:00,failed,0.0
A00010990,P010990,escalate,1,2026-01-28 07:35:00,failed,0.0
A00010991,P010991,message,1,2026-04-05 13:53:00,success,3642.72
A00010992,P010992,payment_link,1,2026-05-01 17:47:00,success,4500.69
A00010993,P010993,retry,1,2026-02-11 11:07:00,failed,0.0
A00010994,P010994,stop,1,2026-02-19 00:26:00,failed,0.0
A00010995,P010995,stop,1,2026-04-12 08:56:00,failed,0.0
A00010996,P010996,payment_link,1,2026-01-24 07:52:00,success,4938.65
A00010997,P010997,retry,1,2026-05-22 19:44:00,failed,0.0
A00010998,P010998,escalate,1,2026-02-09 19:45:00,failed,0.0
A00010999,P010999,retry,1,2026-03-05 17:16:00,success,2444.14
A00011000,P011000,payment_link,1,2026-06-28 21:17:00,failed,0.0
A00011001,P011001,escalate,1,2026-04-07 10:03:00,success,5419.7
A00011002,P011002,message,1,2026-06-17 08:20:00,failed,0.0
A00011003,P011003,stop,1,2026-04-19 00:28:00,failed,0.0
A00011004,P011004,retry,1,2026-04-19 01:23:00,success,2038.46
A00011005,P011005,retry,1,2026-01-04 00:28:00,success,5311.93
A00011006,P011006,message,1,2026-01-09 00:53:00,failed,0.0
A00011007,P011007,payment_link,1,2026-06-18 14:02:00,failed,0.0
A00011008,P011008,retry,1,2026-05-21 01:53:00,failed,0.0
A00011009,P011009,retry,1,2026-01-30 13:39:00,success,8189.89
A00011010,P011010,stop,1,2026-06-06 17:31:00,failed,0.0
A00011011,P011011,payment_link,1,2026-04-14 22:02:00,success,9318.0
A00011012,P011012,message,1,2026-03-06 14:35:00,failed,0.0
A00011013,P011013,retry,1,2026-04-11 04:51:00,success,1725.58
A00011014,P011014,message,1,2026-01-19 23:06:00,failed,0.0
A00011015,P011015,retry,1,2026-04-16 00:22:00,failed,0.0
A00011016,P011016,payment_link,1,2026-03-07 06:43:00,success,21864.66
A00011017,P011017,stop,1,2026-03-04 23:53:00,success,6485.57
A00011018,P011018,escalate,1,2026-03-22 22:31:00,failed,0.0
A00011019,P011019,stop,1,2026-01-24 05:01:00,failed,0.0
A00011020,P011020,retry,1,2026-04-16 21:24:00,success,9122.9
A00011021,P011021,payment_link,1,2026-01-02 15:24:00,success,2652.67
A00011022,P011022,message,1,2026-02-09 04:28:00,failed,0.0
A00011023,P011023,escalate,1,2026-01-15 10:46:00,failed,0.0
A00011024,P011024,stop,1,2026-05-06 12:06:00,success,1649.06
A00011025,P011025,stop,1,2026-02-19 05:39:00,failed,0.0
A00011026,P011026,stop,1,2026-05-15 06:58:00,failed,0.0
A00011027,P011027,message,1,2026-05-17 08:58:00,failed,0.0
A00011028,P011028,retry,1,2026-03-11 08:06:00,failed,0.0
A00011029,P011029,message,1,2026-02-04 07:30:00,success,15530.66
A00011030,P011030,escalate,1,2026-05-30 14:27:00,failed,0.0
A00011031,P011031,stop,1,2026-05-20 22:40:00,failed,0.0
A00011032,P011032,escalate,1,2026-06-25 01:38:00,success,3400.61
A00011033,P011033,message,1,2026-01-11 07:40:00,failed,0.0
A00011034,P011034,message,1,2026-02-01 13:03:00,failed,0.0
A00011035,P011035,payment_link,1,2026-05-09 18:07:00,success,1171.83
A00011036,P011036,message,1,2026-05-17 22:21:00,failed,0.0
A00011037,P011037,payment_link,1,2026-03-23 09:25:00,success,4231.63
A00011038,P011038,message,1,2026-05-06 19:24:00,success,2978.46
A00011039,P011039,retry,1,2026-05-28 03:34:00,failed,0.0
A00011040,P011040,escalate,1,2026-01-27 00:25:00,success,2136.04
A00011041,P011041,payment_link,1,2026-06-28 05:30:00,failed,0.0
A00011042,P011042,payment_link,1,2026-03-06 06:55:00,failed,0.0
A00011043,P011043,retry,1,2026-05-29 23:38:00,failed,0.0
A00011044,P011044,message,1,2026-03-23 01:10:00,success,1124.35
A00011045,P011045,stop,1,2026-04-16 22:46:00,failed,0.0
A00011046,P011046,escalate,1,2026-02-28 07:01:00,failed,0.0
A00011047,P011047,payment_link,1,2026-04-06 00:52:00,success,796.15
A00011048,P011048,retry,1,2026-02-19 03:53:00,failed,0.0
A00011049,P011049,retry,1,2026-01-18 17:56:00,success,3648.22
A00011050,P011050,message,1,2026-04-26 12:25:00,failed,0.0
A00011051,P011051,stop,1,2026-01-13 16:37:00,failed,0.0
A00011052,P011052,retry,1,2026-04-15 17:50:00,failed,0.0
A00011053,P011053,retry,1,2026-04-11 00:18:00,success,3969.67
A00011054,P011054,message,1,2026-05-18 03:47:00,success,1092.2
A00011055,P011055,escalate,1,2026-04-21 03:45:00,failed,0.0
A00011056,P011056,payment_link,1,2026-01-06 14:37:00,success,2707.62
A00011057,P011057,escalate,1,2026-02-01 21:16:00,failed,0.0
A00011058,P011058,escalate,1,2026-02-08 21:14:00,success,2787.12
A00011059,P011059,message,1,2026-03-02 18:22:00,success,3019.32
A00011060,P011060,payment_link,1,2026-05-04 16:14:00,success,13256.97
A00011061,P011061,stop,1,2026-02-13 19:35:00,failed,0.0
A00011062,P011062,payment_link,1,2026-03-16 19:26:00,success,3304.41
A00011063,P011063,stop,1,2026-04-19 16:07:00,failed,0.0
A00011064,P011064,escalate,1,2026-03-28 01:38:00,success,2923.91
A00011065,P011065,payment_link,1,2026-05-31 18:26:00,failed,0.0
A00011066,P011066,retry,1,2026-06-13 09:23:00,success,4182.8
A00011067,P011067,stop,1,2026-02-17 00:35:00,failed,0.0
A00011068,P011068,escalate,1,2026-04-13 20:10:00,failed,0.0
A00011069,P011069,payment_link,1,2026-01-29 03:21:00,failed,0.0
A00011070,P011070,retry,1,2026-03-16 23:25:00,success,4170.1
A00011071,P011071,retry,1,2026-02-23 05:44:00,success,2749.51
A00011072,P011072,payment_link,1,2026-06-01 08:47:00,failed,0.0
A00011073,P011073,retry,1,2026-06-05 18:16:00,failed,0.0
A00011074,P011074,payment_link,1,2026-04-11 10:27:00,failed,0.0
A00011075,P011075,stop,1,2026-04-15 21:09:00,success,34610.45
A00011076,P011076,escalate,1,2026-05-05 18:18:00,failed,0.0
A00011077,P011077,payment_link,1,2026-03-13 05:33:00,failed,0.0
A00011078,P011078,escalate,1,2026-05-03 22:58:00,success,15959.63
A00011079,P011079,payment_link,1,2026-02-28 16:33:00,failed,0.0
A00011080,P011080,escalate,1,2026-02-27 02:24:00,failed,0.0
A00011081,P011081,stop,1,2026-05-15 11:08:00,failed,0.0
A00011082,P011082,escalate,1,2026-01-15 10:17:00,failed,0.0
A00011083,P011083,message,1,2026-03-26 13:44:00,failed,0.0
A00011084,P011084,retry,1,2026-06-08 18:27:00,failed,0.0
A00011085,P011085,escalate,1,2026-05-27 06:22:00,success,6349.95
A00011086,P011086,payment_link,1,2026-03-15 15:56:00,failed,0.0
A00011087,P011087,stop,1,2026-06-29 07:29:00,failed,0.0
A00011088,P011088,retry,1,2026-04-24 02:24:00,success,4695.56
A00011089,P011089,message,1,2026-04-03 05:12:00,failed,0.0
A00011090,P011090,escalate,1,2026-03-31 07:57:00,failed,0.0
A00011091,P011091,stop,1,2026-06-02 22:51:00,failed,0.0
A00011092,P011092,retry,1,2026-02-06 21:21:00,failed,0.0
A00011093,P011093,stop,1,2026-06-03 08:37:00,failed,0.0
A00011094,P011094,payment_link,1,2026-06-08 00:59:00,failed,0.0
A00011095,P011095,message,1,2026-06-02 02:23:00,success,1486.19
A00011096,P011096,message,1,2026-05-07 04:25:00,success,1217.66
A00011097,P011097,retry,1,2026-05-11 20:43:00,failed,0.0
A00011098,P011098,payment_link,1,2026-06-10 05:15:00,failed,0.0
A00011099,P011099,message,1,2026-05-29 00:37:00,failed,0.0
A00011100,P011100,stop,1,2026-06-21 00:42:00,failed,0.0
A00011101,P011101,message,1,2026-03-29 22:14:00,success,2497.34
A00011102,P011102,escalate,1,2026-05-14 23:32:00,failed,0.0
A00011103,P011103,escalate,1,2026-04-15 08:04:00,failed,0.0
A00011104,P011104,payment_link,1,2026-02-17 12:20:00,failed,0.0
A00011105,P011105,stop,1,2026-03-07 03:15:00,failed,0.0
A00011106,P011106,escalate,1,2026-06-10 00:57:00,success,7123.18
A00011107,P011107,stop,1,2026-05-07 06:13:00,failed,0.0
A00011108,P011108,escalate,1,2026-05-25 06:34:00,failed,0.0
A00011109,P011109,stop,1,2026-03-26 13:32:00,failed,0.0
A00011110,P011110,stop,1,2026-06-17 21:38:00,failed,0.0
A00011111,P011111,message,1,2026-03-21 17:15:00,failed,0.0
A00011112,P011112,retry,1,2026-06-01 02:49:00,failed,0.0
A00011113,P011113,stop,1,2026-05-13 12:07:00,failed,0.0
A00011114,P011114,escalate,1,2026-01-14 17:38:00,success,2693.45
A00011115,P011115,stop,1,2026-04-26 04:43:00,failed,0.0
A00011116,P011116,escalate,1,2026-03-05 16:20:00,failed,0.0
A00011117,P011117,retry,1,2026-01-10 13:44:00,failed,0.0
A00011118,P011118,payment_link,1,2026-01-31 19:05:00,failed,0.0
A00011119,P011119,message,1,2026-02-28 15:42:00,failed,0.0
A00011120,P011120,stop,1,2026-02-12 16:28:00,success,1859.47
A00011121,P011121,payment_link,1,2026-04-23 14:54:00,success,3329.37
A00011122,P011122,message,1,2026-04-09 02:57:00,success,1970.22
A00011123,P011123,retry,1,2026-05-08 16:11:00,success,2740.11
A00011124,P011124,retry,1,2026-01-12 16:39:00,failed,0.0
A00011125,P011125,payment_link,1,2026-05-16 05:09:00,success,1366.28
A00011126,P011126,message,1,2026-06-10 13:22:00,failed,0.0
A00011127,P011127,payment_link,1,2026-04-26 13:04:00,failed,0.0
A00011128,P011128,retry,1,2026-03-17 12:49:00,success,2716.57
A00011129,P011129,payment_link,1,2026-02-08 14:33:00,failed,0.0
A00011130,P011130,payment_link,1,2026-02-07 23:45:00,success,9109.22
A00011131,P011131,escalate,1,2026-02-24 08:18:00,success,753.03
A00011132,P011132,retry,1,2026-01-21 12:12:00,failed,0.0
A00011133,P011133,retry,1,2026-02-17 15:57:00,success,1732.56
A00011134,P011134,payment_link,1,2026-05-05 00:30:00,failed,0.0
A00011135,P011135,payment_link,1,2026-04-26 18:35:00,failed,0.0
A00011136,P011136,stop,1,2026-03-12 01:38:00,failed,0.0
A00011137,P011137,message,1,2026-05-08 21:25:00,failed,0.0
A00011138,P011138,payment_link,1,2026-05-12 12:45:00,success,2971.03
A00011139,P011139,escalate,1,2026-04-17 14:51:00,failed,0.0
A00011140,P011140,message,1,2026-06-16 10:45:00,success,2132.78
A00011141,P011141,escalate,1,2026-03-05 01:43:00,success,995.5
A00011142,P011142,payment_link,1,2026-03-20 07:04:00,failed,0.0
A00011143,P011143,retry,1,2026-04-14 21:12:00,failed,0.0
A00011144,P011144,message,1,2026-01-07 09:12:00,success,4416.34
A00011145,P011145,escalate,1,2026-06-28 03:43:00,failed,0.0
A00011146,P011146,escalate,1,2026-01-17 20:41:00,failed,0.0
A00011147,P011147,escalate,1,2026-02-26 14:51:00,failed,0.0
A00011148,P011148,message,1,2026-01-20 10:05:00,success,2347.45
A00011149,P011149,payment_link,1,2026-01-02 17:52:00,success,1028.33
A00011150,P011150,retry,1,2026-02-18 07:15:00,failed,0.0
A00011151,P011151,escalate,1,2026-04-21 07:43:00,failed,0.0
A00011152,P011152,stop,1,2026-06-01 20:45:00,failed,0.0
A00011153,P011153,stop,1,2026-06-23 13:48:00,failed,0.0
A00011154,P011154,stop,1,2026-06-12 14:39:00,failed,0.0
A00011155,P011155,payment_link,1,2026-06-20 22:17:00,success,2891.79
A00011156,P011156,retry,1,2026-05-03 10:27:00,success,5481.81
A00011157,P011157,escalate,1,2026-01-19 21:58:00,success,2810.76
A00011158,P011158,retry,1,2026-03-26 14:43:00,success,7104.25
A00011159,P011159,payment_link,1,2026-06-06 22:33:00,success,5296.62
A00011160,P011160,payment_link,1,2026-01-08 09:32:00,success,3250.56
A00011161,P011161,message,1,2026-06-03 06:32:00,success,6307.8
A00011162,P011162,payment_link,1,2026-04-02 03:50:00,failed,0.0
A00011163,P011163,payment_link,1,2026-01-19 22:44:00,success,532.56
A00011164,P011164,message,1,2026-05-19 01:30:00,success,437.26
A00011165,P011165,stop,1,2026-04-18 04:33:00,failed,0.0
A00011166,P011166,payment_link,1,2026-02-12 21:33:00,success,1021.24
A00011167,P011167,stop,1,2026-04-30 09:14:00,failed,0.0
A00011168,P011168,stop,1,2026-03-28 18:55:00,failed,0.0
A00011169,P011169,retry,1,2026-01-11 11:17:00,success,3409.01
A00011170,P011170,retry,1,2026-04-08 11:18:00,failed,0.0
A00011171,P011171,retry,1,2026-01-10 18:35:00,failed,0.0
A00011172,P011172,retry,1,2026-01-12 09:09:00,failed,0.0
A00011173,P011173,payment_link,1,2026-03-10 08:02:00,success,946.37
A00011174,P011174,escalate,1,2026-06-20 19:49:00,failed,0.0
A00011175,P011175,escalate,1,2026-05-05 20:00:00,success,668.01
A00011176,P011176,escalate,1,2026-01-11 00:26:00,failed,0.0
A00011177,P011177,message,1,2026-04-14 15:22:00,failed,0.0
A00011178,P011178,payment_link,1,2026-05-05 11:28:00,success,2182.77
A00011179,P011179,stop,1,2026-03-21 21:47:00,failed,0.0
A00011180,P011180,stop,1,2026-04-18 02:46:00,failed,0.0
A00011181,P011181,retry,1,2026-01-17 20:39:00,failed,0.0
A00011182,P011182,escalate,1,2026-03-10 22:39:00,failed,0.0
A00011183,P011183,escalate,1,2026-02-18 00:28:00,failed,0.0
A00011184,P011184,stop,1,2026-02-14 20:46:00,failed,0.0
A00011185,P011185,escalate,1,2026-01-31 03:47:00,success,6477.27
A00011186,P011186,retry,1,2026-02-21 07:49:00,failed,0.0
A00011187,P011187,message,1,2026-03-21 15:17:00,success,1429.87
A00011188,P011188,payment_link,1,2026-02-08 13:41:00,failed,0.0
A00011189,P011189,escalate,1,2026-05-23 16:24:00,success,32621.25
A00011190,P011190,retry,1,2026-04-13 18:03:00,success,1329.15
A00011191,P011191,retry,1,2026-02-17 21:55:00,failed,0.0
A00011192,P011192,escalate,1,2026-06-12 21:50:00,failed,0.0
A00011193,P011193,stop,1,2026-01-14 10:40:00,failed,0.0
A00011194,P011194,retry,1,2026-05-22 11:38:00,failed,0.0
A00011195,P011195,message,1,2026-01-31 07:20:00,success,9724.39
A00011196,P011196,retry,1,2026-01-17 17:20:00,failed,0.0
A00011197,P011197,message,1,2026-04-27 11:19:00,success,19643.02
A00011198,P011198,escalate,1,2026-02-21 20:50:00,success,4753.93
A00011199,P011199,message,1,2026-06-27 07:35:00,failed,0.0
A00011200,P011200,stop,1,2026-05-01 13:59:00,failed,0.0
A00011201,P011201,escalate,1,2026-04-17 08:59:00,success,7343.81
A00011202,P011202,stop,1,2026-01-26 07:10:00,failed,0.0
A00011203,P011203,stop,1,2026-03-09 18:45:00,failed,0.0
A00011204,P011204,stop,1,2026-02-20 10:08:00,failed,0.0
A00011205,P011205,retry,1,2026-02-28 09:22:00,success,4788.8
A00011206,P011206,retry,1,2026-02-04 22:59:00,failed,0.0
A00011207,P011207,stop,1,2026-01-17 14:57:00,failed,0.0
A00011208,P011208,escalate,1,2026-04-09 15:48:00,success,6728.49
A00011209,P011209,message,1,2026-04-09 21:53:00,failed,0.0
A00011210,P011210,payment_link,1,2026-01-18 08:29:00,success,4148.93
A00011211,P011211,escalate,1,2026-06-26 06:35:00,success,1961.26
A00011212,P011212,payment_link,1,2026-02-13 17:39:00,success,1468.33
A00011213,P011213,payment_link,1,2026-04-21 00:43:00,failed,0.0
A00011214,P011214,stop,1,2026-01-20 21:53:00,success,6983.45
A00011215,P011215,stop,1,2026-04-09 02:18:00,failed,0.0
A00011216,P011216,stop,1,2026-05-08 17:09:00,failed,0.0
A00011217,P011217,stop,1,2026-06-29 23:34:00,success,3797.95
A00011218,P011218,stop,1,2026-04-27 01:19:00,failed,0.0
A00011219,P011219,escalate,1,2026-01-12 09:52:00,success,747.09
A00011220,P011220,retry,1,2026-04-11 09:08:00,success,1839.92
A00011221,P011221,payment_link,1,2026-05-26 02:37:00,success,3591.41
A00011222,P011222,message,1,2026-04-08 16:20:00,success,3026.29
A00011223,P011223,escalate,1,2026-04-27 15:52:00,failed,0.0
A00011224,P011224,message,1,2026-02-23 22:28:00,success,443.65
A00011225,P011225,retry,1,2026-02-17 15:24:00,success,2751.72
A00011226,P011226,escalate,1,2026-06-22 19:37:00,failed,0.0
A00011227,P011227,retry,1,2026-03-03 20:33:00,success,4371.85
A00011228,P011228,escalate,1,2026-02-12 08:37:00,failed,0.0
A00011229,P011229,message,1,2026-01-01 02:12:00,failed,0.0
A00011230,P011230,message,1,2026-02-07 08:54:00,failed,0.0
A00011231,P011231,escalate,1,2026-03-25 17:05:00,failed,0.0
A00011232,P011232,payment_link,1,2026-02-07 00:41:00,success,4677.79
A00011233,P011233,payment_link,1,2026-02-19 21:59:00,failed,0.0
A00011234,P011234,payment_link,1,2026-01-08 18:06:00,success,1782.99
A00011235,P011235,payment_link,1,2026-05-02 09:39:00,failed,0.0
A00011236,P011236,retry,1,2026-06-03 02:39:00,success,9514.19
A00011237,P011237,stop,1,2026-05-21 19:23:00,failed,0.0
A00011238,P011238,stop,1,2026-02-09 08:45:00,success,6351.85
A00011239,P011239,escalate,1,2026-02-17 23:43:00,failed,0.0
A00011240,P011240,payment_link,1,2026-04-19 20:27:00,success,2242.78
A00011241,P011241,message,1,2026-05-30 04:41:00,success,1529.43
A00011242,P011242,retry,1,2026-04-30 03:30:00,success,2467.07
A00011243,P011243,message,1,2026-02-23 12:02:00,failed,0.0
A00011244,P011244,stop,1,2026-02-27 18:15:00,failed,0.0
A00011245,P011245,escalate,1,2026-03-03 03:14:00,failed,0.0
A00011246,P011246,stop,1,2026-06-16 22:03:00,failed,0.0
A00011247,P011247,retry,1,2026-02-15 01:15:00,failed,0.0
A00011248,P011248,escalate,1,2026-01-03 08:35:00,failed,0.0
A00011249,P011249,message,1,2026-05-19 03:43:00,failed,0.0
A00011250,P011250,message,1,2026-01-31 12:19:00,success,1789.11
A00011251,P011251,stop,1,2026-02-24 00:12:00,failed,0.0
A00011252,P011252,escalate,1,2026-03-16 19:54:00,success,3931.14
A00011253,P011253,retry,1,2026-02-26 05:01:00,failed,0.0
A00011254,P011254,retry,1,2026-03-05 11:01:00,failed,0.0
A00011255,P011255,message,1,2026-05-27 06:15:00,success,2621.52
A00011256,P011256,stop,1,2026-04-19 07:40:00,failed,0.0
A00011257,P011257,escalate,1,2026-05-13 16:28:00,failed,0.0
A00011258,P011258,payment_link,1,2026-04-03 15:03:00,failed,0.0
A00011259,P011259,escalate,1,2026-03-01 17:42:00,failed,0.0
A00011260,P011260,message,1,2026-01-14 05:34:00,failed,0.0
A00011261,P011261,message,1,2026-02-22 01:13:00,failed,0.0
A00011262,P011262,stop,1,2026-02-09 09:43:00,failed,0.0
A00011263,P011263,escalate,1,2026-03-19 00:30:00,success,3125.27
A00011264,P011264,escalate,1,2026-01-01 03:44:00,success,1299.97
A00011265,P011265,payment_link,1,2026-01-09 08:09:00,success,15147.35
A00011266,P011266,retry,1,2026-02-23 17:08:00,success,2564.34
A00011267,P011267,retry,1,2026-05-22 11:58:00,failed,0.0
A00011268,P011268,escalate,1,2026-05-26 11:52:00,failed,0.0
A00011269,P011269,message,1,2026-02-12 19:23:00,failed,0.0
A00011270,P011270,stop,1,2026-02-15 20:01:00,failed,0.0
A00011271,P011271,stop,1,2026-01-21 03:23:00,failed,0.0
A00011272,P011272,payment_link,1,2026-03-24 02:05:00,failed,0.0
A00011273,P011273,message,1,2026-06-14 01:22:00,success,1475.91
A00011274,P011274,stop,1,2026-06-02 09:27:00,failed,0.0
A00011275,P011275,message,1,2026-03-06 16:51:00,failed,0.0
A00011276,P011276,payment_link,1,2026-03-27 20:01:00,failed,0.0
A00011277,P011277,stop,1,2026-05-14 07:32:00,failed,0.0
A00011278,P011278,retry,1,2026-05-21 18:59:00,failed,0.0
A00011279,P011279,escalate,1,2026-06-08 16:29:00,failed,0.0
A00011280,P011280,escalate,1,2026-01-02 12:32:00,failed,0.0
A00011281,P011281,payment_link,1,2026-04-04 10:30:00,failed,0.0
A00011282,P011282,retry,1,2026-03-14 00:12:00,success,2143.65
A00011283,P011283,payment_link,1,2026-06-27 01:28:00,failed,0.0
A00011284,P011284,message,1,2026-04-29 11:25:00,failed,0.0
A00011285,P011285,payment_link,1,2026-04-20 05:15:00,failed,0.0
A00011286,P011286,message,1,2026-04-30 16:21:00,failed,0.0
A00011287,P011287,payment_link,1,2026-06-03 13:45:00,failed,0.0
A00011288,P011288,escalate,1,2026-01-11 04:32:00,success,1427.66
A00011289,P011289,escalate,1,2026-05-31 06:34:00,failed,0.0
A00011290,P011290,stop,1,2026-03-17 15:15:00,failed,0.0
A00011291,P011291,escalate,1,2026-05-25 04:22:00,success,33458.46
A00011292,P011292,payment_link,1,2026-05-13 17:49:00,failed,0.0
A00011293,P011293,stop,1,2026-06-21 19:45:00,failed,0.0
A00011294,P011294,retry,1,2026-01-07 11:15:00,success,1089.64
A00011295,P011295,escalate,1,2026-06-12 14:02:00,success,467.29
A00011296,P011296,stop,1,2026-02-13 03:30:00,failed,0.0
A00011297,P011297,payment_link,1,2026-05-23 11:05:00,success,21710.09
A00011298,P011298,stop,1,2026-05-28 23:46:00,failed,0.0
A00011299,P011299,retry,1,2026-06-09 14:47:00,success,3491.79
A00011300,P011300,payment_link,1,2026-05-06 06:24:00,success,1500.24
A00011301,P011301,stop,1,2026-01-01 16:29:00,failed,0.0
A00011302,P011302,message,1,2026-04-05 04:51:00,success,3672.92
A00011303,P011303,stop,1,2026-06-29 18:06:00,failed,0.0
A00011304,P011304,stop,1,2026-02-26 08:02:00,failed,0.0
A00011305,P011305,stop,1,2026-02-11 12:25:00,failed,0.0
A00011306,P011306,message,1,2026-03-20 21:39:00,failed,0.0
A00011307,P011307,stop,1,2026-05-27 07:30:00,failed,0.0
A00011308,P011308,payment_link,1,2026-01-06 03:40:00,failed,0.0
A00011309,P011309,escalate,1,2026-03-31 03:57:00,failed,0.0
A00011310,P011310,escalate,1,2026-03-18 02:02:00,failed,0.0
A00011311,P011311,stop,1,2026-04-03 05:43:00,failed,0.0
A00011312,P011312,retry,1,2026-06-29 06:20:00,failed,0.0
A00011313,P011313,escalate,1,2026-06-05 12:14:00,success,30740.37
A00011314,P011314,escalate,1,2026-05-29 11:49:00,success,1931.33
A00011315,P011315,escalate,1,2026-05-12 12:32:00,success,4755.95
A00011316,P011316,payment_link,1,2026-04-27 10:19:00,failed,0.0
A00011317,P011317,retry,1,2026-02-27 12:05:00,failed,0.0
A00011318,P011318,message,1,2026-05-18 05:25:00,failed,0.0
A00011319,P011319,stop,1,2026-01-02 07:18:00,failed,0.0
A00011320,P011320,message,1,2026-03-12 03:13:00,success,3042.36
A00011321,P011321,payment_link,1,2026-02-07 17:25:00,failed,0.0
A00011322,P011322,message,1,2026-05-18 02:50:00,failed,0.0
A00011323,P011323,escalate,1,2026-03-23 06:50:00,success,7742.57
A00011324,P011324,retry,1,2026-05-29 07:45:00,failed,0.0
A00011325,P011325,payment_link,1,2026-02-17 17:39:00,success,33484.13
A00011326,P011326,stop,1,2026-03-01 13:32:00,success,1234.76
A00011327,P011327,retry,1,2026-05-23 22:53:00,failed,0.0
A00011328,P011328,escalate,1,2026-06-23 02:11:00,failed,0.0
A00011329,P011329,message,1,2026-02-14 21:04:00,failed,0.0
A00011330,P011330,escalate,1,2026-06-05 13:07:00,success,4192.86
A00011331,P011331,retry,1,2026-03-14 05:59:00,success,2073.24
A00011332,P011332,retry,1,2026-03-30 15:58:00,success,4811.28
A00011333,P011333,payment_link,1,2026-06-14 06:32:00,success,4402.28
A00011334,P011334,escalate,1,2026-02-02 15:03:00,success,7351.36
A00011335,P011335,payment_link,1,2026-03-23 07:44:00,failed,0.0
A00011336,P011336,stop,1,2026-01-13 08:30:00,failed,0.0
A00011337,P011337,retry,1,2026-06-27 01:46:00,failed,0.0
A00011338,P011338,escalate,1,2026-05-01 02:27:00,success,13660.54
A00011339,P011339,payment_link,1,2026-04-05 15:01:00,failed,0.0
A00011340,P011340,stop,1,2026-04-20 02:10:00,failed,0.0
A00011341,P011341,escalate,1,2026-02-14 03:57:00,success,4343.24
A00011342,P011342,message,1,2026-01-28 20:45:00,failed,0.0
A00011343,P011343,escalate,1,2026-03-11 03:54:00,failed,0.0
A00011344,P011344,payment_link,1,2026-01-20 07:28:00,failed,0.0
A00011345,P011345,payment_link,1,2026-01-07 00:49:00,success,5101.76
A00011346,P011346,escalate,1,2026-01-16 00:33:00,failed,0.0
A00011347,P011347,message,1,2026-02-07 23:40:00,success,3417.32
A00011348,P011348,payment_link,1,2026-03-22 18:06:00,failed,0.0
A00011349,P011349,stop,1,2026-02-22 12:59:00,failed,0.0
A00011350,P011350,message,1,2026-06-27 02:04:00,failed,0.0
A00011351,P011351,escalate,1,2026-02-03 16:41:00,failed,0.0
A00011352,P011352,escalate,1,2026-05-10 09:35:00,failed,0.0
A00011353,P011353,payment_link,1,2026-06-19 17:01:00,failed,0.0
A00011354,P011354,stop,1,2026-01-27 06:34:00,failed,0.0
A00011355,P011355,message,1,2026-06-07 01:05:00,failed,0.0
A00011356,P011356,escalate,1,2026-01-30 11:47:00,failed,0.0
A00011357,P011357,escalate,1,2026-06-29 04:28:00,success,2550.03
A00011358,P011358,escalate,1,2026-03-10 16:10:00,success,2691.54
A00011359,P011359,stop,1,2026-03-08 21:17:00,failed,0.0
A00011360,P011360,message,1,2026-02-18 22:47:00,failed,0.0
A00011361,P011361,message,1,2026-02-22 13:59:00,success,19917.85
A00011362,P011362,message,1,2026-02-28 11:11:00,failed,0.0
A00011363,P011363,payment_link,1,2026-06-15 09:00:00,success,10856.96
A00011364,P011364,escalate,1,2026-04-22 04:55:00,failed,0.0
A00011365,P011365,escalate,1,2026-04-15 14:57:00,success,21796.3
A00011366,P011366,message,1,2026-03-16 13:30:00,failed,0.0
A00011367,P011367,payment_link,1,2026-04-02 07:46:00,failed,0.0
A00011368,P011368,stop,1,2026-04-26 07:37:00,failed,0.0
A00011369,P011369,payment_link,1,2026-04-21 00:40:00,failed,0.0
A00011370,P011370,payment_link,1,2026-04-12 05:35:00,failed,0.0
A00011371,P011371,escalate,1,2026-04-25 11:58:00,failed,0.0
A00011372,P011372,retry,1,2026-06-08 07:41:00,success,2588.71
A00011373,P011373,message,1,2026-06-01 03:18:00,success,4261.97
A00011374,P011374,payment_link,1,2026-02-03 21:51:00,failed,0.0
A00011375,P011375,payment_link,1,2026-05-26 08:32:00,failed,0.0
A00011376,P011376,payment_link,1,2026-03-26 21:57:00,failed,0.0
A00011377,P011377,retry,1,2026-02-05 16:25:00,failed,0.0
A00011378,P011378,payment_link,1,2026-03-22 03:31:00,success,17870.51
A00011379,P011379,retry,1,2026-01-31 11:04:00,failed,0.0
A00011380,P011380,retry,1,2026-06-06 16:26:00,failed,0.0
A00011381,P011381,retry,1,2026-01-16 22:32:00,failed,0.0
A00011382,P011382,stop,1,2026-03-11 18:30:00,failed,0.0
A00011383,P011383,payment_link,1,2026-01-06 04:57:00,failed,0.0
A00011384,P011384,retry,1,2026-01-13 05:44:00,success,1737.15
A00011385,P011385,payment_link,1,2026-03-18 17:56:00,failed,0.0
A00011386,P011386,payment_link,1,2026-01-02 11:22:00,success,1195.59
A00011387,P011387,payment_link,1,2026-04-18 12:48:00,failed,0.0
A00011388,P011388,retry,1,2026-02-07 01:04:00,success,7654.89
A00011389,P011389,payment_link,1,2026-04-28 18:25:00,success,1536.79
A00011390,P011390,retry,1,2026-03-21 18:39:00,failed,0.0
A00011391,P011391,message,1,2026-03-03 05:48:00,success,2529.21
A00011392,P011392,retry,1,2026-05-24 20:14:00,failed,0.0
A00011393,P011393,retry,1,2026-01-17 00:39:00,success,871.08
A00011394,P011394,stop,1,2026-03-27 04:52:00,failed,0.0
A00011395,P011395,escalate,1,2026-03-31 20:55:00,failed,0.0
A00011396,P011396,payment_link,1,2026-05-08 16:59:00,failed,0.0
A00011397,P011397,retry,1,2026-03-02 13:05:00,success,1010.3
A00011398,P011398,payment_link,1,2026-02-12 07:08:00,failed,0.0
A00011399,P011399,stop,1,2026-05-08 04:58:00,failed,0.0
A00011400,P011400,retry,1,2026-05-29 14:47:00,success,2363.89
A00011401,P011401,stop,1,2026-01-24 10:12:00,failed,0.0
A00011402,P011402,payment_link,1,2026-03-02 16:24:00,failed,0.0
A00011403,P011403,stop,1,2026-02-04 11:29:00,failed,0.0
A00011404,P011404,retry,1,2026-03-11 17:17:00,failed,0.0
A00011405,P011405,stop,1,2026-03-24 04:50:00,failed,0.0
A00011406,P011406,retry,1,2026-04-18 00:10:00,failed,0.0
A00011407,P011407,payment_link,1,2026-01-25 03:54:00,failed,0.0
A00011408,P011408,retry,1,2026-05-12 16:51:00,success,991.9
A00011409,P011409,escalate,1,2026-04-07 08:42:00,failed,0.0
A00011410,P011410,payment_link,1,2026-05-17 14:39:00,success,1751.77
A00011411,P011411,retry,1,2026-05-11 04:17:00,failed,0.0
A00011412,P011412,message,1,2026-06-24 07:59:00,failed,0.0
A00011413,P011413,message,1,2026-05-20 17:41:00,failed,0.0
A00011414,P011414,escalate,1,2026-01-04 18:24:00,failed,0.0
A00011415,P011415,message,1,2026-01-12 20:36:00,success,5115.85
A00011416,P011416,message,1,2026-05-21 11:24:00,failed,0.0
A00011417,P011417,retry,1,2026-05-30 08:25:00,success,1177.67
A00011418,P011418,message,1,2026-05-08 22:13:00,failed,0.0
A00011419,P011419,escalate,1,2026-01-14 20:00:00,failed,0.0
A00011420,P011420,retry,1,2026-01-15 23:46:00,success,5823.63
A00011421,P011421,payment_link,1,2026-06-20 22:31:00,failed,0.0
A00011422,P011422,retry,1,2026-02-21 16:43:00,success,4373.27
A00011423,P011423,message,1,2026-04-24 23:42:00,failed,0.0
A00011424,P011424,escalate,1,2026-01-25 16:31:00,failed,0.0
A00011425,P011425,stop,1,2026-06-05 07:36:00,failed,0.0
A00011426,P011426,stop,1,2026-02-27 09:17:00,failed,0.0
A00011427,P011427,escalate,1,2026-02-08 02:19:00,failed,0.0
A00011428,P011428,stop,1,2026-04-15 01:13:00,failed,0.0
A00011429,P011429,payment_link,1,2026-03-22 16:49:00,failed,0.0
A00011430,P011430,payment_link,1,2026-01-14 18:32:00,failed,0.0
A00011431,P011431,message,1,2026-05-23 11:01:00,failed,0.0
A00011432,P011432,message,1,2026-01-30 12:11:00,failed,0.0
A00011433,P011433,payment_link,1,2026-05-02 14:11:00,success,640.55
A00011434,P011434,retry,1,2026-05-25 20:22:00,success,2225.75
A00011435,P011435,escalate,1,2026-02-17 23:21:00,success,4696.39
A00011436,P011436,payment_link,1,2026-04-02 05:10:00,failed,0.0
A00011437,P011437,escalate,1,2026-05-30 04:54:00,failed,0.0
A00011438,P011438,retry,1,2026-04-07 03:17:00,failed,0.0
A00011439,P011439,message,1,2026-02-09 19:37:00,failed,0.0
A00011440,P011440,escalate,1,2026-03-27 00:15:00,success,3765.59
A00011441,P011441,retry,1,2026-01-09 18:34:00,failed,0.0
A00011442,P011442,retry,1,2026-03-09 14:45:00,success,2906.99
A00011443,P011443,message,1,2026-06-26 15:06:00,failed,0.0
A00011444,P011444,payment_link,1,2026-04-26 05:09:00,success,6464.0
A00011445,P011445,retry,1,2026-03-31 01:50:00,failed,0.0
A00011446,P011446,escalate,1,2026-02-08 14:44:00,failed,0.0
A00011447,P011447,stop,1,2026-03-16 07:15:00,failed,0.0
A00011448,P011448,payment_link,1,2026-05-03 01:20:00,failed,0.0
A00011449,P011449,stop,1,2026-06-26 08:36:00,failed,0.0
A00011450,P011450,escalate,1,2026-03-25 01:42:00,failed,0.0
A00011451,P011451,message,1,2026-04-14 19:18:00,success,2070.3
A00011452,P011452,stop,1,2026-03-20 10:26:00,failed,0.0
A00011453,P011453,stop,1,2026-01-02 21:34:00,failed,0.0
A00011454,P011454,message,1,2026-06-06 11:24:00,failed,0.0
A00011455,P011455,message,1,2026-02-06 19:34:00,failed,0.0
A00011456,P011456,message,1,2026-06-19 21:47:00,failed,0.0
A00011457,P011457,payment_link,1,2026-05-23 19:48:00,failed,0.0
A00011458,P011458,retry,1,2026-04-18 10:47:00,failed,0.0
A00011459,P011459,escalate,1,2026-06-25 15:36:00,success,9882.82
A00011460,P011460,retry,1,2026-06-13 07:30:00,success,4156.58
A00011461,P011461,message,1,2026-03-20 20:44:00,failed,0.0
A00011462,P011462,stop,1,2026-06-10 13:37:00,failed,0.0
A00011463,P011463,retry,1,2026-06-12 08:12:00,success,3252.06
A00011464,P011464,payment_link,1,2026-03-16 00:32:00,success,1038.13
A00011465,P011465,stop,1,2026-04-07 23:26:00,failed,0.0
A00011466,P011466,retry,1,2026-05-26 20:02:00,failed,0.0
A00011467,P011467,message,1,2026-01-02 17:56:00,success,4347.6
A00011468,P011468,stop,1,2026-03-03 04:05:00,failed,0.0
A00011469,P011469,payment_link,1,2026-02-18 03:21:00,success,340.42
A00011470,P011470,escalate,1,2026-04-09 15:23:00,failed,0.0
A00011471,P011471,payment_link,1,2026-01-12 18:36:00,success,577.85
A00011472,P011472,stop,1,2026-03-10 13:05:00,failed,0.0
A00011473,P011473,retry,1,2026-02-01 19:35:00,success,3315.37
A00011474,P011474,escalate,1,2026-05-05 15:46:00,success,3155.84
A00011475,P011475,escalate,1,2026-04-23 16:31:00,success,1305.74
A00011476,P011476,payment_link,1,2026-05-16 06:34:00,success,882.84
A00011477,P011477,stop,1,2026-04-10 03:24:00,failed,0.0
A00011478,P011478,retry,1,2026-02-15 22:56:00,success,10731.45
A00011479,P011479,payment_link,1,2026-01-30 16:16:00,success,865.73
A00011480,P011480,payment_link,1,2026-05-01 05:27:00,failed,0.0
A00011481,P011481,escalate,1,2026-01-03 20:06:00,failed,0.0
A00011482,P011482,retry,1,2026-03-07 23:49:00,failed,0.0
A00011483,P011483,payment_link,1,2026-06-10 09:00:00,success,5587.46
A00011484,P011484,retry,1,2026-06-01 03:12:00,failed,0.0
A00011485,P011485,retry,1,2026-06-28 12:01:00,success,5484.48
A00011486,P011486,stop,1,2026-04-17 06:09:00,failed,0.0
A00011487,P011487,message,1,2026-05-31 18:36:00,failed,0.0
A00011488,P011488,retry,1,2026-01-04 01:57:00,failed,0.0
A00011489,P011489,escalate,1,2026-06-07 06:20:00,success,2084.81
A00011490,P011490,payment_link,1,2026-05-29 09:55:00,success,11207.83
A00011491,P011491,retry,1,2026-02-12 02:24:00,failed,0.0
A00011492,P011492,stop,1,2026-02-19 21:45:00,failed,0.0
A00011493,P011493,escalate,1,2026-02-21 16:42:00,success,14667.94
A00011494,P011494,stop,1,2026-05-20 06:51:00,failed,0.0
A00011495,P011495,escalate,1,2026-05-20 07:45:00,failed,0.0
A00011496,P011496,stop,1,2026-04-21 08:58:00,failed,0.0
A00011497,P011497,retry,1,2026-01-05 11:03:00,success,6780.27
A00011498,P011498,retry,1,2026-02-15 08:18:00,failed,0.0
A00011499,P011499,retry,1,2026-06-20 17:07:00,success,3788.55
A00011500,P011500,message,1,2026-03-08 10:38:00,failed,0.0
A00011501,P011501,escalate,1,2026-02-20 11:09:00,failed,0.0
A00011502,P011502,payment_link,1,2026-04-11 07:05:00,failed,0.0
A00011503,P011503,retry,1,2026-04-26 08:02:00,failed,0.0
A00011504,P011504,payment_link,1,2026-01-19 09:53:00,failed,0.0
A00011505,P011505,payment_link,1,2026-05-08 04:39:00,success,1824.73
A00011506,P011506,payment_link,1,2026-02-10 02:18:00,success,560.06
A00011507,P011507,payment_link,1,2026-02-08 17:37:00,failed,0.0
A00011508,P011508,payment_link,1,2026-04-03 04:25:00,success,4587.32
A00011509,P011509,payment_link,1,2026-05-06 15:28:00,success,901.09
A00011510,P011510,retry,1,2026-02-17 10:36:00,failed,0.0
A00011511,P011511,message,1,2026-04-20 01:15:00,success,3743.83
A00011512,P011512,message,1,2026-05-29 07:35:00,success,1488.35
A00011513,P011513,payment_link,1,2026-02-05 19:37:00,success,4939.95
A00011514,P011514,payment_link,1,2026-01-24 07:25:00,success,4137.91
A00011515,P011515,retry,1,2026-01-01 14:10:00,success,1776.21
A00011516,P011516,retry,1,2026-04-17 12:46:00,success,3309.43
A00011517,P011517,stop,1,2026-05-17 14:48:00,failed,0.0
A00011518,P011518,retry,1,2026-03-31 00:39:00,failed,0.0
A00011519,P011519,payment_link,1,2026-03-03 18:23:00,failed,0.0
A00011520,P011520,message,1,2026-02-28 16:29:00,failed,0.0
A00011521,P011521,stop,1,2026-03-04 20:58:00,failed,0.0
A00011522,P011522,payment_link,1,2026-06-15 22:05:00,failed,0.0
A00011523,P011523,retry,1,2026-04-14 16:19:00,success,4248.14
A00011524,P011524,escalate,1,2026-06-25 21:36:00,success,7816.56
A00011525,P011525,escalate,1,2026-05-08 09:23:00,success,5233.14
A00011526,P011526,payment_link,1,2026-03-15 16:08:00,failed,0.0
A00011527,P011527,retry,1,2026-04-14 22:53:00,failed,0.0
A00011528,P011528,escalate,1,2026-01-17 03:46:00,failed,0.0
A00011529,P011529,stop,1,2026-05-26 11:52:00,failed,0.0
A00011530,P011530,stop,1,2026-01-03 17:48:00,failed,0.0
A00011531,P011531,stop,1,2026-03-11 10:20:00,failed,0.0
A00011532,P011532,stop,1,2026-05-21 17:12:00,success,3183.59
A00011533,P011533,escalate,1,2026-05-21 17:15:00,success,5946.1
A00011534,P011534,retry,1,2026-02-17 13:25:00,failed,0.0
A00011535,P011535,stop,1,2026-02-08 13:00:00,failed,0.0
A00011536,P011536,message,1,2026-05-27 11:44:00,failed,0.0
A00011537,P011537,payment_link,1,2026-02-22 02:00:00,success,607.32
A00011538,P011538,retry,1,2026-05-19 04:27:00,success,2111.68
A00011539,P011539,retry,1,2026-01-26 16:08:00,success,5150.19
A00011540,P011540,message,1,2026-05-25 05:10:00,failed,0.0
A00011541,P011541,payment_link,1,2026-01-14 16:48:00,success,8390.2
A00011542,P011542,payment_link,1,2026-03-26 05:22:00,success,1481.13
A00011543,P011543,payment_link,1,2026-05-29 23:56:00,success,1102.97
A00011544,P011544,payment_link,1,2026-03-09 03:30:00,failed,0.0
A00011545,P011545,retry,1,2026-03-18 05:53:00,success,13139.3
A00011546,P011546,message,1,2026-01-27 07:33:00,failed,0.0
A00011547,P011547,retry,1,2026-02-12 12:21:00,failed,0.0
A00011548,P011548,stop,1,2026-02-06 16:52:00,failed,0.0
A00011549,P011549,retry,1,2026-03-15 10:09:00,failed,0.0
A00011550,P011550,message,1,2026-03-11 13:06:00,success,4695.41
A00011551,P011551,retry,1,2026-01-31 13:56:00,success,6800.52
A00011552,P011552,stop,1,2026-05-25 07:38:00,failed,0.0
A00011553,P011553,retry,1,2026-01-25 14:33:00,failed,0.0
A00011554,P011554,retry,1,2026-05-02 03:07:00,failed,0.0
A00011555,P011555,payment_link,1,2026-01-18 23:40:00,failed,0.0
A00011556,P011556,stop,1,2026-05-09 12:50:00,failed,0.0
A00011557,P011557,payment_link,1,2026-04-16 06:46:00,failed,0.0
A00011558,P011558,payment_link,1,2026-01-11 23:45:00,success,660.48
A00011559,P011559,message,1,2026-03-01 20:27:00,success,2457.82
A00011560,P011560,message,1,2026-04-09 11:40:00,failed,0.0
A00011561,P011561,escalate,1,2026-04-04 12:36:00,failed,0.0
A00011562,P011562,escalate,1,2026-04-22 10:58:00,success,2475.58
A00011563,P011563,stop,1,2026-06-21 04:32:00,failed,0.0
A00011564,P011564,stop,1,2026-05-08 16:41:00,failed,0.0
A00011565,P011565,message,1,2026-06-17 04:52:00,failed,0.0
A00011566,P011566,escalate,1,2026-02-14 05:58:00,success,3680.66
A00011567,P011567,retry,1,2026-02-15 19:47:00,failed,0.0
A00011568,P011568,retry,1,2026-04-04 17:25:00,failed,0.0
A00011569,P011569,stop,1,2026-01-15 08:07:00,failed,0.0
A00011570,P011570,stop,1,2026-04-29 00:33:00,failed,0.0
A00011571,P011571,retry,1,2026-02-25 21:56:00,success,3335.2
A00011572,P011572,stop,1,2026-04-12 14:08:00,failed,0.0
A00011573,P011573,stop,1,2026-05-22 16:36:00,failed,0.0
A00011574,P011574,message,1,2026-03-20 13:24:00,failed,0.0
A00011575,P011575,retry,1,2026-04-21 07:38:00,failed,0.0
A00011576,P011576,payment_link,1,2026-06-27 15:20:00,success,2197.28
A00011577,P011577,payment_link,1,2026-04-18 07:06:00,success,859.19
A00011578,P011578,retry,1,2026-05-19 09:01:00,failed,0.0
A00011579,P011579,payment_link,1,2026-06-16 01:14:00,success,2204.16
A00011580,P011580,escalate,1,2026-05-29 14:15:00,success,7307.16
A00011581,P011581,escalate,1,2026-02-22 06:22:00,success,2553.72
A00011582,P011582,message,1,2026-02-24 19:48:00,success,25366.68
A00011583,P011583,message,1,2026-01-07 08:32:00,failed,0.0
A00011584,P011584,escalate,1,2026-05-10 11:19:00,failed,0.0
A00011585,P011585,retry,1,2026-01-05 22:10:00,success,1635.51
A00011586,P011586,stop,1,2026-02-09 12:31:00,failed,0.0
A00011587,P011587,stop,1,2026-02-08 05:36:00,failed,0.0
A00011588,P011588,payment_link,1,2026-04-22 11:04:00,success,6931.84
A00011589,P011589,stop,1,2026-03-20 23:25:00,failed,0.0
A00011590,P011590,payment_link,1,2026-06-18 13:37:00,failed,0.0
A00011591,P011591,payment_link,1,2026-05-07 14:28:00,failed,0.0
A00011592,P011592,message,1,2026-02-15 14:31:00,success,10359.04
A00011593,P011593,stop,1,2026-05-02 07:22:00,failed,0.0
A00011594,P011594,stop,1,2026-04-15 14:14:00,failed,0.0
A00011595,P011595,retry,1,2026-03-05 11:36:00,failed,0.0
A00011596,P011596,retry,1,2026-03-27 00:25:00,success,5575.16
A00011597,P011597,message,1,2026-04-02 15:59:00,failed,0.0
A00011598,P011598,payment_link,1,2026-06-09 14:28:00,failed,0.0
A00011599,P011599,message,1,2026-04-06 07:14:00,failed,0.0
A00011600,P011600,message,1,2026-04-08 16:15:00,failed,0.0
A00011601,P011601,retry,1,2026-05-18 03:09:00,failed,0.0
A00011602,P011602,message,1,2026-05-05 00:56:00,failed,0.0
A00011603,P011603,payment_link,1,2026-02-03 18:11:00,success,4414.1
A00011604,P011604,retry,1,2026-01-15 05:41:00,success,10102.9
A00011605,P011605,escalate,1,2026-03-03 07:14:00,failed,0.0
A00011606,P011606,payment_link,1,2026-02-12 20:33:00,failed,0.0
A00011607,P011607,payment_link,1,2026-05-04 10:29:00,success,1515.45
A00011608,P011608,payment_link,1,2026-01-24 14:45:00,failed,0.0
A00011609,P011609,message,1,2026-01-30 23:57:00,failed,0.0
A00011610,P011610,retry,1,2026-02-18 16:45:00,failed,0.0
A00011611,P011611,message,1,2026-05-05 20:46:00,success,5596.24
A00011612,P011612,payment_link,1,2026-01-31 12:51:00,success,742.39
A00011613,P011613,stop,1,2026-01-15 11:56:00,failed,0.0
A00011614,P011614,message,1,2026-01-17 03:06:00,success,1293.8
A00011615,P011615,message,1,2026-04-20 09:18:00,success,1454.45
A00011616,P011616,retry,1,2026-02-05 01:52:00,success,4174.9
A00011617,P011617,payment_link,1,2026-02-15 10:09:00,failed,0.0
A00011618,P011618,stop,1,2026-04-23 06:39:00,success,6171.84
A00011619,P011619,message,1,2026-04-12 07:18:00,failed,0.0
A00011620,P011620,payment_link,1,2026-05-05 10:23:00,success,703.0
A00011621,P011621,payment_link,1,2026-01-04 19:15:00,success,1307.55
A00011622,P011622,message,1,2026-04-09 02:50:00,failed,0.0
A00011623,P011623,retry,1,2026-01-13 08:22:00,failed,0.0
A00011624,P011624,payment_link,1,2026-04-19 09:32:00,success,3543.58
A00011625,P011625,stop,1,2026-01-02 20:50:00,success,4427.7
A00011626,P011626,message,1,2026-01-03 11:04:00,success,5873.1
A00011627,P011627,escalate,1,2026-01-05 23:29:00,failed,0.0
A00011628,P011628,payment_link,1,2026-01-31 17:12:00,failed,0.0
A00011629,P011629,escalate,1,2026-05-27 20:30:00,failed,0.0
A00011630,P011630,stop,1,2026-03-11 21:24:00,failed,0.0
A00011631,P011631,payment_link,1,2026-06-20 15:51:00,success,5413.28
A00011632,P011632,retry,1,2026-01-30 16:40:00,failed,0.0
A00011633,P011633,retry,1,2026-04-25 15:43:00,failed,0.0
A00011634,P011634,message,1,2026-03-09 03:55:00,failed,0.0
A00011635,P011635,payment_link,1,2026-04-11 09:39:00,success,1636.85
A00011636,P011636,retry,1,2026-03-25 05:58:00,success,5312.63
A00011637,P011637,payment_link,1,2026-02-12 23:54:00,failed,0.0
A00011638,P011638,message,1,2026-04-01 07:48:00,failed,0.0
A00011639,P011639,escalate,1,2026-03-19 19:15:00,failed,0.0
A00011640,P011640,stop,1,2026-03-14 01:56:00,failed,0.0
A00011641,P011641,payment_link,1,2026-06-13 08:27:00,failed,0.0
A00011642,P011642,stop,1,2026-03-27 00:34:00,failed,0.0
A00011643,P011643,payment_link,1,2026-06-07 01:27:00,failed,0.0
A00011644,P011644,message,1,2026-03-22 01:13:00,failed,0.0
A00011645,P011645,escalate,1,2026-04-17 03:02:00,failed,0.0
A00011646,P011646,message,1,2026-04-06 19:12:00,failed,0.0
A00011647,P011647,message,1,2026-05-13 18:33:00,failed,0.0
A00011648,P011648,stop,1,2026-03-26 08:14:00,failed,0.0
A00011649,P011649,stop,1,2026-06-07 02:40:00,failed,0.0
A00011650,P011650,message,1,2026-02-17 17:44:00,success,3762.03
A00011651,P011651,payment_link,1,2026-03-19 04:21:00,failed,0.0
A00011652,P011652,escalate,1,2026-03-19 23:56:00,failed,0.0
A00011653,P011653,message,1,2026-01-08 22:26:00,failed,0.0
A00011654,P011654,escalate,1,2026-05-13 12:09:00,failed,0.0
A00011655,P011655,retry,1,2026-03-31 06:45:00,failed,0.0
A00011656,P011656,escalate,1,2026-04-19 20:23:00,success,7163.95
A00011657,P011657,message,1,2026-01-05 04:01:00,success,2278.15
A00011658,P011658,payment_link,1,2026-02-01 23:49:00,failed,0.0
A00011659,P011659,retry,1,2026-02-27 10:14:00,failed,0.0
A00011660,P011660,escalate,1,2026-02-06 15:30:00,success,29395.79
A00011661,P011661,stop,1,2026-03-01 10:37:00,failed,0.0
A00011662,P011662,payment_link,1,2026-01-13 12:16:00,failed,0.0
A00011663,P011663,message,1,2026-06-12 05:21:00,failed,0.0
A00011664,P011664,retry,1,2026-03-31 01:59:00,failed,0.0
A00011665,P011665,stop,1,2026-03-31 07:56:00,failed,0.0
A00011666,P011666,payment_link,1,2026-01-31 03:12:00,success,614.57
A00011667,P011667,stop,1,2026-04-21 02:08:00,failed,0.0
A00011668,P011668,message,1,2026-06-14 10:51:00,success,2546.06
A00011669,P011669,message,1,2026-05-20 05:15:00,failed,0.0
A00011670,P011670,payment_link,1,2026-03-10 19:02:00,failed,0.0
A00011671,P011671,payment_link,1,2026-01-27 23:57:00,success,1527.94
A00011672,P011672,payment_link,1,2026-03-14 16:35:00,failed,0.0
A00011673,P011673,escalate,1,2026-03-25 06:19:00,failed,0.0
A00011674,P011674,retry,1,2026-04-08 15:08:00,failed,0.0
A00011675,P011675,stop,1,2026-04-13 08:46:00,failed,0.0
A00011676,P011676,stop,1,2026-03-28 17:22:00,failed,0.0
A00011677,P011677,stop,1,2026-03-31 10:10:00,failed,0.0
A00011678,P011678,escalate,1,2026-06-03 12:27:00,failed,0.0
A00011679,P011679,stop,1,2026-02-13 03:02:00,failed,0.0
A00011680,P011680,stop,1,2026-03-11 02:59:00,failed,0.0
A00011681,P011681,payment_link,1,2026-02-03 16:32:00,success,946.39
A00011682,P011682,escalate,1,2026-05-28 00:36:00,success,4816.88
A00011683,P011683,payment_link,1,2026-03-04 20:05:00,failed,0.0
A00011684,P011684,retry,1,2026-05-07 00:19:00,failed,0.0
A00011685,P011685,message,1,2026-05-06 02:59:00,failed,0.0
A00011686,P011686,payment_link,1,2026-06-25 21:50:00,success,668.32
A00011687,P011687,retry,1,2026-02-01 04:44:00,failed,0.0
A00011688,P011688,retry,1,2026-05-20 19:41:00,failed,0.0
A00011689,P011689,stop,1,2026-04-28 18:05:00,failed,0.0
A00011690,P011690,escalate,1,2026-04-19 08:58:00,failed,0.0
A00011691,P011691,escalate,1,2026-04-23 23:48:00,success,2386.04
A00011692,P011692,message,1,2026-03-04 08:15:00,failed,0.0
A00011693,P011693,stop,1,2026-03-17 02:40:00,failed,0.0
A00011694,P011694,retry,1,2026-04-01 17:57:00,success,4157.76
A00011695,P011695,retry,1,2026-06-19 06:28:00,failed,0.0
A00011696,P011696,message,1,2026-05-29 19:17:00,success,48480.01
A00011697,P011697,payment_link,1,2026-04-10 08:32:00,success,1541.15
A00011698,P011698,stop,1,2026-04-10 03:37:00,failed,0.0
A00011699,P011699,message,1,2026-05-17 17:09:00,success,1091.71
A00011700,P011700,payment_link,1,2026-04-02 05:53:00,success,5274.99
A00011701,P011701,stop,1,2026-04-29 14:03:00,failed,0.0
A00011702,P011702,stop,1,2026-01-27 18:10:00,success,10694.04
A00011703,P011703,message,1,2026-06-16 04:47:00,success,8195.87
A00011704,P011704,retry,1,2026-05-18 03:24:00,success,817.09
A00011705,P011705,payment_link,1,2026-04-16 15:44:00,success,21443.82
A00011706,P011706,stop,1,2026-05-08 06:05:00,failed,0.0
A00011707,P011707,message,1,2026-01-07 16:54:00,success,2560.5
A00011708,P011708,stop,1,2026-01-15 07:51:00,failed,0.0
A00011709,P011709,payment_link,1,2026-05-23 09:39:00,failed,0.0
A00011710,P011710,payment_link,1,2026-05-27 22:47:00,failed,0.0
A00011711,P011711,stop,1,2026-02-27 03:16:00,failed,0.0
A00011712,P011712,retry,1,2026-01-19 00:44:00,success,1460.96
A00011713,P011713,escalate,1,2026-03-03 19:39:00,failed,0.0
A00011714,P011714,message,1,2026-01-29 19:31:00,failed,0.0
A00011715,P011715,stop,1,2026-03-24 12:08:00,failed,0.0
A00011716,P011716,retry,1,2026-04-13 13:36:00,failed,0.0
A00011717,P011717,payment_link,1,2026-06-09 02:24:00,failed,0.0
A00011718,P011718,message,1,2026-04-04 12:44:00,success,7182.84
A00011719,P011719,retry,1,2026-04-28 13:10:00,failed,0.0
A00011720,P011720,retry,1,2026-04-19 18:54:00,success,1538.38
A00011721,P011721,payment_link,1,2026-02-23 11:05:00,success,2355.38
A00011722,P011722,escalate,1,2026-03-27 08:08:00,success,7080.5
A00011723,P011723,escalate,1,2026-03-13 07:55:00,success,31728.47
A00011724,P011724,stop,1,2026-06-20 18:45:00,failed,0.0
A00011725,P011725,message,1,2026-02-25 17:14:00,failed,0.0
A00011726,P011726,escalate,1,2026-03-05 05:38:00,failed,0.0
A00011727,P011727,message,1,2026-06-29 01:59:00,failed,0.0
A00011728,P011728,payment_link,1,2026-03-27 07:31:00,success,2642.33
A00011729,P011729,escalate,1,2026-04-29 23:29:00,success,5493.83
A00011730,P011730,escalate,1,2026-03-16 11:08:00,failed,0.0
A00011731,P011731,retry,1,2026-03-12 20:12:00,success,2207.24
A00011732,P011732,escalate,1,2026-03-16 06:23:00,success,2701.69
A00011733,P011733,escalate,1,2026-02-13 12:23:00,success,3734.41
A00011734,P011734,stop,1,2026-02-27 12:48:00,failed,0.0
A00011735,P011735,retry,1,2026-05-09 15:39:00,failed,0.0
A00011736,P011736,stop,1,2026-02-09 11:23:00,failed,0.0
A00011737,P011737,escalate,1,2026-06-27 05:03:00,success,8419.48
A00011738,P011738,stop,1,2026-06-22 07:00:00,failed,0.0
A00011739,P011739,stop,1,2026-02-18 16:30:00,failed,0.0
A00011740,P011740,escalate,1,2026-05-03 23:42:00,failed,0.0
A00011741,P011741,retry,1,2026-05-23 22:58:00,success,1503.47
A00011742,P011742,retry,1,2026-02-06 04:38:00,failed,0.0
A00011743,P011743,payment_link,1,2026-05-11 10:16:00,success,2027.21
A00011744,P011744,stop,1,2026-02-02 09:42:00,failed,0.0
A00011745,P011745,escalate,1,2026-02-12 00:43:00,failed,0.0
A00011746,P011746,message,1,2026-03-16 16:08:00,failed,0.0
A00011747,P011747,payment_link,1,2026-04-02 11:08:00,success,3202.32
A00011748,P011748,retry,1,2026-03-28 16:05:00,success,3903.5
A00011749,P011749,message,1,2026-06-19 12:49:00,failed,0.0
A00011750,P011750,escalate,1,2026-05-29 11:39:00,failed,0.0
A00011751,P011751,escalate,1,2026-06-14 09:34:00,failed,0.0
A00011752,P011752,payment_link,1,2026-05-23 11:58:00,success,7242.21
A00011753,P011753,message,1,2026-04-10 06:02:00,failed,0.0
A00011754,P011754,retry,1,2026-06-10 00:03:00,success,5093.69
A00011755,P011755,escalate,1,2026-03-15 14:26:00,success,501.7
A00011756,P011756,payment_link,1,2026-04-22 19:38:00,failed,0.0
A00011757,P011757,payment_link,1,2026-02-09 01:01:00,failed,0.0
A00011758,P011758,retry,1,2026-04-08 10:30:00,success,2510.01
A00011759,P011759,retry,1,2026-05-17 07:41:00,failed,0.0
A00011760,P011760,payment_link,1,2026-03-10 10:29:00,failed,0.0
A00011761,P011761,stop,1,2026-06-17 14:56:00,success,12582.52
A00011762,P011762,retry,1,2026-06-03 22:21:00,failed,0.0
A00011763,P011763,stop,1,2026-03-17 17:20:00,failed,0.0
A00011764,P011764,retry,1,2026-03-19 16:32:00,success,4153.8
A00011765,P011765,escalate,1,2026-01-05 08:40:00,failed,0.0
A00011766,P011766,message,1,2026-05-16 06:16:00,failed,0.0
A00011767,P011767,payment_link,1,2026-06-21 22:32:00,failed,0.0
A00011768,P011768,message,1,2026-05-18 15:55:00,failed,0.0
A00011769,P011769,payment_link,1,2026-03-08 04:07:00,failed,0.0
A00011770,P011770,stop,1,2026-04-16 17:48:00,failed,0.0
A00011771,P011771,message,1,2026-05-04 14:40:00,failed,0.0
A00011772,P011772,payment_link,1,2026-04-09 14:19:00,failed,0.0
A00011773,P011773,escalate,1,2026-01-19 07:45:00,failed,0.0
A00011774,P011774,message,1,2026-04-12 20:11:00,failed,0.0
A00011775,P011775,retry,1,2026-01-13 17:00:00,failed,0.0
A00011776,P011776,payment_link,1,2026-01-15 15:22:00,success,5556.05
A00011777,P011777,message,1,2026-05-18 23:53:00,success,1700.26
A00011778,P011778,stop,1,2026-06-24 08:55:00,failed,0.0
A00011779,P011779,escalate,1,2026-05-30 12:32:00,success,3270.92
A00011780,P011780,message,1,2026-02-25 20:58:00,success,1546.38
A00011781,P011781,message,1,2026-03-31 11:05:00,failed,0.0
A00011782,P011782,stop,1,2026-06-18 07:25:00,failed,0.0
A00011783,P011783,escalate,1,2026-03-30 11:21:00,success,4744.33
A00011784,P011784,payment_link,1,2026-04-06 04:44:00,failed,0.0
A00011785,P011785,message,1,2026-03-02 14:24:00,failed,0.0
A00011786,P011786,escalate,1,2026-05-10 11:55:00,failed,0.0
A00011787,P011787,retry,1,2026-04-28 03:49:00,success,33024.3
A00011788,P011788,message,1,2026-06-14 09:39:00,failed,0.0
A00011789,P011789,stop,1,2026-06-29 02:03:00,failed,0.0
A00011790,P011790,payment_link,1,2026-04-13 03:10:00,failed,0.0
A00011791,P011791,escalate,1,2026-05-03 11:19:00,failed,0.0
A00011792,P011792,message,1,2026-03-06 17:51:00,success,10347.04
A00011793,P011793,retry,1,2026-04-20 00:54:00,failed,0.0
A00011794,P011794,retry,1,2026-03-08 09:27:00,success,5734.4
A00011795,P011795,payment_link,1,2026-04-25 05:48:00,failed,0.0
A00011796,P011796,message,1,2026-05-17 09:51:00,failed,0.0
A00011797,P011797,stop,1,2026-02-24 16:49:00,failed,0.0
A00011798,P011798,payment_link,1,2026-02-03 00:06:00,failed,0.0
A00011799,P011799,retry,1,2026-04-07 01:15:00,success,689.69
A00011800,P011800,retry,1,2026-06-04 15:05:00,failed,0.0
A00011801,P011801,escalate,1,2026-01-13 21:54:00,failed,0.0
A00011802,P011802,retry,1,2026-01-30 16:53:00,failed,0.0
A00011803,P011803,retry,1,2026-02-28 21:59:00,failed,0.0
A00011804,P011804,retry,1,2026-06-19 22:03:00,success,1166.34
A00011805,P011805,stop,1,2026-02-06 11:10:00,failed,0.0
A00011806,P011806,payment_link,1,2026-06-27 03:58:00,success,15558.7
A00011807,P011807,retry,1,2026-03-21 11:51:00,success,2628.45
A00011808,P011808,stop,1,2026-05-21 05:57:00,failed,0.0
A00011809,P011809,payment_link,1,2026-06-03 12:45:00,success,1600.88
A00011810,P011810,retry,1,2026-01-30 13:09:00,failed,0.0
A00011811,P011811,retry,1,2026-02-03 12:27:00,success,1095.91
A00011812,P011812,retry,1,2026-05-09 07:04:00,success,2871.98
A00011813,P011813,payment_link,1,2026-03-04 04:49:00,failed,0.0
A00011814,P011814,payment_link,1,2026-02-27 07:01:00,failed,0.0
A00011815,P011815,message,1,2026-01-06 09:40:00,success,1722.44
A00011816,P011816,payment_link,1,2026-02-10 20:48:00,success,3970.78
A00011817,P011817,stop,1,2026-02-28 14:00:00,failed,0.0
A00011818,P011818,message,1,2026-06-04 04:19:00,failed,0.0
A00011819,P011819,message,1,2026-05-31 05:00:00,failed,0.0
A00011820,P011820,stop,1,2026-01-11 12:45:00,failed,0.0
A00011821,P011821,retry,1,2026-03-03 05:30:00,failed,0.0
A00011822,P011822,stop,1,2026-02-03 07:43:00,failed,0.0
A00011823,P011823,stop,1,2026-03-16 21:03:00,failed,0.0
A00011824,P011824,payment_link,1,2026-05-26 09:36:00,failed,0.0
A00011825,P011825,escalate,1,2026-03-06 16:13:00,failed,0.0
A00011826,P011826,message,1,2026-05-08 23:12:00,success,1453.74
A00011827,P011827,stop,1,2026-03-16 15:18:00,failed,0.0
A00011828,P011828,escalate,1,2026-04-16 04:13:00,failed,0.0
A00011829,P011829,stop,1,2026-03-08 20:00:00,failed,0.0
A00011830,P011830,stop,1,2026-04-01 01:04:00,failed,0.0
A00011831,P011831,stop,1,2026-04-16 10:28:00,success,3175.58
A00011832,P011832,payment_link,1,2026-01-13 10:14:00,failed,0.0
A00011833,P011833,payment_link,1,2026-04-19 09:34:00,success,1793.73
A00011834,P011834,payment_link,1,2026-06-11 23:11:00,success,2377.4
A00011835,P011835,escalate,1,2026-05-14 15:56:00,success,5424.64
A00011836,P011836,stop,1,2026-03-06 19:43:00,failed,0.0
A00011837,P011837,message,1,2026-03-15 17:43:00,failed,0.0
A00011838,P011838,retry,1,2026-04-26 13:20:00,success,8340.55
A00011839,P011839,stop,1,2026-04-30 08:47:00,failed,0.0
A00011840,P011840,stop,1,2026-02-27 14:34:00,failed,0.0
A00011841,P011841,escalate,1,2026-05-01 19:56:00,failed,0.0
A00011842,P011842,retry,1,2026-06-03 20:16:00,failed,0.0
A00011843,P011843,retry,1,2026-06-27 06:34:00,success,8182.76
A00011844,P011844,retry,1,2026-03-14 22:30:00,failed,0.0
A00011845,P011845,stop,1,2026-06-04 00:26:00,failed,0.0
A00011846,P011846,payment_link,1,2026-02-19 17:59:00,failed,0.0
A00011847,P011847,message,1,2026-06-16 23:32:00,success,959.97
A00011848,P011848,payment_link,1,2026-03-09 23:59:00,success,6784.11
A00011849,P011849,retry,1,2026-02-01 01:44:00,failed,0.0
A00011850,P011850,retry,1,2026-03-29 22:36:00,success,7197.28
A00011851,P011851,payment_link,1,2026-06-18 16:45:00,failed,0.0
A00011852,P011852,message,1,2026-01-04 12:30:00,success,2218.36
A00011853,P011853,message,1,2026-05-09 03:14:00,success,3411.3
A00011854,P011854,message,1,2026-01-01 22:05:00,failed,0.0
A00011855,P011855,message,1,2026-01-10 05:45:00,success,1227.3
A00011856,P011856,escalate,1,2026-06-02 16:58:00,failed,0.0
A00011857,P011857,escalate,1,2026-04-18 05:14:00,success,3574.72
A00011858,P011858,escalate,1,2026-01-01 18:49:00,failed,0.0
A00011859,P011859,escalate,1,2026-04-19 18:54:00,failed,0.0
A00011860,P011860,escalate,1,2026-06-06 12:25:00,failed,0.0
A00011861,P011861,escalate,1,2026-02-14 13:18:00,success,4136.58
A00011862,P011862,escalate,1,2026-02-12 17:54:00,success,1437.01
A00011863,P011863,retry,1,2026-01-09 01:41:00,success,2953.03
A00011864,P011864,escalate,1,2026-05-24 15:51:00,failed,0.0
A00011865,P011865,payment_link,1,2026-03-31 12:51:00,success,8666.45
A00011866,P011866,retry,1,2026-05-09 14:54:00,success,3851.78
A00011867,P011867,message,1,2026-06-14 23:42:00,failed,0.0
A00011868,P011868,payment_link,1,2026-06-24 10:37:00,failed,0.0
A00011869,P011869,payment_link,1,2026-04-13 04:07:00,success,7119.72
A00011870,P011870,stop,1,2026-05-05 17:12:00,failed,0.0
A00011871,P011871,escalate,1,2026-05-30 04:39:00,failed,0.0
A00011872,P011872,payment_link,1,2026-05-31 00:47:00,failed,0.0
A00011873,P011873,escalate,1,2026-05-15 18:26:00,success,796.66
A00011874,P011874,stop,1,2026-06-06 18:56:00,failed,0.0
A00011875,P011875,escalate,1,2026-01-18 22:33:00,success,3750.42
A00011876,P011876,stop,1,2026-01-26 21:07:00,failed,0.0
A00011877,P011877,stop,1,2026-05-25 06:16:00,failed,0.0
A00011878,P011878,stop,1,2026-05-29 12:55:00,failed,0.0
A00011879,P011879,retry,1,2026-06-30 01:39:00,failed,0.0
A00011880,P011880,message,1,2026-05-06 13:43:00,failed,0.0
A00011881,P011881,retry,1,2026-04-07 09:31:00,success,2071.4
A00011882,P011882,retry,1,2026-03-08 07:37:00,failed,0.0
A00011883,P011883,retry,1,2026-06-21 04:00:00,success,6062.28
A00011884,P011884,retry,1,2026-03-09 10:08:00,success,2441.21
A00011885,P011885,message,1,2026-01-24 18:42:00,success,4687.42
A00011886,P011886,payment_link,1,2026-01-11 19:24:00,success,1013.55
A00011887,P011887,message,1,2026-03-28 01:54:00,failed,0.0
A00011888,P011888,retry,1,2026-02-04 16:43:00,success,4356.11
A00011889,P011889,message,1,2026-04-24 16:31:00,failed,0.0
A00011890,P011890,escalate,1,2026-01-11 09:48:00,failed,0.0
A00011891,P011891,retry,1,2026-03-04 15:23:00,failed,0.0
A00011892,P011892,escalate,1,2026-03-31 14:21:00,failed,0.0
A00011893,P011893,retry,1,2026-05-07 15:23:00,success,1426.66
A00011894,P011894,stop,1,2026-04-14 09:07:00,failed,0.0
A00011895,P011895,escalate,1,2026-01-14 14:30:00,success,3674.48
A00011896,P011896,escalate,1,2026-06-21 04:52:00,failed,0.0
A00011897,P011897,escalate,1,2026-04-01 13:37:00,failed,0.0
A00011898,P011898,escalate,1,2026-03-14 03:10:00,success,581.94
A00011899,P011899,payment_link,1,2026-03-15 05:21:00,failed,0.0
A00011900,P011900,payment_link,1,2026-01-28 09:46:00,failed,0.0
A00011901,P011901,escalate,1,2026-01-06 13:51:00,success,9866.0
A00011902,P011902,stop,1,2026-04-21 05:52:00,failed,0.0
A00011903,P011903,payment_link,1,2026-05-12 20:31:00,failed,0.0
A00011904,P011904,message,1,2026-02-07 17:50:00,failed,0.0
A00011905,P011905,retry,1,2026-03-19 18:38:00,success,855.06
A00011906,P011906,retry,1,2026-06-14 04:53:00,failed,0.0
A00011907,P011907,retry,1,2026-06-21 00:15:00,success,3590.64
A00011908,P011908,message,1,2026-05-27 04:38:00,failed,0.0
A00011909,P011909,payment_link,1,2026-03-12 10:31:00,success,6346.96
A00011910,P011910,payment_link,1,2026-01-05 09:04:00,failed,0.0
A00011911,P011911,payment_link,1,2026-03-04 07:50:00,failed,0.0
A00011912,P011912,retry,1,2026-06-07 05:54:00,failed,0.0
A00011913,P011913,payment_link,1,2026-05-16 22:10:00,failed,0.0
A00011914,P011914,retry,1,2026-04-01 16:13:00,failed,0.0
A00011915,P011915,stop,1,2026-04-29 20:51:00,failed,0.0
A00011916,P011916,stop,1,2026-05-10 05:08:00,failed,0.0
A00011917,P011917,payment_link,1,2026-03-04 10:26:00,success,3276.77
A00011918,P011918,escalate,1,2026-05-21 23:49:00,failed,0.0
A00011919,P011919,stop,1,2026-02-12 10:23:00,failed,0.0
A00011920,P011920,payment_link,1,2026-04-09 22:48:00,success,948.4
A00011921,P011921,payment_link,1,2026-05-26 08:04:00,success,4407.78
A00011922,P011922,escalate,1,2026-03-22 03:18:00,success,6723.4
A00011923,P011923,payment_link,1,2026-03-12 18:37:00,success,2890.26
A00011924,P011924,message,1,2026-03-23 06:47:00,success,1766.54
A00011925,P011925,stop,1,2026-03-23 18:15:00,failed,0.0
A00011926,P011926,retry,1,2026-03-27 13:09:00,success,6888.45
A00011927,P011927,escalate,1,2026-02-24 04:56:00,success,1869.12
A00011928,P011928,message,1,2026-02-05 15:17:00,success,982.16
A00011929,P011929,message,1,2026-01-20 02:06:00,success,22121.17
A00011930,P011930,stop,1,2026-02-23 22:59:00,failed,0.0
A00011931,P011931,retry,1,2026-02-23 09:16:00,success,2533.58
A00011932,P011932,message,1,2026-06-02 21:24:00,success,2964.8
A00011933,P011933,stop,1,2026-01-03 16:25:00,failed,0.0
A00011934,P011934,stop,1,2026-04-10 19:12:00,failed,0.0
A00011935,P011935,payment_link,1,2026-03-19 06:49:00,failed,0.0
A00011936,P011936,message,1,2026-02-10 07:25:00,success,2870.95
A00011937,P011937,escalate,1,2026-03-12 18:06:00,failed,0.0
A00011938,P011938,stop,1,2026-06-07 14:04:00,failed,0.0
A00011939,P011939,escalate,1,2026-06-28 18:25:00,failed,0.0
A00011940,P011940,retry,1,2026-01-24 10:52:00,failed,0.0
A00011941,P011941,retry,1,2026-02-19 06:57:00,failed,0.0
A00011942,P011942,escalate,1,2026-02-14 09:08:00,success,1355.66
A00011943,P011943,escalate,1,2026-03-02 00:41:00,failed,0.0
A00011944,P011944,message,1,2026-02-07 05:31:00,failed,0.0
A00011945,P011945,message,1,2026-01-23 05:40:00,success,1127.11
A00011946,P011946,retry,1,2026-06-04 02:34:00,success,2965.4
A00011947,P011947,escalate,1,2026-05-10 15:59:00,failed,0.0
A00011948,P011948,stop,1,2026-04-16 05:46:00,failed,0.0
A00011949,P011949,message,1,2026-04-02 18:47:00,success,7578.85
A00011950,P011950,retry,1,2026-04-09 18:34:00,success,2003.76
A00011951,P011951,stop,1,2026-05-05 18:44:00,failed,0.0
A00011952,P011952,escalate,1,2026-04-06 19:22:00,success,3200.39
A00011953,P011953,message,1,2026-06-08 20:28:00,success,20622.23
A00011954,P011954,message,1,2026-06-05 11:32:00,success,1837.08
A00011955,P011955,retry,1,2026-02-23 21:53:00,failed,0.0
A00011956,P011956,retry,1,2026-02-25 01:33:00,failed,0.0
A00011957,P011957,stop,1,2026-03-04 22:53:00,failed,0.0
A00011958,P011958,escalate,1,2026-01-26 16:39:00,failed,0.0
A00011959,P011959,retry,1,2026-05-06 07:34:00,failed,0.0
A00011960,P011960,message,1,2026-04-25 11:20:00,success,5470.28
A00011961,P011961,retry,1,2026-02-25 18:55:00,success,2894.88
A00011962,P011962,payment_link,1,2026-04-01 06:27:00,failed,0.0
A00011963,P011963,escalate,1,2026-03-27 00:17:00,failed,0.0
A00011964,P011964,stop,1,2026-02-17 20:50:00,failed,0.0
A00011965,P011965,stop,1,2026-01-25 11:57:00,failed,0.0
A00011966,P011966,retry,1,2026-01-11 15:09:00,success,12221.78
A00011967,P011967,retry,1,2026-03-12 00:33:00,success,19623.18
A00011968,P011968,escalate,1,2026-06-28 02:07:00,failed,0.0
A00011969,P011969,stop,1,2026-02-13 15:10:00,success,3471.95
A00011970,P011970,escalate,1,2026-02-16 23:51:00,failed,0.0
A00011971,P011971,retry,1,2026-03-19 09:53:00,success,3854.67
A00011972,P011972,escalate,1,2026-02-20 09:14:00,success,2566.57
A00011973,P011973,stop,1,2026-04-05 08:06:00,failed,0.0
A00011974,P011974,escalate,1,2026-04-16 20:14:00,failed,0.0
A00011975,P011975,stop,1,2026-02-04 06:42:00,success,62548.89
A00011976,P011976,retry,1,2026-01-15 07:15:00,success,7711.25
A00011977,P011977,message,1,2026-04-22 22:04:00,failed,0.0
A00011978,P011978,message,1,2026-03-25 00:08:00,success,24403.27
A00011979,P011979,retry,1,2026-01-10 15:24:00,failed,0.0
A00011980,P011980,message,1,2026-05-13 22:37:00,failed,0.0
A00011981,P011981,stop,1,2026-02-15 02:52:00,failed,0.0
A00011982,P011982,payment_link,1,2026-02-04 07:38:00,success,3683.67
A00011983,P011983,stop,1,2026-02-26 07:22:00,failed,0.0
A00011984,P011984,retry,1,2026-03-19 11:08:00,success,5249.79
A00011985,P011985,payment_link,1,2026-04-26 06:59:00,success,3301.9
A00011986,P011986,escalate,1,2026-03-29 03:49:00,failed,0.0
A00011987,P011987,stop,1,2026-06-10 15:33:00,failed,0.0
A00011988,P011988,stop,1,2026-01-19 10:47:00,failed,0.0
A00011989,P011989,escalate,1,2026-06-08 08:20:00,failed,0.0
A00011990,P011990,payment_link,1,2026-02-07 09:09:00,success,2069.28
A00011991,P011991,stop,1,2026-06-28 15:05:00,failed,0.0
A00011992,P011992,message,1,2026-06-10 20:20:00,failed,0.0
A00011993,P011993,escalate,1,2026-05-19 22:39:00,success,2074.31
A00011994,P011994,stop,1,2026-06-26 15:42:00,failed,0.0
A00011995,P011995,stop,1,2026-01-29 03:00:00,failed,0.0
A00011996,P011996,escalate,1,2026-01-23 21:53:00,failed,0.0
A00011997,P011997,payment_link,1,2026-02-18 13:00:00,failed,0.0
A00011998,P011998,escalate,1,2026-02-26 07:23:00,success,32935.53
A00011999,P011999,payment_link,1,2026-06-06 00:48:00,failed,0.0
A00012000,P012000,message,1,2026-03-05 02:03:00,failed,0.0
A00012001,P012001,retry,1,2026-01-14 20:55:00,success,2104.51
A00012002,P012002,escalate,1,2026-03-31 17:43:00,success,2389.5
A00012003,P012003,escalate,1,2026-05-08 18:50:00,success,18037.25
A00012004,P012004,stop,1,2026-06-01 03:26:00,failed,0.0
A00012005,P012005,payment_link,1,2026-05-01 00:39:00,failed,0.0
A00012006,P012006,stop,1,2026-05-21 00:42:00,failed,0.0
A00012007,P012007,retry,1,2026-05-24 13:52:00,failed,0.0
A00012008,P012008,escalate,1,2026-04-22 03:38:00,failed,0.0
A00012009,P012009,message,1,2026-06-14 00:12:00,failed,0.0
A00012010,P012010,retry,1,2026-05-04 10:00:00,success,2920.03
A00012011,P012011,escalate,1,2026-03-19 02:15:00,success,728.65
A00012012,P012012,retry,1,2026-06-13 15:08:00,failed,0.0
A00012013,P012013,stop,1,2026-06-08 03:46:00,failed,0.0
A00012014,P012014,retry,1,2026-02-07 16:13:00,success,1634.69
A00012015,P012015,stop,1,2026-03-27 00:32:00,failed,0.0
A00012016,P012016,retry,1,2026-06-11 11:03:00,failed,0.0
A00012017,P012017,retry,1,2026-03-10 21:51:00,failed,0.0
A00012018,P012018,retry,1,2026-06-04 19:00:00,failed,0.0
A00012019,P012019,stop,1,2026-04-29 18:28:00,failed,0.0
A00012020,P012020,retry,1,2026-01-20 12:03:00,success,789.44
A00012021,P012021,stop,1,2026-05-27 03:21:00,failed,0.0
A00012022,P012022,payment_link,1,2026-02-22 06:31:00,success,3836.14
A00012023,P012023,escalate,1,2026-04-08 03:56:00,success,1889.66
A00012024,P012024,message,1,2026-04-14 20:54:00,failed,0.0
A00012025,P012025,stop,1,2026-02-21 05:03:00,failed,0.0
A00012026,P012026,retry,1,2026-02-12 09:29:00,failed,0.0
A00012027,P012027,stop,1,2026-04-10 07:43:00,failed,0.0
A00012028,P012028,stop,1,2026-02-15 23:27:00,failed,0.0
A00012029,P012029,stop,1,2026-05-02 07:03:00,failed,0.0
A00012030,P012030,message,1,2026-03-20 03:54:00,success,2976.58
A00012031,P012031,payment_link,1,2026-03-01 20:08:00,success,1463.09
A00012032,P012032,stop,1,2026-05-06 06:03:00,failed,0.0
A00012033,P012033,payment_link,1,2026-01-30 23:12:00,failed,0.0
A00012034,P012034,stop,1,2026-04-13 19:04:00,success,479.45
A00012035,P012035,message,1,2026-01-30 09:31:00,success,3144.49
A00012036,P012036,message,1,2026-05-28 12:04:00,failed,0.0
A00012037,P012037,escalate,1,2026-06-25 17:17:00,failed,0.0
A00012038,P012038,payment_link,1,2026-04-11 11:28:00,failed,0.0
A00012039,P012039,stop,1,2026-04-09 04:36:00,failed,0.0
A00012040,P012040,message,1,2026-04-29 08:21:00,failed,0.0
A00012041,P012041,retry,1,2026-06-28 10:52:00,failed,0.0
A00012042,P012042,payment_link,1,2026-01-25 10:16:00,success,2596.89
A00012043,P012043,escalate,1,2026-01-23 17:47:00,success,947.04
A00012044,P012044,stop,1,2026-04-07 13:14:00,success,1070.71
A00012045,P012045,retry,1,2026-03-27 18:44:00,success,2186.0
A00012046,P012046,payment_link,1,2026-05-11 19:37:00,success,5148.98
A00012047,P012047,escalate,1,2026-02-20 00:03:00,success,7525.66
A00012048,P012048,payment_link,1,2026-02-13 08:04:00,success,3030.08
A00012049,P012049,retry,1,2026-03-07 19:49:00,success,4810.82
A00012050,P012050,retry,1,2026-04-03 22:24:00,failed,0.0
A00012051,P012051,payment_link,1,2026-03-25 08:09:00,success,1632.74
A00012052,P012052,message,1,2026-05-08 20:35:00,failed,0.0
A00012053,P012053,escalate,1,2026-04-25 12:52:00,success,1191.13
A00012054,P012054,message,1,2026-01-29 00:53:00,failed,0.0
A00012055,P012055,retry,1,2026-05-20 19:11:00,failed,0.0
A00012056,P012056,escalate,1,2026-03-15 06:31:00,failed,0.0
A00012057,P012057,stop,1,2026-03-17 07:24:00,failed,0.0
A00012058,P012058,escalate,1,2026-04-20 16:48:00,failed,0.0
A00012059,P012059,payment_link,1,2026-01-11 18:09:00,failed,0.0
A00012060,P012060,stop,1,2026-02-16 20:38:00,failed,0.0
A00012061,P012061,message,1,2026-01-07 14:56:00,failed,0.0
A00012062,P012062,escalate,1,2026-04-14 05:43:00,success,2712.44
A00012063,P012063,retry,1,2026-02-14 19:30:00,failed,0.0
A00012064,P012064,escalate,1,2026-01-02 17:57:00,failed,0.0
A00012065,P012065,stop,1,2026-01-23 20:06:00,failed,0.0
A00012066,P012066,stop,1,2026-06-25 14:17:00,failed,0.0
A00012067,P012067,retry,1,2026-01-06 18:29:00,success,7202.57
A00012068,P012068,stop,1,2026-06-06 16:01:00,failed,0.0
A00012069,P012069,escalate,1,2026-03-15 23:23:00,success,817.78
A00012070,P012070,payment_link,1,2026-01-17 14:28:00,failed,0.0
A00012071,P012071,payment_link,1,2026-05-10 00:12:00,failed,0.0
A00012072,P012072,retry,1,2026-05-17 20:59:00,failed,0.0
A00012073,P012073,stop,1,2026-01-30 23:06:00,failed,0.0
A00012074,P012074,message,1,2026-02-01 20:11:00,success,369.34
A00012075,P012075,payment_link,1,2026-03-06 19:38:00,failed,0.0
A00012076,P012076,retry,1,2026-01-12 08:53:00,failed,0.0
A00012077,P012077,stop,1,2026-02-11 02:30:00,failed,0.0
A00012078,P012078,message,1,2026-06-29 21:33:00,success,1742.48
A00012079,P012079,stop,1,2026-04-26 08:01:00,failed,0.0
A00012080,P012080,escalate,1,2026-02-23 09:44:00,failed,0.0
A00012081,P012081,payment_link,1,2026-04-27 18:13:00,failed,0.0
A00012082,P012082,retry,1,2026-06-08 12:34:00,failed,0.0
A00012083,P012083,escalate,1,2026-03-27 01:16:00,failed,0.0
A00012084,P012084,escalate,1,2026-01-13 22:12:00,failed,0.0
A00012085,P012085,message,1,2026-02-03 04:59:00,success,976.72
A00012086,P012086,retry,1,2026-06-07 08:55:00,failed,0.0
A00012087,P012087,payment_link,1,2026-02-12 11:35:00,failed,0.0
A00012088,P012088,stop,1,2026-02-23 09:12:00,failed,0.0
A00012089,P012089,escalate,1,2026-03-28 14:07:00,failed,0.0
A00012090,P012090,escalate,1,2026-04-30 17:30:00,failed,0.0
A00012091,P012091,payment_link,1,2026-05-11 12:28:00,success,3333.48
A00012092,P012092,retry,1,2026-06-23 04:59:00,failed,0.0
A00012093,P012093,stop,1,2026-06-12 11:24:00,success,6764.01
A00012094,P012094,payment_link,1,2026-02-21 09:53:00,success,2374.22
A00012095,P012095,payment_link,1,2026-01-11 08:49:00,failed,0.0
A00012096,P012096,escalate,1,2026-04-10 21:33:00,failed,0.0
A00012097,P012097,retry,1,2026-03-25 14:23:00,success,1715.26
A00012098,P012098,stop,1,2026-02-14 01:58:00,failed,0.0
A00012099,P012099,message,1,2026-01-31 10:14:00,success,2584.95
A00012100,P012100,escalate,1,2026-06-16 03:20:00,success,24763.53
A00012101,P012101,escalate,1,2026-01-10 22:54:00,failed,0.0
A00012102,P012102,message,1,2026-05-25 21:54:00,failed,0.0
A00012103,P012103,payment_link,1,2026-05-23 08:39:00,success,2808.02
A00012104,P012104,payment_link,1,2026-03-13 09:09:00,failed,0.0
A00012105,P012105,payment_link,1,2026-04-27 17:31:00,failed,0.0
A00012106,P012106,stop,1,2026-01-02 03:21:00,failed,0.0
A00012107,P012107,message,1,2026-01-02 07:04:00,failed,0.0
A00012108,P012108,payment_link,1,2026-02-14 09:09:00,success,1963.65
A00012109,P012109,retry,1,2026-06-25 23:22:00,success,4177.68
A00012110,P012110,escalate,1,2026-06-09 03:38:00,failed,0.0
A00012111,P012111,message,1,2026-04-01 20:33:00,failed,0.0
A00012112,P012112,message,1,2026-04-13 18:43:00,failed,0.0
A00012113,P012113,escalate,1,2026-02-06 20:30:00,success,2755.79
A00012114,P012114,retry,1,2026-02-11 10:42:00,failed,0.0
A00012115,P012115,message,1,2026-02-17 00:05:00,success,44010.85
A00012116,P012116,stop,1,2026-04-30 00:37:00,failed,0.0
A00012117,P012117,retry,1,2026-03-01 19:47:00,success,967.34
A00012118,P012118,message,1,2026-05-16 19:51:00,failed,0.0
A00012119,P012119,stop,1,2026-02-27 19:54:00,failed,0.0
A00012120,P012120,payment_link,1,2026-03-08 21:44:00,failed,0.0
A00012121,P012121,payment_link,1,2026-02-03 06:18:00,success,1930.79
A00012122,P012122,stop,1,2026-05-30 05:00:00,failed,0.0
A00012123,P012123,message,1,2026-01-15 01:09:00,failed,0.0
A00012124,P012124,retry,1,2026-02-06 11:04:00,failed,0.0
A00012125,P012125,stop,1,2026-04-20 08:18:00,failed,0.0
A00012126,P012126,retry,1,2026-03-19 04:59:00,success,4011.3
A00012127,P012127,message,1,2026-04-30 12:39:00,success,3442.29
A00012128,P012128,escalate,1,2026-01-30 22:25:00,success,1032.34
A00012129,P012129,stop,1,2026-06-02 13:42:00,failed,0.0
A00012130,P012130,message,1,2026-06-28 05:39:00,success,13820.98
A00012131,P012131,message,1,2026-05-01 00:20:00,failed,0.0
A00012132,P012132,message,1,2026-04-08 21:42:00,success,29049.62
A00012133,P012133,stop,1,2026-06-12 17:32:00,failed,0.0
A00012134,P012134,payment_link,1,2026-04-08 14:33:00,success,6043.01
A00012135,P012135,message,1,2026-01-23 13:50:00,success,1221.08
A00012136,P012136,retry,1,2026-04-19 11:59:00,failed,0.0
A00012137,P012137,stop,1,2026-02-05 05:40:00,failed,0.0
A00012138,P012138,escalate,1,2026-01-25 00:01:00,failed,0.0
A00012139,P012139,message,1,2026-02-20 20:07:00,failed,0.0
A00012140,P012140,retry,1,2026-06-27 23:21:00,success,3307.39
A00012141,P012141,payment_link,1,2026-01-28 12:15:00,failed,0.0
A00012142,P012142,retry,1,2026-01-31 11:00:00,success,856.32
A00012143,P012143,retry,1,2026-01-27 09:07:00,failed,0.0
A00012144,P012144,escalate,1,2026-04-17 20:09:00,success,736.9
A00012145,P012145,payment_link,1,2026-01-20 22:34:00,failed,0.0
A00012146,P012146,escalate,1,2026-04-18 23:07:00,failed,0.0
A00012147,P012147,stop,1,2026-05-30 03:21:00,failed,0.0
A00012148,P012148,stop,1,2026-01-01 12:46:00,failed,0.0
A00012149,P012149,retry,1,2026-03-18 11:46:00,success,11101.29
A00012150,P012150,retry,1,2026-06-10 11:15:00,failed,0.0
A00012151,P012151,message,1,2026-03-07 11:42:00,success,3150.88
A00012152,P012152,message,1,2026-01-24 14:00:00,failed,0.0
A00012153,P012153,escalate,1,2026-04-05 02:27:00,success,1805.91
A00012154,P012154,retry,1,2026-03-18 22:02:00,failed,0.0
A00012155,P012155,retry,1,2026-04-28 10:31:00,failed,0.0
A00012156,P012156,escalate,1,2026-02-01 19:45:00,success,4735.5
A00012157,P012157,stop,1,2026-02-20 04:22:00,failed,0.0
A00012158,P012158,message,1,2026-04-09 07:45:00,success,17035.74
A00012159,P012159,stop,1,2026-01-31 03:10:00,failed,0.0
A00012160,P012160,payment_link,1,2026-01-26 23:00:00,failed,0.0
A00012161,P012161,payment_link,1,2026-04-18 14:32:00,success,1424.48
A00012162,P012162,retry,1,2026-04-22 00:52:00,failed,0.0
A00012163,P012163,retry,1,2026-01-07 20:34:00,failed,0.0
A00012164,P012164,retry,1,2026-03-16 10:59:00,failed,0.0
A00012165,P012165,stop,1,2026-06-10 02:13:00,failed,0.0
A00012166,P012166,retry,1,2026-02-06 07:36:00,success,1770.35
A00012167,P012167,payment_link,1,2026-03-16 13:01:00,success,549.52
A00012168,P012168,message,1,2026-02-18 06:21:00,failed,0.0
A00012169,P012169,stop,1,2026-06-19 13:56:00,failed,0.0
A00012170,P012170,stop,1,2026-01-09 19:42:00,failed,0.0
A00012171,P012171,message,1,2026-03-21 07:33:00,failed,0.0
A00012172,P012172,message,1,2026-03-05 02:10:00,success,2329.21
A00012173,P012173,escalate,1,2026-02-03 12:10:00,failed,0.0
A00012174,P012174,payment_link,1,2026-06-10 06:57:00,failed,0.0
A00012175,P012175,payment_link,1,2026-05-26 22:48:00,success,4600.15
A00012176,P012176,stop,1,2026-02-14 04:16:00,failed,0.0
A00012177,P012177,message,1,2026-03-26 10:11:00,failed,0.0
A00012178,P012178,escalate,1,2026-02-06 12:31:00,failed,0.0
A00012179,P012179,payment_link,1,2026-06-10 15:44:00,success,1120.8
A00012180,P012180,message,1,2026-05-10 02:06:00,success,3731.02
A00012181,P012181,message,1,2026-05-09 14:03:00,success,1194.46
A00012182,P012182,retry,1,2026-04-10 21:10:00,success,1180.96
A00012183,P012183,payment_link,1,2026-02-28 21:31:00,success,994.12
A00012184,P012184,retry,1,2026-01-03 17:29:00,failed,0.0
A00012185,P012185,retry,1,2026-04-19 14:27:00,success,9209.29
A00012186,P012186,escalate,1,2026-04-28 05:44:00,failed,0.0
A00012187,P012187,retry,1,2026-03-08 23:50:00,failed,0.0
A00012188,P012188,retry,1,2026-06-11 20:41:00,failed,0.0
A00012189,P012189,stop,1,2026-03-07 14:52:00,failed,0.0
A00012190,P012190,payment_link,1,2026-06-21 21:28:00,failed,0.0
A00012191,P012191,message,1,2026-04-25 22:31:00,success,2290.85
A00012192,P012192,stop,1,2026-04-21 22:40:00,failed,0.0
A00012193,P012193,message,1,2026-05-23 15:35:00,success,1674.35
A00012194,P012194,payment_link,1,2026-02-22 10:18:00,success,1467.6
A00012195,P012195,payment_link,1,2026-04-10 16:13:00,failed,0.0
A00012196,P012196,retry,1,2026-06-29 00:44:00,failed,0.0
A00012197,P012197,retry,1,2026-03-15 15:27:00,success,2325.95
A00012198,P012198,payment_link,1,2026-06-20 18:40:00,success,2005.06
A00012199,P012199,message,1,2026-01-19 19:45:00,success,1690.54
A00012200,P012200,message,1,2026-04-10 02:51:00,success,1213.72
A00012201,P012201,message,1,2026-01-27 02:33:00,success,1411.29
A00012202,P012202,stop,1,2026-04-17 16:01:00,failed,0.0
A00012203,P012203,stop,1,2026-04-14 20:01:00,failed,0.0
A00012204,P012204,retry,1,2026-02-25 17:15:00,failed,0.0
A00012205,P012205,message,1,2026-06-09 10:38:00,failed,0.0
A00012206,P012206,escalate,1,2026-03-29 07:55:00,failed,0.0
A00012207,P012207,message,1,2026-05-12 13:05:00,failed,0.0
A00012208,P012208,escalate,1,2026-02-27 22:14:00,failed,0.0
A00012209,P012209,escalate,1,2026-01-12 11:22:00,success,2946.51
A00012210,P012210,payment_link,1,2026-03-20 03:09:00,success,8728.28
A00012211,P012211,stop,1,2026-05-22 19:15:00,failed,0.0
A00012212,P012212,message,1,2026-05-19 00:19:00,failed,0.0
A00012213,P012213,stop,1,2026-01-10 22:47:00,failed,0.0
A00012214,P012214,stop,1,2026-03-16 13:58:00,failed,0.0
A00012215,P012215,escalate,1,2026-03-28 03:16:00,success,2190.29
A00012216,P012216,payment_link,1,2026-04-07 23:07:00,success,2870.37
A00012217,P012217,escalate,1,2026-06-03 12:17:00,failed,0.0
A00012218,P012218,payment_link,1,2026-02-15 04:37:00,failed,0.0
A00012219,P012219,stop,1,2026-03-07 02:20:00,failed,0.0
A00012220,P012220,stop,1,2026-05-17 17:52:00,failed,0.0
A00012221,P012221,stop,1,2026-01-21 20:25:00,failed,0.0
A00012222,P012222,retry,1,2026-05-27 20:46:00,failed,0.0
A00012223,P012223,payment_link,1,2026-03-06 08:05:00,success,4326.58
A00012224,P012224,escalate,1,2026-02-28 01:12:00,failed,0.0
A00012225,P012225,payment_link,1,2026-05-02 03:31:00,failed,0.0
A00012226,P012226,escalate,1,2026-05-05 16:05:00,success,825.37
A00012227,P012227,retry,1,2026-03-13 12:47:00,failed,0.0
A00012228,P012228,retry,1,2026-05-06 21:44:00,success,2555.4
A00012229,P012229,escalate,1,2026-01-18 22:48:00,success,7064.82
A00012230,P012230,retry,1,2026-06-26 06:59:00,success,3311.33
A00012231,P012231,retry,1,2026-05-25 18:32:00,failed,0.0
A00012232,P012232,payment_link,1,2026-03-11 15:47:00,success,1346.41
A00012233,P012233,payment_link,1,2026-01-21 07:22:00,failed,0.0
A00012234,P012234,payment_link,1,2026-04-21 02:52:00,failed,0.0
A00012235,P012235,message,1,2026-03-12 00:37:00,failed,0.0
A00012236,P012236,message,1,2026-06-20 19:06:00,success,4260.56
A00012237,P012237,message,1,2026-03-01 22:59:00,failed,0.0
A00012238,P012238,escalate,1,2026-06-07 08:41:00,failed,0.0
A00012239,P012239,retry,1,2026-02-20 02:59:00,success,1465.13
A00012240,P012240,payment_link,1,2026-02-26 22:30:00,failed,0.0
A00012241,P012241,payment_link,1,2026-01-24 18:05:00,failed,0.0
A00012242,P012242,message,1,2026-01-02 11:42:00,success,1731.85
A00012243,P012243,retry,1,2026-03-28 20:18:00,success,4040.83
A00012244,P012244,payment_link,1,2026-06-23 15:33:00,success,2757.29
A00012245,P012245,escalate,1,2026-04-12 08:33:00,failed,0.0
A00012246,P012246,payment_link,1,2026-01-25 21:39:00,success,25238.52
A00012247,P012247,payment_link,1,2026-04-24 06:47:00,success,1183.77
A00012248,P012248,escalate,1,2026-01-05 19:54:00,failed,0.0
A00012249,P012249,message,1,2026-02-18 08:58:00,success,3703.49
A00012250,P012250,escalate,1,2026-03-17 19:00:00,failed,0.0
A00012251,P012251,stop,1,2026-01-30 16:21:00,failed,0.0
A00012252,P012252,message,1,2026-04-17 02:38:00,success,3517.13
A00012253,P012253,stop,1,2026-06-07 15:57:00,failed,0.0
A00012254,P012254,stop,1,2026-03-16 10:41:00,failed,0.0
A00012255,P012255,stop,1,2026-02-04 19:24:00,failed,0.0
A00012256,P012256,retry,1,2026-01-18 14:58:00,success,2181.68
A00012257,P012257,retry,1,2026-03-30 21:01:00,success,5588.56
A00012258,P012258,escalate,1,2026-03-31 16:48:00,failed,0.0
A00012259,P012259,message,1,2026-03-27 12:51:00,success,24133.22
A00012260,P012260,stop,1,2026-04-02 17:32:00,failed,0.0
A00012261,P012261,stop,1,2026-05-14 09:13:00,failed,0.0
A00012262,P012262,stop,1,2026-04-10 01:29:00,failed,0.0
A00012263,P012263,payment_link,1,2026-02-14 20:17:00,success,9665.64
A00012264,P012264,escalate,1,2026-04-02 11:39:00,success,2748.49
A00012265,P012265,message,1,2026-05-29 13:11:00,failed,0.0
A00012266,P012266,message,1,2026-03-13 21:47:00,success,3730.85
A00012267,P012267,stop,1,2026-01-20 00:42:00,failed,0.0
A00012268,P012268,retry,1,2026-01-30 13:38:00,success,4221.55
A00012269,P012269,stop,1,2026-03-25 10:40:00,failed,0.0
A00012270,P012270,stop,1,2026-04-25 00:31:00,failed,0.0
A00012271,P012271,escalate,1,2026-06-29 11:47:00,success,9178.27
A00012272,P012272,retry,1,2026-04-24 18:27:00,failed,0.0
A00012273,P012273,payment_link,1,2026-04-04 23:36:00,failed,0.0
A00012274,P012274,payment_link,1,2026-01-21 10:22:00,failed,0.0
A00012275,P012275,payment_link,1,2026-04-17 01:37:00,failed,0.0
A00012276,P012276,retry,1,2026-04-19 05:07:00,failed,0.0
A00012277,P012277,retry,1,2026-06-09 07:16:00,success,4740.97
A00012278,P012278,message,1,2026-06-01 21:04:00,failed,0.0
A00012279,P012279,stop,1,2026-05-04 08:17:00,failed,0.0
A00012280,P012280,payment_link,1,2026-04-12 09:55:00,success,4268.28
A00012281,P012281,message,1,2026-01-04 15:15:00,failed,0.0
A00012282,P012282,retry,1,2026-01-31 13:31:00,success,1088.63
A00012283,P012283,stop,1,2026-05-03 23:35:00,failed,0.0
A00012284,P012284,message,1,2026-03-15 07:22:00,success,2067.53
A00012285,P012285,stop,1,2026-02-26 05:37:00,failed,0.0
A00012286,P012286,payment_link,1,2026-02-08 14:09:00,success,6503.27
A00012287,P012287,escalate,1,2026-06-26 06:37:00,failed,0.0
A00012288,P012288,stop,1,2026-01-15 18:55:00,failed,0.0
A00012289,P012289,message,1,2026-03-14 04:59:00,failed,0.0
A00012290,P012290,payment_link,1,2026-02-05 01:38:00,success,3688.19
A00012291,P012291,retry,1,2026-05-09 17:49:00,failed,0.0
A00012292,P012292,message,1,2026-03-31 11:28:00,failed,0.0
A00012293,P012293,payment_link,1,2026-04-02 06:06:00,failed,0.0
A00012294,P012294,retry,1,2026-06-10 11:33:00,success,3136.63
A00012295,P012295,escalate,1,2026-05-16 16:18:00,success,1737.33
A00012296,P012296,message,1,2026-05-29 05:38:00,failed,0.0
A00012297,P012297,message,1,2026-03-08 11:40:00,failed,0.0
A00012298,P012298,stop,1,2026-03-25 05:49:00,failed,0.0
A00012299,P012299,stop,1,2026-03-13 16:54:00,failed,0.0
A00012300,P012300,escalate,1,2026-03-05 00:25:00,failed,0.0
A00012301,P012301,stop,1,2026-04-01 20:40:00,failed,0.0
A00012302,P012302,message,1,2026-03-27 00:51:00,failed,0.0
A00012303,P012303,payment_link,1,2026-01-18 19:05:00,success,3117.57
A00012304,P012304,escalate,1,2026-06-16 12:24:00,failed,0.0
A00012305,P012305,retry,1,2026-02-26 22:03:00,failed,0.0
A00012306,P012306,message,1,2026-04-08 01:11:00,success,5599.65
A00012307,P012307,stop,1,2026-04-16 08:14:00,failed,0.0
A00012308,P012308,stop,1,2026-01-02 17:39:00,failed,0.0
A00012309,P012309,retry,1,2026-05-14 16:44:00,success,6478.66
A00012310,P012310,message,1,2026-06-12 05:47:00,failed,0.0
A00012311,P012311,escalate,1,2026-03-23 08:26:00,success,1733.4
A00012312,P012312,stop,1,2026-05-05 01:59:00,failed,0.0
A00012313,P012313,payment_link,1,2026-01-04 19:47:00,failed,0.0
A00012314,P012314,message,1,2026-05-24 06:04:00,failed,0.0
A00012315,P012315,stop,1,2026-04-02 05:38:00,failed,0.0
A00012316,P012316,retry,1,2026-05-27 22:24:00,success,9490.57
A00012317,P012317,stop,1,2026-05-11 21:00:00,failed,0.0
A00012318,P012318,message,1,2026-02-17 01:59:00,success,2295.22
A00012319,P012319,payment_link,1,2026-02-16 16:40:00,success,2923.71
A00012320,P012320,retry,1,2026-01-08 20:42:00,success,5008.7
A00012321,P012321,payment_link,1,2026-01-03 00:48:00,success,1048.22
A00012322,P012322,payment_link,1,2026-06-08 03:56:00,failed,0.0
A00012323,P012323,payment_link,1,2026-01-15 13:31:00,success,9806.27
A00012324,P012324,escalate,1,2026-01-21 09:48:00,success,3478.51
A00012325,P012325,message,1,2026-03-17 14:08:00,success,2685.64
A00012326,P012326,message,1,2026-05-18 19:45:00,failed,0.0
A00012327,P012327,message,1,2026-03-30 00:03:00,success,2082.0
A00012328,P012328,stop,1,2026-03-31 18:00:00,failed,0.0
A00012329,P012329,payment_link,1,2026-01-05 16:45:00,failed,0.0
A00012330,P012330,payment_link,1,2026-03-18 20:22:00,success,11333.3
A00012331,P012331,message,1,2026-02-11 18:52:00,failed,0.0
A00012332,P012332,stop,1,2026-05-08 20:26:00,failed,0.0
A00012333,P012333,escalate,1,2026-01-16 15:59:00,success,2153.87
A00012334,P012334,escalate,1,2026-06-05 08:38:00,success,945.13
A00012335,P012335,stop,1,2026-03-11 13:19:00,failed,0.0
A00012336,P012336,stop,1,2026-03-19 07:43:00,failed,0.0
A00012337,P012337,stop,1,2026-06-02 23:59:00,failed,0.0
A00012338,P012338,payment_link,1,2026-06-13 09:51:00,success,3283.57
A00012339,P012339,stop,1,2026-06-07 01:48:00,failed,0.0
A00012340,P012340,retry,1,2026-04-25 20:36:00,success,4142.82
A00012341,P012341,retry,1,2026-05-17 06:39:00,failed,0.0
A00012342,P012342,retry,1,2026-06-15 13:30:00,failed,0.0
A00012343,P012343,retry,1,2026-06-13 03:56:00,success,6619.27
A00012344,P012344,stop,1,2026-01-07 12:17:00,failed,0.0
A00012345,P012345,payment_link,1,2026-04-09 00:25:00,failed,0.0
A00012346,P012346,payment_link,1,2026-06-11 10:39:00,success,3854.84
A00012347,P012347,payment_link,1,2026-01-21 00:04:00,success,14824.36
A00012348,P012348,stop,1,2026-04-08 18:21:00,failed,0.0
A00012349,P012349,retry,1,2026-01-01 06:42:00,failed,0.0
A00012350,P012350,stop,1,2026-04-09 03:35:00,failed,0.0
A00012351,P012351,stop,1,2026-01-11 00:42:00,failed,0.0
A00012352,P012352,retry,1,2026-06-20 13:11:00,success,5540.94
A00012353,P012353,payment_link,1,2026-06-02 07:45:00,failed,0.0
A00012354,P012354,stop,1,2026-01-30 12:51:00,failed,0.0
A00012355,P012355,stop,1,2026-05-25 01:47:00,failed,0.0
A00012356,P012356,stop,1,2026-04-13 19:05:00,failed,0.0
A00012357,P012357,message,1,2026-03-25 08:26:00,success,3124.84
A00012358,P012358,message,1,2026-04-15 07:56:00,success,2049.77
A00012359,P012359,stop,1,2026-02-15 16:32:00,failed,0.0
A00012360,P012360,escalate,1,2026-05-21 15:41:00,failed,0.0
A00012361,P012361,stop,1,2026-04-06 08:58:00,failed,0.0
A00012362,P012362,message,1,2026-04-18 21:04:00,failed,0.0
A00012363,P012363,retry,1,2026-06-27 11:58:00,failed,0.0
A00012364,P012364,message,1,2026-01-24 22:46:00,success,738.78
A00012365,P012365,stop,1,2026-03-10 14:18:00,failed,0.0
A00012366,P012366,escalate,1,2026-03-21 12:56:00,success,2784.0
A00012367,P012367,payment_link,1,2026-03-16 22:30:00,success,5992.86
A00012368,P012368,stop,1,2026-02-28 00:46:00,failed,0.0
A00012369,P012369,retry,1,2026-06-09 21:03:00,success,3503.27
A00012370,P012370,message,1,2026-04-15 03:35:00,failed,0.0
A00012371,P012371,message,1,2026-06-09 02:15:00,failed,0.0
A00012372,P012372,message,1,2026-04-13 00:40:00,failed,0.0
A00012373,P012373,payment_link,1,2026-05-12 09:36:00,failed,0.0
A00012374,P012374,escalate,1,2026-06-17 16:06:00,failed,0.0
A00012375,P012375,escalate,1,2026-01-02 07:58:00,failed,0.0
A00012376,P012376,message,1,2026-03-11 08:29:00,failed,0.0
A00012377,P012377,escalate,1,2026-05-05 09:42:00,failed,0.0
A00012378,P012378,escalate,1,2026-06-06 03:26:00,failed,0.0
A00012379,P012379,stop,1,2026-03-06 15:34:00,failed,0.0
A00012380,P012380,escalate,1,2026-04-13 17:46:00,success,46923.6
A00012381,P012381,payment_link,1,2026-05-02 05:53:00,failed,0.0
A00012382,P012382,retry,1,2026-03-08 18:15:00,success,5694.09
A00012383,P012383,retry,1,2026-03-04 11:24:00,success,4952.07
A00012384,P012384,payment_link,1,2026-04-27 12:03:00,failed,0.0
A00012385,P012385,stop,1,2026-04-13 18:21:00,failed,0.0
A00012386,P012386,stop,1,2026-04-24 12:57:00,failed,0.0
A00012387,P012387,message,1,2026-06-27 01:16:00,failed,0.0
A00012388,P012388,message,1,2026-06-29 12:23:00,failed,0.0
A00012389,P012389,payment_link,1,2026-01-06 06:11:00,failed,0.0
A00012390,P012390,retry,1,2026-04-13 20:39:00,failed,0.0
A00012391,P012391,message,1,2026-03-21 11:04:00,success,3222.58
A00012392,P012392,payment_link,1,2026-02-22 01:43:00,success,1692.8
A00012393,P012393,escalate,1,2026-04-26 07:45:00,failed,0.0
A00012394,P012394,escalate,1,2026-06-01 12:56:00,failed,0.0
A00012395,P012395,payment_link,1,2026-04-13 19:43:00,failed,0.0
A00012396,P012396,stop,1,2026-01-10 07:42:00,failed,0.0
A00012397,P012397,stop,1,2026-01-26 10:02:00,failed,0.0
A00012398,P012398,stop,1,2026-06-16 15:48:00,failed,0.0
A00012399,P012399,escalate,1,2026-05-10 15:38:00,success,13280.2
A00012400,P012400,payment_link,1,2026-03-18 11:10:00,success,2693.4
A00012401,P012401,escalate,1,2026-04-10 20:00:00,success,3344.1
A00012402,P012402,message,1,2026-03-19 01:40:00,failed,0.0
A00012403,P012403,retry,1,2026-06-07 20:59:00,success,849.08
A00012404,P012404,retry,1,2026-02-14 21:57:00,failed,0.0
A00012405,P012405,escalate,1,2026-01-17 22:14:00,failed,0.0
A00012406,P012406,message,1,2026-03-04 15:38:00,success,1361.03
A00012407,P012407,payment_link,1,2026-06-26 04:46:00,success,1197.36
A00012408,P012408,message,1,2026-04-13 01:24:00,failed,0.0
A00012409,P012409,retry,1,2026-04-14 06:58:00,success,2231.74
A00012410,P012410,message,1,2026-05-01 19:32:00,failed,0.0
A00012411,P012411,stop,1,2026-02-27 00:27:00,failed,0.0
A00012412,P012412,message,1,2026-06-27 18:15:00,success,4422.52
A00012413,P012413,retry,1,2026-06-01 10:15:00,failed,0.0
A00012414,P012414,payment_link,1,2026-04-23 07:13:00,failed,0.0
A00012415,P012415,stop,1,2026-06-24 11:40:00,failed,0.0
A00012416,P012416,payment_link,1,2026-04-13 01:28:00,failed,0.0
A00012417,P012417,escalate,1,2026-01-10 08:39:00,success,3980.5
A00012418,P012418,retry,1,2026-03-31 18:01:00,success,1974.24
A00012419,P012419,message,1,2026-04-25 21:50:00,failed,0.0
A00012420,P012420,retry,1,2026-02-08 15:10:00,failed,0.0
A00012421,P012421,message,1,2026-01-18 00:35:00,success,1862.35
A00012422,P012422,retry,1,2026-04-19 00:24:00,success,2016.8
A00012423,P012423,retry,1,2026-02-18 02:22:00,success,2470.05
A00012424,P012424,payment_link,1,2026-04-23 04:45:00,failed,0.0
A00012425,P012425,stop,1,2026-05-11 09:28:00,failed,0.0
A00012426,P012426,payment_link,1,2026-02-03 11:27:00,failed,0.0
A00012427,P012427,escalate,1,2026-05-05 00:49:00,failed,0.0
A00012428,P012428,payment_link,1,2026-02-16 16:49:00,failed,0.0
A00012429,P012429,payment_link,1,2026-03-18 06:47:00,failed,0.0
A00012430,P012430,escalate,1,2026-01-27 00:47:00,failed,0.0
A00012431,P012431,escalate,1,2026-02-18 13:20:00,failed,0.0
A00012432,P012432,stop,1,2026-01-05 23:46:00,failed,0.0
A00012433,P012433,message,1,2026-03-07 15:35:00,failed,0.0
A00012434,P012434,escalate,1,2026-02-14 14:38:00,failed,0.0
A00012435,P012435,escalate,1,2026-04-04 14:38:00,success,6034.48
A00012436,P012436,retry,1,2026-06-28 02:19:00,failed,0.0
A00012437,P012437,stop,1,2026-05-26 04:00:00,failed,0.0
A00012438,P012438,retry,1,2026-06-05 21:12:00,failed,0.0
A00012439,P012439,retry,1,2026-06-02 22:45:00,success,1329.77
A00012440,P012440,message,1,2026-06-06 00:01:00,success,2781.44
A00012441,P012441,message,1,2026-05-21 13:55:00,failed,0.0
A00012442,P012442,payment_link,1,2026-06-24 01:14:00,success,4686.28
A00012443,P012443,message,1,2026-04-03 08:43:00,failed,0.0
A00012444,P012444,message,1,2026-05-27 15:54:00,failed,0.0
A00012445,P012445,escalate,1,2026-02-28 21:44:00,failed,0.0
A00012446,P012446,message,1,2026-03-20 17:38:00,failed,0.0
A00012447,P012447,message,1,2026-03-31 23:52:00,failed,0.0
A00012448,P012448,message,1,2026-06-14 09:40:00,failed,0.0
A00012449,P012449,retry,1,2026-01-08 16:49:00,failed,0.0
A00012450,P012450,payment_link,1,2026-02-11 05:41:00,success,687.91
A00012451,P012451,retry,1,2026-01-23 23:13:00,failed,0.0
A00012452,P012452,retry,1,2026-06-07 01:46:00,success,12518.17
A00012453,P012453,message,1,2026-03-11 22:46:00,success,2979.46
A00012454,P012454,payment_link,1,2026-03-24 16:38:00,failed,0.0
A00012455,P012455,retry,1,2026-03-31 16:28:00,success,3671.5
A00012456,P012456,message,1,2026-01-30 21:06:00,success,10446.41
A00012457,P012457,message,1,2026-01-25 09:31:00,success,3596.51
A00012458,P012458,payment_link,1,2026-05-11 22:17:00,failed,0.0
A00012459,P012459,stop,1,2026-03-02 22:12:00,failed,0.0
A00012460,P012460,message,1,2026-03-17 23:55:00,failed,0.0
A00012461,P012461,escalate,1,2026-05-11 21:21:00,failed,0.0
A00012462,P012462,retry,1,2026-05-14 03:58:00,failed,0.0
A00012463,P012463,message,1,2026-02-13 10:13:00,success,5561.23
A00012464,P012464,payment_link,1,2026-04-12 01:55:00,failed,0.0
A00012465,P012465,payment_link,1,2026-03-12 14:48:00,success,696.91
A00012466,P012466,stop,1,2026-05-24 23:12:00,failed,0.0
A00012467,P012467,payment_link,1,2026-03-03 20:44:00,success,2073.49
A00012468,P012468,message,1,2026-01-02 06:26:00,failed,0.0
A00012469,P012469,retry,1,2026-01-28 18:12:00,failed,0.0
A00012470,P012470,message,1,2026-02-23 04:32:00,failed,0.0
A00012471,P012471,message,1,2026-01-16 08:13:00,failed,0.0
A00012472,P012472,retry,1,2026-01-29 13:56:00,failed,0.0
A00012473,P012473,stop,1,2026-03-06 10:46:00,success,1867.13
A00012474,P012474,payment_link,1,2026-02-26 00:39:00,failed,0.0
A00012475,P012475,message,1,2026-04-19 14:23:00,failed,0.0
A00012476,P012476,escalate,1,2026-03-23 20:29:00,success,1094.58
A00012477,P012477,message,1,2026-05-11 15:54:00,success,777.89
A00012478,P012478,retry,1,2026-04-17 15:11:00,failed,0.0
A00012479,P012479,stop,1,2026-03-21 02:33:00,failed,0.0
A00012480,P012480,retry,1,2026-01-14 16:15:00,failed,0.0
A00012481,P012481,stop,1,2026-03-09 00:17:00,failed,0.0
A00012482,P012482,stop,1,2026-02-05 22:37:00,failed,0.0
A00012483,P012483,stop,1,2026-02-13 08:15:00,failed,0.0
A00012484,P012484,escalate,1,2026-01-26 12:26:00,success,7236.73
A00012485,P012485,escalate,1,2026-05-23 20:27:00,failed,0.0
A00012486,P012486,payment_link,1,2026-02-09 20:03:00,success,3965.02
A00012487,P012487,stop,1,2026-02-07 15:09:00,failed,0.0
A00012488,P012488,message,1,2026-01-23 02:42:00,failed,0.0
A00012489,P012489,retry,1,2026-06-28 17:37:00,failed,0.0
A00012490,P012490,payment_link,1,2026-06-13 05:10:00,success,4672.03
A00012491,P012491,escalate,1,2026-05-11 05:30:00,failed,0.0
A00012492,P012492,payment_link,1,2026-04-26 12:10:00,failed,0.0
A00012493,P012493,stop,1,2026-04-20 01:06:00,failed,0.0
A00012494,P012494,escalate,1,2026-02-02 12:05:00,failed,0.0
A00012495,P012495,message,1,2026-03-12 19:21:00,failed,0.0
A00012496,P012496,retry,1,2026-05-14 01:42:00,success,1765.93
A00012497,P012497,payment_link,1,2026-01-27 14:50:00,success,888.85
A00012498,P012498,message,1,2026-03-12 09:07:00,failed,0.0
A00012499,P012499,stop,1,2026-04-23 12:25:00,success,9121.89
A00012500,P012500,payment_link,1,2026-05-08 09:14:00,failed,0.0
A00012501,P012501,escalate,1,2026-02-11 17:05:00,success,3030.33
A00012502,P012502,message,1,2026-01-15 20:48:00,success,3066.0
A00012503,P012503,payment_link,1,2026-04-20 17:49:00,failed,0.0
A00012504,P012504,retry,1,2026-04-13 03:07:00,success,2470.14
A00012505,P012505,escalate,1,2026-05-30 02:51:00,failed,0.0
A00012506,P012506,retry,1,2026-06-14 17:06:00,failed,0.0
A00012507,P012507,retry,1,2026-02-14 05:41:00,success,2392.34
A00012508,P012508,retry,1,2026-04-04 02:46:00,success,3347.63
A00012509,P012509,escalate,1,2026-01-18 06:43:00,success,2873.26
A00012510,P012510,stop,1,2026-01-12 18:45:00,failed,0.0
A00012511,P012511,payment_link,1,2026-05-01 23:04:00,success,1350.09
A00012512,P012512,stop,1,2026-06-25 08:49:00,failed,0.0
A00012513,P012513,payment_link,1,2026-05-08 03:04:00,failed,0.0
A00012514,P012514,stop,1,2026-05-10 23:21:00,failed,0.0
A00012515,P012515,message,1,2026-01-24 15:17:00,success,2592.9
A00012516,P012516,stop,1,2026-06-15 22:51:00,failed,0.0
A00012517,P012517,stop,1,2026-03-30 11:28:00,failed,0.0
A00012518,P012518,stop,1,2026-01-20 03:08:00,failed,0.0
A00012519,P012519,retry,1,2026-01-06 06:26:00,failed,0.0
A00012520,P012520,payment_link,1,2026-03-25 13:37:00,success,3653.72
A00012521,P012521,stop,1,2026-04-23 13:49:00,failed,0.0
A00012522,P012522,stop,1,2026-01-27 15:10:00,failed,0.0
A00012523,P012523,escalate,1,2026-05-31 22:41:00,failed,0.0
A00012524,P012524,retry,1,2026-04-05 03:05:00,failed,0.0
A00012525,P012525,message,1,2026-05-14 14:23:00,failed,0.0
A00012526,P012526,retry,1,2026-04-14 16:39:00,failed,0.0
A00012527,P012527,message,1,2026-05-28 16:19:00,success,24544.88
A00012528,P012528,retry,1,2026-05-27 13:47:00,success,13531.36
A00012529,P012529,message,1,2026-04-15 22:00:00,success,1518.54
A00012530,P012530,escalate,1,2026-02-23 13:08:00,failed,0.0
A00012531,P012531,message,1,2026-02-05 00:11:00,success,5399.28
A00012532,P012532,retry,1,2026-05-18 10:37:00,failed,0.0
A00012533,P012533,retry,1,2026-03-13 10:33:00,success,2909.92
A00012534,P012534,payment_link,1,2026-01-24 03:09:00,success,40475.92
A00012535,P012535,message,1,2026-01-27 11:36:00,failed,0.0
A00012536,P012536,escalate,1,2026-05-31 18:34:00,failed,0.0
A00012537,P012537,message,1,2026-05-10 19:53:00,success,1275.14
A00012538,P012538,retry,1,2026-04-05 21:22:00,success,1996.76
A00012539,P012539,payment_link,1,2026-05-11 08:59:00,success,2490.46
A00012540,P012540,message,1,2026-04-14 08:18:00,failed,0.0
A00012541,P012541,stop,1,2026-02-03 13:11:00,failed,0.0
A00012542,P012542,message,1,2026-02-14 10:51:00,failed,0.0
A00012543,P012543,message,1,2026-06-03 12:28:00,failed,0.0
A00012544,P012544,escalate,1,2026-04-11 10:34:00,failed,0.0
A00012545,P012545,stop,1,2026-04-21 02:16:00,success,1448.83
A00012546,P012546,stop,1,2026-02-16 15:45:00,failed,0.0
A00012547,P012547,escalate,1,2026-01-04 10:06:00,failed,0.0
A00012548,P012548,retry,1,2026-02-11 13:05:00,failed,0.0
A00012549,P012549,escalate,1,2026-01-01 09:32:00,failed,0.0
A00012550,P012550,escalate,1,2026-02-04 02:13:00,success,7469.99
A00012551,P012551,escalate,1,2026-06-27 03:33:00,success,1122.19
A00012552,P012552,stop,1,2026-04-05 14:07:00,failed,0.0
A00012553,P012553,escalate,1,2026-04-01 02:20:00,failed,0.0
A00012554,P012554,stop,1,2026-03-04 15:18:00,failed,0.0
A00012555,P012555,retry,1,2026-06-01 17:07:00,success,2374.88
A00012556,P012556,message,1,2026-05-13 04:39:00,failed,0.0
A00012557,P012557,escalate,1,2026-03-31 16:48:00,success,1595.05
A00012558,P012558,stop,1,2026-03-30 11:36:00,failed,0.0
A00012559,P012559,escalate,1,2026-05-22 14:46:00,failed,0.0
A00012560,P012560,retry,1,2026-02-15 05:16:00,failed,0.0
A00012561,P012561,message,1,2026-06-15 22:18:00,success,4827.0
A00012562,P012562,message,1,2026-01-04 19:11:00,success,3257.73
A00012563,P012563,message,1,2026-03-25 04:56:00,success,1283.41
A00012564,P012564,escalate,1,2026-03-16 10:18:00,success,4319.49
A00012565,P012565,stop,1,2026-03-13 11:40:00,failed,0.0
A00012566,P012566,stop,1,2026-05-26 16:29:00,failed,0.0
A00012567,P012567,escalate,1,2026-03-12 08:11:00,success,10360.01
A00012568,P012568,retry,1,2026-01-06 18:35:00,success,1282.34
A00012569,P012569,message,1,2026-04-10 17:35:00,failed,0.0
A00012570,P012570,retry,1,2026-01-06 08:11:00,failed,0.0
A00012571,P012571,stop,1,2026-01-31 01:21:00,failed,0.0
A00012572,P012572,retry,1,2026-04-15 20:03:00,success,3892.16
A00012573,P012573,escalate,1,2026-01-24 15:57:00,success,3431.26
A00012574,P012574,message,1,2026-04-06 06:38:00,success,1710.98
A00012575,P012575,stop,1,2026-04-15 02:21:00,failed,0.0
A00012576,P012576,stop,1,2026-02-17 02:26:00,failed,0.0
A00012577,P012577,message,1,2026-01-12 00:14:00,success,2502.7
A00012578,P012578,message,1,2026-03-21 03:28:00,failed,0.0
A00012579,P012579,retry,1,2026-06-17 14:36:00,failed,0.0
A00012580,P012580,stop,1,2026-05-26 15:52:00,failed,0.0
A00012581,P012581,escalate,1,2026-06-22 19:35:00,success,1775.05
A00012582,P012582,retry,1,2026-06-19 15:32:00,failed,0.0
A00012583,P012583,retry,1,2026-04-06 08:42:00,failed,0.0
A00012584,P012584,retry,1,2026-01-15 10:14:00,success,12050.56
A00012585,P012585,escalate,1,2026-03-01 22:20:00,failed,0.0
A00012586,P012586,escalate,1,2026-04-04 10:46:00,success,7922.44
A00012587,P012587,message,1,2026-04-01 15:52:00,failed,0.0
A00012588,P012588,message,1,2026-04-27 21:16:00,success,6403.16
A00012589,P012589,escalate,1,2026-05-26 05:45:00,failed,0.0
A00012590,P012590,stop,1,2026-04-12 05:46:00,failed,0.0
A00012591,P012591,retry,1,2026-03-13 19:05:00,success,1291.8
A00012592,P012592,message,1,2026-04-01 06:30:00,success,1024.59
A00012593,P012593,stop,1,2026-04-16 04:36:00,failed,0.0
A00012594,P012594,message,1,2026-05-29 21:06:00,failed,0.0
A00012595,P012595,stop,1,2026-04-30 14:15:00,failed,0.0
A00012596,P012596,message,1,2026-01-29 14:40:00,success,3896.9
A00012597,P012597,payment_link,1,2026-02-12 23:13:00,failed,0.0
A00012598,P012598,payment_link,1,2026-05-26 23:44:00,success,1134.29
A00012599,P012599,escalate,1,2026-03-18 09:44:00,failed,0.0
A00012600,P012600,escalate,1,2026-02-28 08:15:00,failed,0.0
A00012601,P012601,retry,1,2026-04-22 13:08:00,failed,0.0
A00012602,P012602,retry,1,2026-03-19 12:44:00,failed,0.0
A00012603,P012603,retry,1,2026-04-22 07:00:00,failed,0.0
A00012604,P012604,payment_link,1,2026-02-28 01:00:00,success,5755.74
A00012605,P012605,escalate,1,2026-02-22 06:17:00,success,7450.58
A00012606,P012606,retry,1,2026-05-16 13:17:00,success,6221.43
A00012607,P012607,message,1,2026-02-26 04:56:00,success,3659.05
A00012608,P012608,escalate,1,2026-02-13 22:08:00,failed,0.0
A00012609,P012609,stop,1,2026-05-27 14:36:00,failed,0.0
A00012610,P012610,escalate,1,2026-02-14 11:41:00,failed,0.0
A00012611,P012611,retry,1,2026-01-27 06:02:00,success,873.95
A00012612,P012612,retry,1,2026-04-15 11:31:00,success,4621.92
A00012613,P012613,retry,1,2026-03-25 17:23:00,failed,0.0
A00012614,P012614,stop,1,2026-06-19 01:38:00,failed,0.0
A00012615,P012615,stop,1,2026-02-27 10:55:00,failed,0.0
A00012616,P012616,stop,1,2026-04-23 20:34:00,failed,0.0
A00012617,P012617,retry,1,2026-01-09 01:24:00,success,14311.7
A00012618,P012618,escalate,1,2026-03-28 22:45:00,success,2398.98
A00012619,P012619,retry,1,2026-05-04 17:39:00,success,2023.41
A00012620,P012620,retry,1,2026-06-14 18:16:00,failed,0.0
A00012621,P012621,payment_link,1,2026-06-05 17:23:00,failed,0.0
A00012622,P012622,message,1,2026-02-13 04:36:00,failed,0.0
A00012623,P012623,escalate,1,2026-06-02 12:03:00,failed,0.0
A00012624,P012624,retry,1,2026-02-26 07:07:00,failed,0.0
A00012625,P012625,escalate,1,2026-04-15 05:13:00,success,1256.52
A00012626,P012626,payment_link,1,2026-01-26 23:17:00,success,6775.02
A00012627,P012627,stop,1,2026-04-29 22:34:00,failed,0.0
A00012628,P012628,escalate,1,2026-03-24 02:21:00,failed,0.0
A00012629,P012629,message,1,2026-05-06 11:17:00,success,3291.87
A00012630,P012630,retry,1,2026-06-25 06:41:00,failed,0.0
A00012631,P012631,payment_link,1,2026-06-12 23:21:00,success,3575.64
A00012632,P012632,stop,1,2026-04-29 20:15:00,failed,0.0
A00012633,P012633,stop,1,2026-01-30 04:21:00,failed,0.0
A00012634,P012634,payment_link,1,2026-03-24 14:06:00,success,4474.97
A00012635,P012635,retry,1,2026-01-16 14:28:00,success,510.55
A00012636,P012636,payment_link,1,2026-03-29 08:45:00,success,2547.18
A00012637,P012637,message,1,2026-05-21 14:04:00,success,2527.02
A00012638,P012638,retry,1,2026-01-15 16:45:00,failed,0.0
A00012639,P012639,escalate,1,2026-06-06 00:48:00,success,5575.73
A00012640,P012640,stop,1,2026-02-09 01:45:00,success,4674.57
A00012641,P012641,retry,1,2026-02-16 08:02:00,success,1672.2
A00012642,P012642,retry,1,2026-06-24 15:02:00,failed,0.0
A00012643,P012643,payment_link,1,2026-02-23 19:42:00,success,4834.14
A00012644,P012644,stop,1,2026-06-09 19:53:00,failed,0.0
A00012645,P012645,message,1,2026-06-21 07:28:00,failed,0.0
A00012646,P012646,payment_link,1,2026-05-22 06:59:00,success,3087.22
A00012647,P012647,escalate,1,2026-02-28 07:05:00,failed,0.0
A00012648,P012648,stop,1,2026-03-20 20:56:00,failed,0.0
A00012649,P012649,stop,1,2026-04-21 03:05:00,failed,0.0
A00012650,P012650,stop,1,2026-03-23 06:08:00,failed,0.0
A00012651,P012651,stop,1,2026-01-03 20:00:00,failed,0.0
A00012652,P012652,escalate,1,2026-02-07 17:06:00,failed,0.0
A00012653,P012653,payment_link,1,2026-04-29 12:17:00,success,3146.97
A00012654,P012654,retry,1,2026-02-07 04:16:00,success,4998.27
A00012655,P012655,retry,1,2026-06-10 02:06:00,failed,0.0
A00012656,P012656,payment_link,1,2026-04-17 10:24:00,failed,0.0
A00012657,P012657,stop,1,2026-05-15 13:22:00,failed,0.0
A00012658,P012658,escalate,1,2026-05-25 12:56:00,success,1668.94
A00012659,P012659,payment_link,1,2026-04-09 05:15:00,failed,0.0
A00012660,P012660,message,1,2026-06-09 20:50:00,success,23521.55
A00012661,P012661,escalate,1,2026-02-27 09:45:00,failed,0.0
A00012662,P012662,escalate,1,2026-06-04 19:09:00,failed,0.0
A00012663,P012663,payment_link,1,2026-01-26 20:29:00,success,593.43
A00012664,P012664,retry,1,2026-01-06 11:26:00,failed,0.0
A00012665,P012665,message,1,2026-01-03 04:22:00,failed,0.0
A00012666,P012666,retry,1,2026-03-09 00:20:00,failed,0.0
A00012667,P012667,retry,1,2026-05-30 21:25:00,success,15497.72
A00012668,P012668,escalate,1,2026-06-23 08:43:00,failed,0.0
A00012669,P012669,escalate,1,2026-06-09 02:57:00,failed,0.0
A00012670,P012670,retry,1,2026-03-02 07:55:00,success,3417.32
A00012671,P012671,message,1,2026-04-20 09:42:00,failed,0.0
A00012672,P012672,escalate,1,2026-06-18 10:19:00,success,6964.76
A00012673,P012673,escalate,1,2026-04-10 11:23:00,failed,0.0
A00012674,P012674,escalate,1,2026-05-12 19:09:00,success,1709.56
A00012675,P012675,escalate,1,2026-05-07 18:19:00,failed,0.0
A00012676,P012676,stop,1,2026-03-28 09:03:00,failed,0.0
A00012677,P012677,escalate,1,2026-06-05 14:58:00,failed,0.0
A00012678,P012678,escalate,1,2026-01-27 14:54:00,failed,0.0
A00012679,P012679,message,1,2026-05-26 19:42:00,success,4214.16
A00012680,P012680,stop,1,2026-04-03 20:47:00,failed,0.0
A00012681,P012681,payment_link,1,2026-05-15 12:50:00,failed,0.0
A00012682,P012682,payment_link,1,2026-06-19 19:04:00,success,3022.83
A00012683,P012683,payment_link,1,2026-06-13 11:09:00,failed,0.0
A00012684,P012684,message,1,2026-06-11 00:39:00,success,4474.43
A00012685,P012685,retry,1,2026-05-30 22:30:00,success,5446.38
A00012686,P012686,stop,1,2026-02-11 19:13:00,failed,0.0
A00012687,P012687,retry,1,2026-04-09 11:03:00,success,8510.8
A00012688,P012688,escalate,1,2026-04-19 13:50:00,failed,0.0
A00012689,P012689,message,1,2026-04-26 21:41:00,failed,0.0
A00012690,P012690,message,1,2026-02-27 22:55:00,success,1044.81
A00012691,P012691,escalate,1,2026-02-16 06:02:00,failed,0.0
A00012692,P012692,escalate,1,2026-03-22 03:13:00,failed,0.0
A00012693,P012693,escalate,1,2026-02-20 21:26:00,failed,0.0
A00012694,P012694,message,1,2026-03-12 20:49:00,failed,0.0
A00012695,P012695,payment_link,1,2026-02-06 00:19:00,failed,0.0
A00012696,P012696,retry,1,2026-04-25 03:07:00,success,7833.7
A00012697,P012697,retry,1,2026-02-07 23:20:00,success,1291.92
A00012698,P012698,retry,1,2026-02-28 12:04:00,failed,0.0
A00012699,P012699,payment_link,1,2026-01-22 11:04:00,failed,0.0
A00012700,P012700,retry,1,2026-05-15 20:06:00,failed,0.0
A00012701,P012701,escalate,1,2026-02-13 14:55:00,success,1390.58
A00012702,P012702,payment_link,1,2026-04-11 06:10:00,failed,0.0
A00012703,P012703,stop,1,2026-02-19 09:11:00,failed,0.0
A00012704,P012704,escalate,1,2026-04-08 22:21:00,failed,0.0
A00012705,P012705,retry,1,2026-06-16 08:27:00,success,1283.42
A00012706,P012706,escalate,1,2026-05-20 09:19:00,failed,0.0
A00012707,P012707,stop,1,2026-02-03 21:08:00,failed,0.0
A00012708,P012708,retry,1,2026-02-08 23:00:00,failed,0.0
A00012709,P012709,stop,1,2026-01-30 04:05:00,failed,0.0
A00012710,P012710,payment_link,1,2026-02-21 08:32:00,failed,0.0
A00012711,P012711,payment_link,1,2026-05-03 04:20:00,failed,0.0
A00012712,P012712,stop,1,2026-04-26 18:56:00,success,4096.4
A00012713,P012713,retry,1,2026-04-23 10:05:00,success,42740.55
A00012714,P012714,message,1,2026-06-23 14:23:00,success,638.55
A00012715,P012715,retry,1,2026-04-25 22:53:00,success,20383.55
A00012716,P012716,payment_link,1,2026-06-23 23:52:00,success,3094.4
A00012717,P012717,escalate,1,2026-03-04 03:36:00,failed,0.0
A00012718,P012718,payment_link,1,2026-01-11 15:26:00,failed,0.0
A00012719,P012719,stop,1,2026-02-13 05:21:00,failed,0.0
A00012720,P012720,escalate,1,2026-03-15 11:51:00,failed,0.0
A00012721,P012721,payment_link,1,2026-02-15 01:13:00,failed,0.0
A00012722,P012722,payment_link,1,2026-05-16 14:05:00,failed,0.0
A00012723,P012723,message,1,2026-05-05 12:12:00,success,10292.29
A00012724,P012724,payment_link,1,2026-05-27 05:24:00,failed,0.0
A00012725,P012725,message,1,2026-05-12 01:16:00,failed,0.0
A00012726,P012726,payment_link,1,2026-03-30 07:51:00,success,3912.94
A00012727,P012727,message,1,2026-06-02 22:01:00,failed,0.0
A00012728,P012728,stop,1,2026-01-05 17:06:00,failed,0.0
A00012729,P012729,retry,1,2026-06-10 18:04:00,failed,0.0
A00012730,P012730,payment_link,1,2026-06-10 20:52:00,failed,0.0
A00012731,P012731,retry,1,2026-03-01 04:00:00,success,3482.11
A00012732,P012732,payment_link,1,2026-02-25 15:41:00,success,15582.36
A00012733,P012733,payment_link,1,2026-02-17 04:40:00,success,1211.56
A00012734,P012734,escalate,1,2026-05-24 04:39:00,failed,0.0
A00012735,P012735,message,1,2026-02-01 22:35:00,failed,0.0
A00012736,P012736,escalate,1,2026-04-09 02:13:00,failed,0.0
A00012737,P012737,escalate,1,2026-02-03 16:09:00,failed,0.0
A00012738,P012738,retry,1,2026-06-27 12:30:00,success,5778.9
A00012739,P012739,retry,1,2026-02-21 19:40:00,failed,0.0
A00012740,P012740,payment_link,1,2026-05-17 22:05:00,failed,0.0
A00012741,P012741,stop,1,2026-01-27 16:16:00,failed,0.0
A00012742,P012742,retry,1,2026-04-20 10:45:00,success,22766.27
A00012743,P012743,payment_link,1,2026-03-27 03:17:00,failed,0.0
A00012744,P012744,payment_link,1,2026-04-01 20:16:00,failed,0.0
A00012745,P012745,stop,1,2026-02-10 21:28:00,failed,0.0
A00012746,P012746,payment_link,1,2026-04-15 18:22:00,failed,0.0
A00012747,P012747,stop,1,2026-04-08 07:27:00,failed,0.0
A00012748,P012748,stop,1,2026-03-09 23:53:00,failed,0.0
A00012749,P012749,escalate,1,2026-04-03 04:33:00,failed,0.0
A00012750,P012750,payment_link,1,2026-02-13 05:24:00,failed,0.0
A00012751,P012751,stop,1,2026-06-16 14:32:00,failed,0.0
A00012752,P012752,escalate,1,2026-06-17 15:08:00,success,2333.39
A00012753,P012753,payment_link,1,2026-05-18 11:43:00,failed,0.0
A00012754,P012754,message,1,2026-03-26 16:44:00,failed,0.0
A00012755,P012755,payment_link,1,2026-01-06 15:31:00,success,7300.7
A00012756,P012756,payment_link,1,2026-01-17 06:39:00,success,1401.16
A00012757,P012757,payment_link,1,2026-01-29 07:21:00,success,3662.67
A00012758,P012758,retry,1,2026-06-29 06:59:00,failed,0.0
A00012759,P012759,payment_link,1,2026-06-08 15:42:00,failed,0.0
A00012760,P012760,escalate,1,2026-01-13 15:11:00,success,2745.38
A00012761,P012761,retry,1,2026-01-22 09:36:00,failed,0.0
A00012762,P012762,message,1,2026-06-12 20:36:00,failed,0.0
A00012763,P012763,stop,1,2026-03-19 15:17:00,failed,0.0
A00012764,P012764,stop,1,2026-02-10 16:16:00,failed,0.0
A00012765,P012765,message,1,2026-04-24 11:42:00,failed,0.0
A00012766,P012766,stop,1,2026-04-21 00:32:00,failed,0.0
A00012767,P012767,message,1,2026-04-09 18:48:00,failed,0.0
A00012768,P012768,retry,1,2026-01-29 18:31:00,success,1369.93
A00012769,P012769,stop,1,2026-06-25 15:41:00,failed,0.0
A00012770,P012770,stop,1,2026-06-25 21:36:00,failed,0.0
A00012771,P012771,payment_link,1,2026-05-16 17:01:00,failed,0.0
A00012772,P012772,retry,1,2026-02-02 17:22:00,failed,0.0
A00012773,P012773,retry,1,2026-06-20 06:54:00,failed,0.0
A00012774,P012774,message,1,2026-02-21 18:57:00,failed,0.0
A00012775,P012775,message,1,2026-05-25 05:59:00,failed,0.0
A00012776,P012776,message,1,2026-01-14 05:23:00,failed,0.0
A00012777,P012777,escalate,1,2026-05-21 13:28:00,success,3458.01
A00012778,P012778,escalate,1,2026-05-23 11:08:00,success,1746.21
A00012779,P012779,stop,1,2026-02-14 23:52:00,failed,0.0
A00012780,P012780,stop,1,2026-05-18 13:48:00,failed,0.0
A00012781,P012781,stop,1,2026-03-15 15:02:00,failed,0.0
A00012782,P012782,message,1,2026-05-12 14:16:00,failed,0.0
A00012783,P012783,message,1,2026-02-16 15:15:00,success,406.44
A00012784,P012784,stop,1,2026-03-16 14:08:00,failed,0.0
A00012785,P012785,escalate,1,2026-03-17 17:38:00,failed,0.0
A00012786,P012786,payment_link,1,2026-02-20 01:27:00,success,3697.63
A00012787,P012787,escalate,1,2026-04-03 11:28:00,success,1192.14
A00012788,P012788,payment_link,1,2026-05-17 22:37:00,success,3695.1
A00012789,P012789,retry,1,2026-01-07 21:13:00,success,1424.71
A00012790,P012790,payment_link,1,2026-06-23 05:03:00,success,719.6
A00012791,P012791,payment_link,1,2026-03-23 17:04:00,failed,0.0
A00012792,P012792,retry,1,2026-01-09 17:10:00,failed,0.0
A00012793,P012793,retry,1,2026-04-27 10:11:00,success,2889.53
A00012794,P012794,retry,1,2026-04-02 19:03:00,failed,0.0
A00012795,P012795,payment_link,1,2026-02-01 13:49:00,success,3307.6
A00012796,P012796,payment_link,1,2026-04-03 21:58:00,success,1898.8
A00012797,P012797,message,1,2026-05-04 06:17:00,success,1646.96
A00012798,P012798,payment_link,1,2026-01-25 12:11:00,success,2672.51
A00012799,P012799,retry,1,2026-05-12 20:51:00,success,4347.44
A00012800,P012800,escalate,1,2026-04-24 21:41:00,success,7992.55
A00012801,P012801,retry,1,2026-06-05 17:57:00,failed,0.0
A00012802,P012802,stop,1,2026-05-17 01:17:00,failed,0.0
A00012803,P012803,message,1,2026-01-21 14:42:00,success,3807.0
A00012804,P012804,retry,1,2026-06-25 03:45:00,failed,0.0
A00012805,P012805,payment_link,1,2026-04-02 00:19:00,failed,0.0
A00012806,P012806,retry,1,2026-01-14 04:05:00,success,6697.15
A00012807,P012807,payment_link,1,2026-03-22 09:04:00,success,41701.53
A00012808,P012808,stop,1,2026-04-29 18:12:00,failed,0.0
A00012809,P012809,retry,1,2026-01-21 09:36:00,success,668.6
A00012810,P012810,message,1,2026-04-20 11:32:00,success,3968.26
A00012811,P012811,stop,1,2026-06-20 15:21:00,failed,0.0
A00012812,P012812,escalate,1,2026-01-14 07:33:00,failed,0.0
A00012813,P012813,retry,1,2026-03-24 15:01:00,success,3957.74
A00012814,P012814,retry,1,2026-04-29 20:01:00,failed,0.0
A00012815,P012815,payment_link,1,2026-06-13 18:43:00,success,1166.86
A00012816,P012816,retry,1,2026-04-19 09:37:00,failed,0.0
A00012817,P012817,stop,1,2026-01-23 15:51:00,failed,0.0
A00012818,P012818,retry,1,2026-02-17 00:13:00,success,14485.28
A00012819,P012819,stop,1,2026-06-26 20:19:00,failed,0.0
A00012820,P012820,stop,1,2026-06-05 06:15:00,failed,0.0
A00012821,P012821,retry,1,2026-01-14 03:46:00,success,4633.29
A00012822,P012822,escalate,1,2026-01-27 22:50:00,success,586.82
A00012823,P012823,retry,1,2026-03-24 15:59:00,success,9012.45
A00012824,P012824,retry,1,2026-03-19 20:36:00,failed,0.0
A00012825,P012825,stop,1,2026-03-14 19:29:00,failed,0.0
A00012826,P012826,retry,1,2026-04-15 14:19:00,failed,0.0
A00012827,P012827,retry,1,2026-01-24 04:04:00,success,6467.15
A00012828,P012828,payment_link,1,2026-04-09 07:35:00,failed,0.0
A00012829,P012829,escalate,1,2026-02-02 13:33:00,success,15376.37
A00012830,P012830,message,1,2026-05-05 12:37:00,success,2303.34
A00012831,P012831,message,1,2026-06-04 04:12:00,success,7842.21
A00012832,P012832,payment_link,1,2026-01-19 14:20:00,failed,0.0
A00012833,P012833,escalate,1,2026-04-17 15:49:00,failed,0.0
A00012834,P012834,stop,1,2026-04-28 16:52:00,failed,0.0
A00012835,P012835,stop,1,2026-05-08 11:08:00,failed,0.0
A00012836,P012836,escalate,1,2026-05-04 16:02:00,success,2593.55
A00012837,P012837,stop,1,2026-01-24 21:30:00,failed,0.0
A00012838,P012838,retry,1,2026-06-02 22:54:00,failed,0.0
A00012839,P012839,escalate,1,2026-03-11 09:23:00,success,36456.96
A00012840,P012840,escalate,1,2026-01-03 02:45:00,success,7301.34
A00012841,P012841,message,1,2026-02-05 23:34:00,success,688.29
A00012842,P012842,retry,1,2026-05-31 07:06:00,success,8112.98
A00012843,P012843,escalate,1,2026-01-27 02:41:00,success,1061.27
A00012844,P012844,stop,1,2026-05-15 16:54:00,failed,0.0
A00012845,P012845,message,1,2026-06-26 09:21:00,success,4048.03
A00012846,P012846,message,1,2026-05-04 22:07:00,failed,0.0
A00012847,P012847,message,1,2026-01-31 12:19:00,success,2595.85
A00012848,P012848,retry,1,2026-03-16 05:25:00,failed,0.0
A00012849,P012849,payment_link,1,2026-05-06 10:35:00,failed,0.0
A00012850,P012850,stop,1,2026-01-14 09:43:00,failed,0.0
A00012851,P012851,retry,1,2026-02-08 05:41:00,failed,0.0
A00012852,P012852,escalate,1,2026-03-01 07:46:00,failed,0.0
A00012853,P012853,message,1,2026-02-17 21:23:00,failed,0.0
A00012854,P012854,escalate,1,2026-04-07 13:44:00,success,42545.47
A00012855,P012855,stop,1,2026-06-30 00:14:00,failed,0.0
A00012856,P012856,escalate,1,2026-03-01 17:28:00,success,2074.46
A00012857,P012857,message,1,2026-01-28 17:57:00,failed,0.0
A00012858,P012858,payment_link,1,2026-05-21 11:29:00,failed,0.0
A00012859,P012859,retry,1,2026-02-28 09:59:00,success,5038.22
A00012860,P012860,retry,1,2026-02-12 21:10:00,failed,0.0
A00012861,P012861,stop,1,2026-02-19 22:35:00,failed,0.0
A00012862,P012862,payment_link,1,2026-02-22 17:55:00,failed,0.0
A00012863,P012863,retry,1,2026-01-18 18:20:00,success,3002.16
A00012864,P012864,retry,1,2026-02-15 15:39:00,failed,0.0
A00012865,P012865,message,1,2026-03-25 11:58:00,success,6375.77
A00012866,P012866,payment_link,1,2026-01-09 02:40:00,failed,0.0
A00012867,P012867,payment_link,1,2026-06-23 16:37:00,failed,0.0
A00012868,P012868,stop,1,2026-03-09 15:12:00,failed,0.0
A00012869,P012869,retry,1,2026-01-28 07:00:00,failed,0.0
A00012870,P012870,stop,1,2026-01-30 17:56:00,failed,0.0
A00012871,P012871,escalate,1,2026-05-27 16:48:00,failed,0.0
A00012872,P012872,stop,1,2026-05-20 06:53:00,failed,0.0
A00012873,P012873,message,1,2026-05-12 20:21:00,failed,0.0
A00012874,P012874,escalate,1,2026-01-31 03:43:00,success,787.93
A00012875,P012875,stop,1,2026-03-21 16:35:00,failed,0.0
A00012876,P012876,retry,1,2026-03-07 11:18:00,success,8092.0
A00012877,P012877,escalate,1,2026-01-21 21:38:00,success,7977.02
A00012878,P012878,message,1,2026-03-09 00:11:00,failed,0.0
A00012879,P012879,message,1,2026-06-26 22:34:00,failed,0.0
A00012880,P012880,escalate,1,2026-05-10 13:28:00,failed,0.0
A00012881,P012881,payment_link,1,2026-05-25 22:28:00,failed,0.0
A00012882,P012882,escalate,1,2026-06-23 18:47:00,success,4004.37
A00012883,P012883,stop,1,2026-06-23 21:41:00,failed,0.0
A00012884,P012884,escalate,1,2026-03-10 13:29:00,failed,0.0
A00012885,P012885,message,1,2026-01-11 14:30:00,success,5688.7
A00012886,P012886,retry,1,2026-04-22 04:13:00,failed,0.0
A00012887,P012887,payment_link,1,2026-02-21 21:48:00,failed,0.0
A00012888,P012888,retry,1,2026-01-15 15:37:00,success,2191.19
A00012889,P012889,message,1,2026-02-07 19:28:00,success,35560.93
A00012890,P012890,escalate,1,2026-06-05 20:03:00,success,7381.24
A00012891,P012891,retry,1,2026-05-17 21:51:00,success,1086.88
A00012892,P012892,stop,1,2026-04-22 19:06:00,failed,0.0
A00012893,P012893,payment_link,1,2026-01-10 21:16:00,failed,0.0
A00012894,P012894,retry,1,2026-06-08 17:24:00,failed,0.0
A00012895,P012895,payment_link,1,2026-03-28 07:56:00,failed,0.0
A00012896,P012896,stop,1,2026-06-18 16:26:00,failed,0.0
A00012897,P012897,escalate,1,2026-01-31 01:37:00,failed,0.0
A00012898,P012898,payment_link,1,2026-06-24 06:52:00,failed,0.0
A00012899,P012899,stop,1,2026-03-06 20:16:00,failed,0.0
A00012900,P012900,message,1,2026-06-13 03:41:00,failed,0.0
A00012901,P012901,escalate,1,2026-05-05 03:23:00,success,6051.19
A00012902,P012902,payment_link,1,2026-05-22 08:10:00,success,2959.33
A00012903,P012903,stop,1,2026-03-15 11:03:00,failed,0.0
A00012904,P012904,payment_link,1,2026-02-12 22:20:00,success,8617.87
A00012905,P012905,escalate,1,2026-04-30 10:16:00,failed,0.0
A00012906,P012906,retry,1,2026-06-10 07:22:00,success,3723.45
A00012907,P012907,payment_link,1,2026-04-12 08:26:00,success,3514.37
A00012908,P012908,payment_link,1,2026-06-11 20:01:00,success,4708.12
A00012909,P012909,message,1,2026-02-16 13:04:00,failed,0.0
A00012910,P012910,payment_link,1,2026-03-16 04:19:00,success,4953.25
A00012911,P012911,payment_link,1,2026-01-30 02:45:00,failed,0.0
A00012912,P012912,retry,1,2026-04-10 00:08:00,success,4202.9
A00012913,P012913,message,1,2026-04-17 07:33:00,success,3560.87
A00012914,P012914,escalate,1,2026-05-22 14:54:00,success,4294.48
A00012915,P012915,payment_link,1,2026-06-01 20:07:00,failed,0.0
A00012916,P012916,stop,1,2026-03-15 20:34:00,failed,0.0
A00012917,P012917,retry,1,2026-04-13 14:40:00,failed,0.0
A00012918,P012918,stop,1,2026-01-07 09:16:00,failed,0.0
A00012919,P012919,stop,1,2026-02-01 12:44:00,failed,0.0
A00012920,P012920,stop,1,2026-04-26 17:40:00,failed,0.0
A00012921,P012921,message,1,2026-06-28 12:02:00,failed,0.0
A00012922,P012922,stop,1,2026-02-01 12:53:00,failed,0.0
A00012923,P012923,retry,1,2026-04-02 23:23:00,failed,0.0
A00012924,P012924,stop,1,2026-03-08 00:01:00,failed,0.0
A00012925,P012925,retry,1,2026-04-19 21:55:00,success,995.06
A00012926,P012926,payment_link,1,2026-06-16 20:18:00,failed,0.0
A00012927,P012927,stop,1,2026-01-21 02:57:00,success,759.18
A00012928,P012928,stop,1,2026-05-20 09:25:00,failed,0.0
A00012929,P012929,stop,1,2026-01-02 20:35:00,failed,0.0
A00012930,P012930,retry,1,2026-03-05 15:13:00,failed,0.0
A00012931,P012931,stop,1,2026-02-10 06:59:00,success,4531.46
A00012932,P012932,retry,1,2026-01-23 12:48:00,success,2691.93
A00012933,P012933,retry,1,2026-01-04 23:23:00,success,5979.98
A00012934,P012934,payment_link,1,2026-03-27 08:31:00,failed,0.0
A00012935,P012935,payment_link,1,2026-04-21 07:49:00,failed,0.0
A00012936,P012936,message,1,2026-03-18 03:39:00,success,3908.92
A00012937,P012937,payment_link,1,2026-03-25 09:54:00,success,1605.72
A00012938,P012938,message,1,2026-04-23 12:28:00,failed,0.0
A00012939,P012939,message,1,2026-04-25 15:31:00,failed,0.0
A00012940,P012940,payment_link,1,2026-03-09 09:07:00,success,3938.16
A00012941,P012941,escalate,1,2026-05-06 00:56:00,success,4698.85
A00012942,P012942,message,1,2026-03-18 05:22:00,success,2102.19
A00012943,P012943,retry,1,2026-02-05 10:01:00,success,3570.75
A00012944,P012944,message,1,2026-02-18 10:22:00,failed,0.0
A00012945,P012945,message,1,2026-06-30 04:56:00,success,6498.32
A00012946,P012946,message,1,2026-02-09 01:48:00,success,9618.97
A00012947,P012947,retry,1,2026-05-05 19:04:00,success,4487.36
A00012948,P012948,payment_link,1,2026-01-15 13:16:00,success,1016.3
A00012949,P012949,retry,1,2026-04-29 19:29:00,success,1197.23
A00012950,P012950,stop,1,2026-01-20 13:43:00,failed,0.0
A00012951,P012951,payment_link,1,2026-05-24 17:29:00,success,2579.69
A00012952,P012952,payment_link,1,2026-03-12 06:50:00,failed,0.0
A00012953,P012953,escalate,1,2026-06-09 20:40:00,failed,0.0
A00012954,P012954,escalate,1,2026-01-04 07:26:00,success,1623.12
A00012955,P012955,stop,1,2026-06-04 02:48:00,failed,0.0
A00012956,P012956,retry,1,2026-05-09 15:11:00,failed,0.0
A00012957,P012957,payment_link,1,2026-03-22 10:55:00,failed,0.0
A00012958,P012958,payment_link,1,2026-04-09 01:59:00,failed,0.0
A00012959,P012959,message,1,2026-05-11 09:48:00,success,4867.61
A00012960,P012960,payment_link,1,2026-02-13 16:31:00,failed,0.0
A00012961,P012961,escalate,1,2026-03-20 23:12:00,success,10942.55
A00012962,P012962,stop,1,2026-04-07 05:06:00,success,3465.89
A00012963,P012963,retry,1,2026-03-26 15:19:00,failed,0.0
A00012964,P012964,message,1,2026-04-21 15:29:00,success,11661.1
A00012965,P012965,escalate,1,2026-05-07 03:03:00,failed,0.0
A00012966,P012966,retry,1,2026-02-18 21:15:00,failed,0.0
A00012967,P012967,message,1,2026-05-17 11:01:00,failed,0.0
A00012968,P012968,retry,1,2026-04-14 16:04:00,success,1808.84
A00012969,P012969,payment_link,1,2026-02-10 15:27:00,failed,0.0
A00012970,P012970,escalate,1,2026-03-27 23:13:00,success,2015.3
A00012971,P012971,message,1,2026-04-27 04:56:00,failed,0.0
A00012972,P012972,payment_link,1,2026-01-23 11:49:00,success,5409.17
A00012973,P012973,stop,1,2026-05-21 15:46:00,failed,0.0
A00012974,P012974,stop,1,2026-05-05 01:54:00,failed,0.0
A00012975,P012975,payment_link,1,2026-05-30 17:02:00,failed,0.0
A00012976,P012976,payment_link,1,2026-02-18 06:01:00,success,2528.02
A00012977,P012977,escalate,1,2026-03-17 21:40:00,success,9592.49
A00012978,P012978,stop,1,2026-06-05 01:30:00,failed,0.0
A00012979,P012979,message,1,2026-04-08 18:41:00,success,2129.48
A00012980,P012980,escalate,1,2026-01-13 02:41:00,success,3238.87
A00012981,P012981,retry,1,2026-01-25 17:21:00,failed,0.0
A00012982,P012982,payment_link,1,2026-06-02 11:00:00,failed,0.0
A00012983,P012983,payment_link,1,2026-02-25 01:37:00,failed,0.0
A00012984,P012984,retry,1,2026-02-23 02:06:00,failed,0.0
A00012985,P012985,payment_link,1,2026-04-09 09:00:00,failed,0.0
A00012986,P012986,stop,1,2026-06-04 14:04:00,failed,0.0
A00012987,P012987,retry,1,2026-05-10 05:24:00,failed,0.0
A00012988,P012988,escalate,1,2026-01-16 01:36:00,success,1755.51
A00012989,P012989,escalate,1,2026-03-05 03:07:00,failed,0.0
A00012990,P012990,retry,1,2026-04-08 09:42:00,success,2761.27
A00012991,P012991,stop,1,2026-04-18 14:27:00,failed,0.0
A00012992,P012992,message,1,2026-01-31 16:56:00,success,1387.38
A00012993,P012993,retry,1,2026-01-20 03:33:00,failed,0.0
A00012994,P012994,escalate,1,2026-04-22 11:27:00,success,2062.54
A00012995,P012995,message,1,2026-05-24 23:56:00,failed,0.0
A00012996,P012996,retry,1,2026-03-05 14:29:00,failed,0.0
A00012997,P012997,stop,1,2026-05-24 11:46:00,failed,0.0
A00012998,P012998,payment_link,1,2026-03-26 13:52:00,failed,0.0
A00012999,P012999,retry,1,2026-06-28 12:19:00,success,4208.52
A00013000,P013000,escalate,1,2026-01-14 07:37:00,success,17700.49
A00013001,P013001,message,1,2026-05-10 22:56:00,success,3355.7
A00013002,P013002,payment_link,1,2026-03-10 12:49:00,failed,0.0
A00013003,P013003,escalate,1,2026-05-31 03:04:00,success,3228.84
A00013004,P013004,message,1,2026-01-13 18:31:00,success,3336.87
A00013005,P013005,retry,1,2026-06-08 15:17:00,failed,0.0
A00013006,P013006,escalate,1,2026-04-25 15:20:00,failed,0.0
A00013007,P013007,escalate,1,2026-05-21 12:17:00,failed,0.0
A00013008,P013008,escalate,1,2026-02-24 08:14:00,success,6871.48
A00013009,P013009,payment_link,1,2026-02-11 00:11:00,success,13030.49
A00013010,P013010,message,1,2026-02-15 01:25:00,failed,0.0
A00013011,P013011,retry,1,2026-01-04 10:22:00,failed,0.0
A00013012,P013012,retry,1,2026-03-29 17:14:00,success,1879.88
A00013013,P013013,payment_link,1,2026-06-09 10:22:00,failed,0.0
A00013014,P013014,payment_link,1,2026-02-02 14:57:00,failed,0.0
A00013015,P013015,escalate,1,2026-05-12 06:20:00,failed,0.0
A00013016,P013016,escalate,1,2026-01-06 10:46:00,failed,0.0
A00013017,P013017,payment_link,1,2026-05-24 03:52:00,success,1699.09
A00013018,P013018,message,1,2026-01-10 09:59:00,failed,0.0
A00013019,P013019,stop,1,2026-03-22 02:23:00,failed,0.0
A00013020,P013020,escalate,1,2026-06-29 00:04:00,failed,0.0
A00013021,P013021,payment_link,1,2026-05-20 22:06:00,failed,0.0
A00013022,P013022,stop,1,2026-05-28 05:44:00,failed,0.0
A00013023,P013023,payment_link,1,2026-05-11 11:37:00,failed,0.0
A00013024,P013024,retry,1,2026-03-06 00:50:00,failed,0.0
A00013025,P013025,retry,1,2026-01-15 20:26:00,failed,0.0
A00013026,P013026,payment_link,1,2026-06-23 05:47:00,failed,0.0
A00013027,P013027,retry,1,2026-01-05 23:38:00,failed,0.0
A00013028,P013028,escalate,1,2026-03-23 09:30:00,failed,0.0
A00013029,P013029,stop,1,2026-03-12 16:17:00,failed,0.0
A00013030,P013030,escalate,1,2026-01-09 12:29:00,failed,0.0
A00013031,P013031,payment_link,1,2026-04-21 13:57:00,failed,0.0
A00013032,P013032,message,1,2026-05-14 16:09:00,failed,0.0
A00013033,P013033,stop,1,2026-01-21 17:38:00,success,3960.68
A00013034,P013034,retry,1,2026-02-08 00:51:00,failed,0.0
A00013035,P013035,escalate,1,2026-04-30 21:42:00,failed,0.0
A00013036,P013036,retry,1,2026-03-05 10:50:00,success,2941.95
A00013037,P013037,escalate,1,2026-02-11 18:21:00,success,2183.76
A00013038,P013038,retry,1,2026-06-27 15:29:00,success,4898.57
A00013039,P013039,message,1,2026-06-22 16:01:00,failed,0.0
A00013040,P013040,stop,1,2026-02-03 19:59:00,failed,0.0
A00013041,P013041,message,1,2026-03-11 03:45:00,success,5548.49
A00013042,P013042,message,1,2026-03-25 18:04:00,failed,0.0
A00013043,P013043,retry,1,2026-06-17 16:15:00,failed,0.0
A00013044,P013044,escalate,1,2026-03-04 17:54:00,failed,0.0
A00013045,P013045,stop,1,2026-04-08 07:26:00,failed,0.0
A00013046,P013046,payment_link,1,2026-01-03 13:39:00,success,4366.29
A00013047,P013047,escalate,1,2026-05-17 05:45:00,failed,0.0
A00013048,P013048,retry,1,2026-01-03 01:27:00,success,3394.94
A00013049,P013049,stop,1,2026-01-31 13:33:00,failed,0.0
A00013050,P013050,retry,1,2026-05-31 05:48:00,failed,0.0
A00013051,P013051,payment_link,1,2026-06-26 03:52:00,failed,0.0
A00013052,P013052,escalate,1,2026-02-15 00:47:00,failed,0.0
A00013053,P013053,stop,1,2026-01-05 10:02:00,failed,0.0
A00013054,P013054,payment_link,1,2026-04-27 00:19:00,success,8466.71
A00013055,P013055,escalate,1,2026-04-01 01:12:00,failed,0.0
A00013056,P013056,stop,1,2026-05-19 11:49:00,failed,0.0
A00013057,P013057,escalate,1,2026-01-07 20:39:00,failed,0.0
A00013058,P013058,payment_link,1,2026-01-02 08:02:00,failed,0.0
A00013059,P013059,retry,1,2026-01-14 20:57:00,success,5736.43
A00013060,P013060,stop,1,2026-06-13 09:44:00,failed,0.0
A00013061,P013061,stop,1,2026-01-28 19:32:00,failed,0.0
A00013062,P013062,message,1,2026-01-28 07:28:00,failed,0.0
A00013063,P013063,stop,1,2026-04-06 13:56:00,failed,0.0
A00013064,P013064,retry,1,2026-01-04 18:47:00,failed,0.0
A00013065,P013065,escalate,1,2026-02-23 01:28:00,failed,0.0
A00013066,P013066,retry,1,2026-02-10 17:20:00,success,1593.22
A00013067,P013067,payment_link,1,2026-01-20 21:52:00,success,1051.36
A00013068,P013068,escalate,1,2026-01-24 13:25:00,failed,0.0
A00013069,P013069,stop,1,2026-03-30 13:35:00,failed,0.0
A00013070,P013070,stop,1,2026-03-23 22:02:00,failed,0.0
A00013071,P013071,payment_link,1,2026-05-08 15:34:00,success,16839.06
A00013072,P013072,stop,1,2026-02-23 22:03:00,success,3099.06
A00013073,P013073,payment_link,1,2026-05-11 03:58:00,failed,0.0
A00013074,P013074,message,1,2026-04-20 14:06:00,success,1347.23
A00013075,P013075,retry,1,2026-04-25 18:56:00,success,2591.93
A00013076,P013076,stop,1,2026-06-11 11:45:00,failed,0.0
A00013077,P013077,payment_link,1,2026-02-02 03:27:00,failed,0.0
A00013078,P013078,escalate,1,2026-02-12 20:07:00,failed,0.0
A00013079,P013079,message,1,2026-04-09 18:04:00,success,1269.69
A00013080,P013080,message,1,2026-03-13 22:21:00,failed,0.0
A00013081,P013081,stop,1,2026-01-08 08:08:00,failed,0.0
A00013082,P013082,stop,1,2026-01-19 00:50:00,failed,0.0
A00013083,P013083,retry,1,2026-01-08 21:16:00,failed,0.0
A00013084,P013084,stop,1,2026-01-13 06:05:00,failed,0.0
A00013085,P013085,retry,1,2026-01-31 02:07:00,success,5309.18
A00013086,P013086,stop,1,2026-03-25 07:50:00,failed,0.0
A00013087,P013087,message,1,2026-02-02 18:43:00,failed,0.0
A00013088,P013088,message,1,2026-02-25 00:02:00,success,2217.48
A00013089,P013089,stop,1,2026-04-26 09:56:00,failed,0.0
A00013090,P013090,stop,1,2026-05-16 19:32:00,success,4276.14
A00013091,P013091,stop,1,2026-04-24 15:34:00,failed,0.0
A00013092,P013092,payment_link,1,2026-06-29 06:44:00,success,1723.53
A00013093,P013093,stop,1,2026-05-15 11:24:00,failed,0.0
A00013094,P013094,payment_link,1,2026-01-01 08:59:00,failed,0.0
A00013095,P013095,escalate,1,2026-06-27 16:19:00,failed,0.0
A00013096,P013096,message,1,2026-05-01 07:27:00,success,3507.62
A00013097,P013097,message,1,2026-02-14 16:32:00,success,1861.89
A00013098,P013098,escalate,1,2026-02-20 23:38:00,failed,0.0
A00013099,P013099,escalate,1,2026-03-17 08:49:00,failed,0.0
A00013100,P013100,message,1,2026-03-15 23:12:00,failed,0.0
A00013101,P013101,stop,1,2026-04-09 14:02:00,failed,0.0
A00013102,P013102,escalate,1,2026-06-05 12:42:00,success,10565.43
A00013103,P013103,escalate,1,2026-05-04 06:35:00,failed,0.0
A00013104,P013104,retry,1,2026-01-05 19:01:00,success,1417.01
A00013105,P013105,payment_link,1,2026-05-01 00:26:00,failed,0.0
A00013106,P013106,stop,1,2026-05-12 22:18:00,failed,0.0
A00013107,P013107,payment_link,1,2026-04-24 09:58:00,failed,0.0
A00013108,P013108,payment_link,1,2026-03-24 03:25:00,failed,0.0
A00013109,P013109,retry,1,2026-04-20 03:56:00,success,48657.33
A00013110,P013110,payment_link,1,2026-05-28 04:26:00,failed,0.0
A00013111,P013111,retry,1,2026-06-14 14:11:00,failed,0.0
A00013112,P013112,payment_link,1,2026-05-29 03:57:00,success,2127.48
A00013113,P013113,stop,1,2026-04-02 17:38:00,failed,0.0
A00013114,P013114,stop,1,2026-05-22 00:26:00,failed,0.0
A00013115,P013115,stop,1,2026-03-07 04:28:00,failed,0.0
A00013116,P013116,message,1,2026-03-23 09:47:00,failed,0.0
A00013117,P013117,retry,1,2026-06-02 07:04:00,failed,0.0
A00013118,P013118,stop,1,2026-06-29 21:06:00,failed,0.0
A00013119,P013119,message,1,2026-02-22 16:41:00,success,6331.42
A00013120,P013120,stop,1,2026-02-14 13:22:00,failed,0.0
A00013121,P013121,escalate,1,2026-02-19 08:02:00,failed,0.0
A00013122,P013122,payment_link,1,2026-02-13 16:09:00,success,37485.75
A00013123,P013123,escalate,1,2026-04-17 05:14:00,success,1609.29
A00013124,P013124,escalate,1,2026-05-08 07:17:00,failed,0.0
A00013125,P013125,message,1,2026-03-02 00:15:00,success,21885.13
A00013126,P013126,payment_link,1,2026-05-21 02:58:00,success,36913.34
A00013127,P013127,stop,1,2026-03-18 11:51:00,success,22463.96
A00013128,P013128,retry,1,2026-03-19 17:29:00,success,954.16
A00013129,P013129,message,1,2026-02-19 12:49:00,success,2686.29
A00013130,P013130,payment_link,1,2026-01-17 13:50:00,success,3861.06
A00013131,P013131,retry,1,2026-02-11 10:08:00,success,2258.93
A00013132,P013132,stop,1,2026-05-03 04:16:00,failed,0.0
A00013133,P013133,retry,1,2026-06-10 09:41:00,failed,0.0
A00013134,P013134,retry,1,2026-02-13 22:00:00,success,3868.97
A00013135,P013135,escalate,1,2026-01-25 06:11:00,failed,0.0
A00013136,P013136,stop,1,2026-06-11 10:41:00,failed,0.0
A00013137,P013137,escalate,1,2026-06-06 22:51:00,success,2011.07
A00013138,P013138,escalate,1,2026-02-24 12:06:00,failed,0.0
A00013139,P013139,message,1,2026-03-27 07:15:00,failed,0.0
A00013140,P013140,escalate,1,2026-02-25 02:30:00,success,3385.81
A00013141,P013141,stop,1,2026-04-30 08:35:00,failed,0.0
A00013142,P013142,payment_link,1,2026-04-13 17:39:00,success,3028.18
A00013143,P013143,stop,1,2026-05-14 16:21:00,failed,0.0
A00013144,P013144,retry,1,2026-06-10 07:54:00,failed,0.0
A00013145,P013145,retry,1,2026-03-18 10:36:00,success,3082.25
A00013146,P013146,message,1,2026-01-26 16:51:00,success,3936.59
A00013147,P013147,retry,1,2026-02-22 00:38:00,success,7689.74
A00013148,P013148,escalate,1,2026-04-23 17:33:00,success,2555.72
A00013149,P013149,stop,1,2026-05-20 16:40:00,failed,0.0
A00013150,P013150,message,1,2026-05-03 22:52:00,failed,0.0
A00013151,P013151,escalate,1,2026-02-19 09:43:00,failed,0.0
A00013152,P013152,payment_link,1,2026-01-06 09:37:00,failed,0.0
A00013153,P013153,payment_link,1,2026-04-12 03:39:00,failed,0.0
A00013154,P013154,escalate,1,2026-05-29 16:39:00,failed,0.0
A00013155,P013155,stop,1,2026-02-24 03:03:00,failed,0.0
A00013156,P013156,stop,1,2026-05-13 11:33:00,failed,0.0
A00013157,P013157,message,1,2026-06-16 00:39:00,success,2199.56
A00013158,P013158,payment_link,1,2026-05-03 04:38:00,failed,0.0
A00013159,P013159,retry,1,2026-01-10 20:57:00,failed,0.0
A00013160,P013160,stop,1,2026-01-16 01:11:00,failed,0.0
A00013161,P013161,retry,1,2026-04-22 03:56:00,failed,0.0
A00013162,P013162,retry,1,2026-03-08 13:17:00,failed,0.0
A00013163,P013163,message,1,2026-04-09 23:10:00,failed,0.0
A00013164,P013164,stop,1,2026-04-18 01:40:00,failed,0.0
A00013165,P013165,stop,1,2026-03-07 00:24:00,failed,0.0
A00013166,P013166,retry,1,2026-05-16 00:42:00,success,3214.47
A00013167,P013167,escalate,1,2026-06-10 22:47:00,failed,0.0
A00013168,P013168,retry,1,2026-02-27 02:59:00,failed,0.0
A00013169,P013169,escalate,1,2026-06-24 16:13:00,failed,0.0
A00013170,P013170,retry,1,2026-04-24 17:00:00,success,5742.74
A00013171,P013171,message,1,2026-06-15 20:52:00,success,1823.96
A00013172,P013172,payment_link,1,2026-06-18 11:49:00,failed,0.0
A00013173,P013173,escalate,1,2026-04-17 14:48:00,failed,0.0
A00013174,P013174,stop,1,2026-02-10 19:30:00,failed,0.0
A00013175,P013175,payment_link,1,2026-03-27 18:39:00,failed,0.0
A00013176,P013176,payment_link,1,2026-02-03 06:14:00,failed,0.0
A00013177,P013177,escalate,1,2026-04-22 19:07:00,failed,0.0
A00013178,P013178,message,1,2026-02-15 21:19:00,failed,0.0
A00013179,P013179,message,1,2026-05-27 00:36:00,failed,0.0
A00013180,P013180,stop,1,2026-02-15 05:14:00,failed,0.0
A00013181,P013181,stop,1,2026-03-18 08:47:00,failed,0.0
A00013182,P013182,stop,1,2026-02-21 18:54:00,failed,0.0
A00013183,P013183,stop,1,2026-01-19 07:49:00,failed,0.0
A00013184,P013184,message,1,2026-05-13 04:22:00,failed,0.0
A00013185,P013185,message,1,2026-06-21 08:34:00,failed,0.0
A00013186,P013186,escalate,1,2026-05-04 22:50:00,failed,0.0
A00013187,P013187,retry,1,2026-01-27 16:21:00,success,5755.34
A00013188,P013188,message,1,2026-05-03 23:26:00,failed,0.0
A00013189,P013189,message,1,2026-04-09 07:28:00,success,917.3
A00013190,P013190,escalate,1,2026-06-14 16:47:00,success,3294.65
A00013191,P013191,stop,1,2026-02-04 18:45:00,failed,0.0
A00013192,P013192,escalate,1,2026-04-28 14:36:00,failed,0.0
A00013193,P013193,message,1,2026-04-15 15:48:00,success,2003.08
A00013194,P013194,message,1,2026-06-02 16:42:00,failed,0.0
A00013195,P013195,escalate,1,2026-05-29 16:07:00,success,3893.56
A00013196,P013196,escalate,1,2026-01-08 05:28:00,failed,0.0
A00013197,P013197,escalate,1,2026-05-30 06:21:00,failed,0.0
A00013198,P013198,stop,1,2026-06-15 09:47:00,failed,0.0
A00013199,P013199,escalate,1,2026-04-12 12:35:00,success,4604.31
A00013200,P013200,escalate,1,2026-06-24 02:41:00,success,6034.89
A00013201,P013201,retry,1,2026-05-31 07:04:00,success,3708.1
A00013202,P013202,escalate,1,2026-05-01 17:48:00,failed,0.0
A00013203,P013203,stop,1,2026-01-28 01:22:00,failed,0.0
A00013204,P013204,stop,1,2026-04-03 15:30:00,failed,0.0
A00013205,P013205,escalate,1,2026-06-11 13:25:00,success,2532.64
A00013206,P013206,message,1,2026-06-11 23:42:00,failed,0.0
A00013207,P013207,message,1,2026-05-11 17:25:00,failed,0.0
A00013208,P013208,message,1,2026-04-17 22:46:00,success,1496.29
A00013209,P013209,message,1,2026-06-25 15:19:00,failed,0.0
A00013210,P013210,escalate,1,2026-04-15 17:56:00,failed,0.0
A00013211,P013211,escalate,1,2026-04-22 21:07:00,success,2767.93
A00013212,P013212,escalate,1,2026-02-14 00:23:00,failed,0.0
A00013213,P013213,retry,1,2026-01-25 02:50:00,failed,0.0
A00013214,P013214,retry,1,2026-03-29 15:09:00,success,1084.04
A00013215,P013215,payment_link,1,2026-01-12 14:45:00,success,11671.3
A00013216,P013216,stop,1,2026-02-23 16:34:00,failed,0.0
A00013217,P013217,retry,1,2026-02-22 07:41:00,success,4818.24
A00013218,P013218,message,1,2026-02-22 11:18:00,success,3634.62
A00013219,P013219,stop,1,2026-05-02 21:38:00,failed,0.0
A00013220,P013220,escalate,1,2026-06-28 00:45:00,failed,0.0
A00013221,P013221,escalate,1,2026-02-03 10:08:00,failed,0.0
A00013222,P013222,stop,1,2026-01-31 11:32:00,failed,0.0
A00013223,P013223,message,1,2026-04-06 14:02:00,failed,0.0
A00013224,P013224,message,1,2026-06-01 08:41:00,failed,0.0
A00013225,P013225,escalate,1,2026-06-03 02:10:00,failed,0.0
A00013226,P013226,stop,1,2026-04-08 13:58:00,failed,0.0
A00013227,P013227,payment_link,1,2026-05-27 20:10:00,failed,0.0
A00013228,P013228,stop,1,2026-04-18 07:11:00,failed,0.0
A00013229,P013229,payment_link,1,2026-06-06 20:04:00,success,5503.9
A00013230,P013230,retry,1,2026-05-19 01:22:00,failed,0.0
A00013231,P013231,stop,1,2026-05-23 14:14:00,failed,0.0
A00013232,P013232,message,1,2026-03-19 20:32:00,success,3551.48
A00013233,P013233,message,1,2026-03-21 01:57:00,success,6849.78
A00013234,P013234,payment_link,1,2026-02-23 00:03:00,success,4963.83
A00013235,P013235,message,1,2026-02-28 19:18:00,success,4641.0
A00013236,P013236,retry,1,2026-03-22 03:41:00,failed,0.0
A00013237,P013237,stop,1,2026-04-30 02:57:00,failed,0.0
A00013238,P013238,payment_link,1,2026-04-27 03:01:00,failed,0.0
A00013239,P013239,escalate,1,2026-06-29 21:53:00,failed,0.0
A00013240,P013240,message,1,2026-01-31 04:43:00,failed,0.0
A00013241,P013241,stop,1,2026-02-17 06:26:00,failed,0.0
A00013242,P013242,payment_link,1,2026-03-24 09:11:00,failed,0.0
A00013243,P013243,escalate,1,2026-06-29 19:48:00,failed,0.0
A00013244,P013244,retry,1,2026-02-27 18:15:00,failed,0.0
A00013245,P013245,escalate,1,2026-01-22 01:52:00,success,5511.55
A00013246,P013246,message,1,2026-02-10 01:42:00,success,3153.9
A00013247,P013247,retry,1,2026-02-04 04:10:00,failed,0.0
A00013248,P013248,escalate,1,2026-05-22 00:47:00,failed,0.0
A00013249,P013249,message,1,2026-05-31 07:19:00,success,6632.52
A00013250,P013250,payment_link,1,2026-05-15 23:23:00,failed,0.0
A00013251,P013251,retry,1,2026-03-25 19:41:00,failed,0.0
A00013252,P013252,stop,1,2026-02-18 14:39:00,failed,0.0
A00013253,P013253,retry,1,2026-02-19 13:56:00,failed,0.0
A00013254,P013254,stop,1,2026-04-14 17:49:00,failed,0.0
A00013255,P013255,stop,1,2026-02-03 15:55:00,failed,0.0
A00013256,P013256,retry,1,2026-01-19 03:21:00,success,6322.64
A00013257,P013257,payment_link,1,2026-05-22 02:36:00,failed,0.0
A00013258,P013258,stop,1,2026-03-04 19:05:00,failed,0.0
A00013259,P013259,stop,1,2026-06-07 07:40:00,failed,0.0
A00013260,P013260,stop,1,2026-06-05 15:46:00,success,1202.34
A00013261,P013261,message,1,2026-05-12 02:59:00,failed,0.0
A00013262,P013262,payment_link,1,2026-05-19 02:42:00,failed,0.0
A00013263,P013263,retry,1,2026-01-17 23:44:00,success,1315.63
A00013264,P013264,retry,1,2026-01-13 02:09:00,failed,0.0
A00013265,P013265,escalate,1,2026-02-27 15:38:00,success,1793.71
A00013266,P013266,retry,1,2026-05-14 07:23:00,failed,0.0
A00013267,P013267,message,1,2026-04-27 07:14:00,failed,0.0
A00013268,P013268,escalate,1,2026-03-23 18:37:00,success,4517.17
A00013269,P013269,retry,1,2026-01-29 08:00:00,success,7044.91
A00013270,P013270,message,1,2026-05-04 23:14:00,failed,0.0
A00013271,P013271,message,1,2026-06-28 10:47:00,success,3719.33
A00013272,P013272,message,1,2026-02-15 22:37:00,success,5387.64
A00013273,P013273,payment_link,1,2026-03-14 23:18:00,failed,0.0
A00013274,P013274,message,1,2026-01-03 23:50:00,success,6195.15
A00013275,P013275,retry,1,2026-03-26 06:38:00,failed,0.0
A00013276,P013276,message,1,2026-04-10 08:47:00,failed,0.0
A00013277,P013277,message,1,2026-05-06 07:18:00,failed,0.0
A00013278,P013278,retry,1,2026-02-01 17:36:00,failed,0.0
A00013279,P013279,message,1,2026-04-28 04:44:00,success,1718.2
A00013280,P013280,escalate,1,2026-06-09 22:15:00,success,3596.09
A00013281,P013281,escalate,1,2026-06-18 17:07:00,failed,0.0
A00013282,P013282,stop,1,2026-03-31 14:42:00,failed,0.0
A00013283,P013283,stop,1,2026-03-04 18:08:00,failed,0.0
A00013284,P013284,stop,1,2026-04-23 09:00:00,failed,0.0
A00013285,P013285,message,1,2026-02-22 21:58:00,failed,0.0
A00013286,P013286,retry,1,2026-04-09 07:42:00,failed,0.0
A00013287,P013287,message,1,2026-06-22 15:10:00,failed,0.0
A00013288,P013288,escalate,1,2026-01-30 04:30:00,success,2075.65
A00013289,P013289,escalate,1,2026-04-23 22:09:00,success,2933.92
A00013290,P013290,escalate,1,2026-04-06 11:13:00,failed,0.0
A00013291,P013291,message,1,2026-02-19 08:15:00,failed,0.0
A00013292,P013292,retry,1,2026-01-25 13:45:00,failed,0.0
A00013293,P013293,escalate,1,2026-05-23 06:38:00,success,4819.63
A00013294,P013294,retry,1,2026-03-30 03:05:00,failed,0.0
A00013295,P013295,payment_link,1,2026-04-16 16:15:00,success,4771.02
A00013296,P013296,retry,1,2026-04-19 17:49:00,success,1703.44
A00013297,P013297,retry,1,2026-03-03 19:10:00,failed,0.0
A00013298,P013298,escalate,1,2026-05-21 04:31:00,success,5233.05
A00013299,P013299,message,1,2026-06-16 01:09:00,success,1450.81
A00013300,P013300,message,1,2026-05-04 16:02:00,failed,0.0
A00013301,P013301,message,1,2026-05-26 18:18:00,failed,0.0
A00013302,P013302,escalate,1,2026-02-21 16:34:00,success,5293.91
A00013303,P013303,retry,1,2026-04-06 11:43:00,success,1306.78
A00013304,P013304,payment_link,1,2026-04-15 12:04:00,success,19207.45
A00013305,P013305,stop,1,2026-06-12 06:41:00,failed,0.0
A00013306,P013306,payment_link,1,2026-03-05 12:08:00,failed,0.0
A00013307,P013307,escalate,1,2026-06-26 15:27:00,failed,0.0
A00013308,P013308,stop,1,2026-03-10 09:55:00,failed,0.0
A00013309,P013309,escalate,1,2026-04-26 07:49:00,failed,0.0
A00013310,P013310,escalate,1,2026-02-13 21:41:00,success,8098.33
A00013311,P013311,payment_link,1,2026-02-24 12:56:00,failed,0.0
A00013312,P013312,message,1,2026-03-02 23:17:00,success,2668.41
A00013313,P013313,retry,1,2026-01-16 15:57:00,success,13085.23
A00013314,P013314,stop,1,2026-01-08 02:45:00,failed,0.0
A00013315,P013315,message,1,2026-02-16 06:46:00,success,955.68
A00013316,P013316,stop,1,2026-01-05 02:28:00,failed,0.0
A00013317,P013317,payment_link,1,2026-04-22 14:13:00,success,4409.89
A00013318,P013318,escalate,1,2026-02-22 10:34:00,failed,0.0
A00013319,P013319,stop,1,2026-05-05 04:10:00,failed,0.0
A00013320,P013320,escalate,1,2026-05-20 23:26:00,failed,0.0
A00013321,P013321,retry,1,2026-06-26 13:07:00,success,52812.97
A00013322,P013322,escalate,1,2026-03-01 01:14:00,failed,0.0
A00013323,P013323,payment_link,1,2026-04-27 19:40:00,failed,0.0
A00013324,P013324,message,1,2026-01-21 16:43:00,success,1914.29
A00013325,P013325,escalate,1,2026-04-22 15:53:00,success,5402.52
A00013326,P013326,retry,1,2026-06-02 10:45:00,failed,0.0
A00013327,P013327,message,1,2026-06-29 06:49:00,failed,0.0
A00013328,P013328,escalate,1,2026-02-11 20:43:00,success,1911.39
A00013329,P013329,stop,1,2026-02-18 20:37:00,failed,0.0
A00013330,P013330,escalate,1,2026-01-27 04:52:00,failed,0.0
A00013331,P013331,retry,1,2026-04-11 12:55:00,success,7052.82
A00013332,P013332,stop,1,2026-05-28 12:44:00,failed,0.0
A00013333,P013333,escalate,1,2026-06-25 15:40:00,failed,0.0
A00013334,P013334,retry,1,2026-02-23 13:59:00,success,11987.04
A00013335,P013335,stop,1,2026-03-04 10:51:00,failed,0.0
A00013336,P013336,message,1,2026-04-20 20:28:00,failed,0.0
A00013337,P013337,message,1,2026-04-08 15:50:00,failed,0.0
A00013338,P013338,payment_link,1,2026-05-16 16:59:00,failed,0.0
A00013339,P013339,retry,1,2026-02-20 17:22:00,success,2173.86
A00013340,P013340,message,1,2026-01-13 00:59:00,success,2129.08
A00013341,P013341,stop,1,2026-03-25 21:08:00,failed,0.0
A00013342,P013342,message,1,2026-05-23 12:03:00,failed,0.0
A00013343,P013343,stop,1,2026-02-10 17:51:00,failed,0.0
A00013344,P013344,stop,1,2026-05-26 03:13:00,failed,0.0
A00013345,P013345,stop,1,2026-06-19 17:21:00,failed,0.0
A00013346,P013346,stop,1,2026-02-05 19:10:00,success,3256.18
A00013347,P013347,stop,1,2026-01-22 21:14:00,failed,0.0
A00013348,P013348,retry,1,2026-06-12 06:05:00,failed,0.0
A00013349,P013349,payment_link,1,2026-01-16 11:44:00,success,3068.33
A00013350,P013350,payment_link,1,2026-02-23 10:12:00,success,3531.28
A00013351,P013351,message,1,2026-01-21 12:28:00,failed,0.0
A00013352,P013352,stop,1,2026-03-10 02:36:00,failed,0.0
A00013353,P013353,escalate,1,2026-05-03 19:21:00,success,426.13
A00013354,P013354,payment_link,1,2026-03-10 10:55:00,success,4720.27
A00013355,P013355,message,1,2026-03-01 13:44:00,success,629.72
A00013356,P013356,stop,1,2026-04-13 15:07:00,failed,0.0
A00013357,P013357,message,1,2026-01-19 19:27:00,failed,0.0
A00013358,P013358,retry,1,2026-02-06 16:17:00,failed,0.0
A00013359,P013359,retry,1,2026-04-24 11:00:00,success,4966.01
A00013360,P013360,retry,1,2026-06-08 15:40:00,failed,0.0
A00013361,P013361,stop,1,2026-05-14 03:24:00,failed,0.0
A00013362,P013362,retry,1,2026-01-02 20:13:00,success,1565.23
A00013363,P013363,message,1,2026-04-06 00:10:00,success,1781.05
A00013364,P013364,retry,1,2026-03-20 10:48:00,success,3829.49
A00013365,P013365,message,1,2026-06-24 16:45:00,success,1058.45
A00013366,P013366,stop,1,2026-06-06 22:11:00,failed,0.0
A00013367,P013367,message,1,2026-03-03 07:47:00,failed,0.0
A00013368,P013368,escalate,1,2026-02-06 05:32:00,success,15585.99
A00013369,P013369,payment_link,1,2026-04-28 15:58:00,success,3158.46
A00013370,P013370,stop,1,2026-04-08 14:40:00,failed,0.0
A00013371,P013371,message,1,2026-01-17 21:35:00,success,2304.2
A00013372,P013372,retry,1,2026-04-11 16:47:00,success,1880.92
A00013373,P013373,escalate,1,2026-06-17 05:32:00,failed,0.0
A00013374,P013374,message,1,2026-05-19 13:12:00,success,34882.12
A00013375,P013375,retry,1,2026-01-18 00:50:00,failed,0.0
A00013376,P013376,stop,1,2026-05-17 01:19:00,failed,0.0
A00013377,P013377,retry,1,2026-04-14 20:53:00,success,2448.66
A00013378,P013378,escalate,1,2026-06-13 04:50:00,failed,0.0
A00013379,P013379,stop,1,2026-04-18 15:46:00,failed,0.0
A00013380,P013380,retry,1,2026-05-18 09:27:00,failed,0.0
A00013381,P013381,message,1,2026-03-27 11:52:00,failed,0.0
A00013382,P013382,retry,1,2026-05-30 08:13:00,failed,0.0
A00013383,P013383,retry,1,2026-04-24 10:35:00,success,9146.16
A00013384,P013384,retry,1,2026-06-10 12:10:00,failed,0.0
A00013385,P013385,payment_link,1,2026-01-27 18:05:00,failed,0.0
A00013386,P013386,stop,1,2026-03-28 16:06:00,failed,0.0
A00013387,P013387,stop,1,2026-01-01 18:55:00,success,3412.73
A00013388,P013388,escalate,1,2026-06-07 06:46:00,failed,0.0
A00013389,P013389,escalate,1,2026-02-23 17:05:00,failed,0.0
A00013390,P013390,retry,1,2026-03-12 16:47:00,failed,0.0
A00013391,P013391,stop,1,2026-03-23 10:53:00,failed,0.0
A00013392,P013392,stop,1,2026-06-07 21:06:00,failed,0.0
A00013393,P013393,message,1,2026-05-04 19:51:00,failed,0.0
A00013394,P013394,retry,1,2026-04-09 13:25:00,failed,0.0
A00013395,P013395,escalate,1,2026-04-26 15:22:00,success,1617.82
A00013396,P013396,payment_link,1,2026-05-29 01:17:00,success,1656.05
A00013397,P013397,escalate,1,2026-04-28 06:35:00,success,4357.44
A00013398,P013398,retry,1,2026-03-15 05:05:00,success,2273.46
A00013399,P013399,retry,1,2026-06-11 05:38:00,failed,0.0
A00013400,P013400,stop,1,2026-06-29 07:48:00,failed,0.0
A00013401,P013401,stop,1,2026-06-15 10:56:00,failed,0.0
A00013402,P013402,retry,1,2026-05-11 13:54:00,failed,0.0
A00013403,P013403,message,1,2026-05-13 23:33:00,failed,0.0
A00013404,P013404,stop,1,2026-01-28 12:41:00,failed,0.0
A00013405,P013405,stop,1,2026-03-01 10:23:00,failed,0.0
A00013406,P013406,message,1,2026-04-07 06:56:00,success,25981.16
A00013407,P013407,message,1,2026-04-17 14:35:00,failed,0.0
A00013408,P013408,escalate,1,2026-04-25 03:11:00,success,1179.04
A00013409,P013409,payment_link,1,2026-06-26 05:11:00,success,2503.73
A00013410,P013410,payment_link,1,2026-06-07 00:55:00,failed,0.0
A00013411,P013411,escalate,1,2026-02-11 21:50:00,failed,0.0
A00013412,P013412,retry,1,2026-02-26 20:58:00,failed,0.0
A00013413,P013413,payment_link,1,2026-01-25 12:27:00,failed,0.0
A00013414,P013414,escalate,1,2026-04-14 15:06:00,failed,0.0
A00013415,P013415,stop,1,2026-04-30 18:31:00,failed,0.0
A00013416,P013416,retry,1,2026-05-24 19:50:00,success,1775.81
A00013417,P013417,payment_link,1,2026-01-20 05:08:00,failed,0.0
A00013418,P013418,retry,1,2026-04-30 07:51:00,failed,0.0
A00013419,P013419,payment_link,1,2026-05-07 07:48:00,failed,0.0
A00013420,P013420,retry,1,2026-04-26 00:09:00,success,7265.23
A00013421,P013421,escalate,1,2026-02-17 11:22:00,failed,0.0
A00013422,P013422,message,1,2026-02-23 08:34:00,failed,0.0
A00013423,P013423,message,1,2026-01-31 07:43:00,failed,0.0
A00013424,P013424,stop,1,2026-03-02 09:05:00,failed,0.0
A00013425,P013425,escalate,1,2026-02-19 03:24:00,failed,0.0
A00013426,P013426,message,1,2026-02-23 04:57:00,failed,0.0
A00013427,P013427,message,1,2026-06-06 15:10:00,failed,0.0
A00013428,P013428,payment_link,1,2026-05-31 11:46:00,failed,0.0
A00013429,P013429,payment_link,1,2026-03-29 23:10:00,failed,0.0
A00013430,P013430,payment_link,1,2026-05-21 21:24:00,failed,0.0
A00013431,P013431,retry,1,2026-04-26 11:50:00,failed,0.0
A00013432,P013432,escalate,1,2026-02-08 06:32:00,failed,0.0
A00013433,P013433,message,1,2026-01-28 09:35:00,failed,0.0
A00013434,P013434,payment_link,1,2026-01-29 13:04:00,success,4366.51
A00013435,P013435,payment_link,1,2026-02-01 13:31:00,failed,0.0
A00013436,P013436,stop,1,2026-04-01 22:48:00,failed,0.0
A00013437,P013437,retry,1,2026-04-01 23:21:00,failed,0.0
A00013438,P013438,retry,1,2026-02-14 13:13:00,failed,0.0
A00013439,P013439,payment_link,1,2026-06-08 17:31:00,failed,0.0
A00013440,P013440,stop,1,2026-02-07 14:41:00,failed,0.0
A00013441,P013441,message,1,2026-01-29 08:29:00,failed,0.0
A00013442,P013442,retry,1,2026-05-13 00:10:00,failed,0.0
A00013443,P013443,payment_link,1,2026-03-08 14:21:00,success,739.83
A00013444,P013444,payment_link,1,2026-05-16 21:20:00,success,3060.18
A00013445,P013445,message,1,2026-05-18 19:14:00,success,5982.35
A00013446,P013446,retry,1,2026-04-20 14:05:00,success,3720.45
A00013447,P013447,escalate,1,2026-06-04 15:16:00,failed,0.0
A00013448,P013448,escalate,1,2026-02-22 12:17:00,failed,0.0
A00013449,P013449,stop,1,2026-06-19 12:07:00,failed,0.0
A00013450,P013450,escalate,1,2026-05-31 01:26:00,failed,0.0
A00013451,P013451,retry,1,2026-02-24 18:15:00,failed,0.0
A00013452,P013452,retry,1,2026-02-28 07:14:00,success,2603.76
A00013453,P013453,retry,1,2026-04-11 06:47:00,success,4396.82
A00013454,P013454,payment_link,1,2026-01-21 21:37:00,failed,0.0
A00013455,P013455,message,1,2026-05-23 20:58:00,failed,0.0
A00013456,P013456,escalate,1,2026-04-16 13:43:00,failed,0.0
A00013457,P013457,escalate,1,2026-02-10 19:18:00,failed,0.0
A00013458,P013458,payment_link,1,2026-02-10 16:31:00,failed,0.0
A00013459,P013459,message,1,2026-05-24 07:30:00,failed,0.0
A00013460,P013460,retry,1,2026-06-08 12:03:00,failed,0.0
A00013461,P013461,stop,1,2026-04-06 09:56:00,failed,0.0
A00013462,P013462,escalate,1,2026-05-29 03:43:00,failed,0.0
A00013463,P013463,retry,1,2026-06-20 21:18:00,success,3024.36
A00013464,P013464,payment_link,1,2026-06-29 13:10:00,success,2032.78
A00013465,P013465,stop,1,2026-04-22 15:49:00,failed,0.0
A00013466,P013466,payment_link,1,2026-03-04 08:18:00,failed,0.0
A00013467,P013467,payment_link,1,2026-01-13 21:52:00,success,1000.34
A00013468,P013468,escalate,1,2026-04-22 09:53:00,failed,0.0
A00013469,P013469,payment_link,1,2026-03-30 16:32:00,failed,0.0
A00013470,P013470,retry,1,2026-04-21 12:12:00,success,2433.62
A00013471,P013471,message,1,2026-05-26 13:43:00,success,997.62
A00013472,P013472,escalate,1,2026-01-09 19:43:00,failed,0.0
A00013473,P013473,payment_link,1,2026-05-28 03:27:00,success,4506.95
A00013474,P013474,message,1,2026-01-05 09:02:00,success,7119.9
A00013475,P013475,escalate,1,2026-01-18 09:52:00,failed,0.0
A00013476,P013476,retry,1,2026-03-26 01:38:00,success,7287.4
A00013477,P013477,retry,1,2026-06-22 01:53:00,failed,0.0
A00013478,P013478,message,1,2026-05-08 06:25:00,success,375.55
A00013479,P013479,retry,1,2026-02-03 14:05:00,success,2247.95
A00013480,P013480,message,1,2026-05-16 03:06:00,failed,0.0
A00013481,P013481,retry,1,2026-01-18 20:59:00,failed,0.0
A00013482,P013482,payment_link,1,2026-02-09 04:12:00,failed,0.0
A00013483,P013483,payment_link,1,2026-03-05 22:52:00,failed,0.0
A00013484,P013484,escalate,1,2026-02-06 17:25:00,failed,0.0
A00013485,P013485,message,1,2026-02-08 01:23:00,failed,0.0
A00013486,P013486,escalate,1,2026-02-25 04:41:00,failed,0.0
A00013487,P013487,message,1,2026-02-19 11:01:00,success,1314.99
A00013488,P013488,payment_link,1,2026-02-07 10:56:00,failed,0.0
A00013489,P013489,payment_link,1,2026-03-13 15:56:00,success,10632.82
A00013490,P013490,payment_link,1,2026-05-29 06:10:00,failed,0.0
A00013491,P013491,retry,1,2026-03-25 09:08:00,success,6287.36
A00013492,P013492,stop,1,2026-04-08 19:04:00,failed,0.0
A00013493,P013493,message,1,2026-01-18 15:44:00,success,1442.51
A00013494,P013494,escalate,1,2026-01-07 07:56:00,success,2371.8
A00013495,P013495,message,1,2026-02-05 09:30:00,success,2093.29
A00013496,P013496,retry,1,2026-03-25 15:50:00,failed,0.0
A00013497,P013497,retry,1,2026-06-15 02:19:00,failed,0.0
A00013498,P013498,message,1,2026-06-15 08:33:00,success,2920.84
A00013499,P013499,payment_link,1,2026-06-27 07:00:00,failed,0.0
A00013500,P013500,retry,1,2026-02-14 07:59:00,failed,0.0
A00013501,P013501,message,1,2026-05-25 10:55:00,success,1462.63
A00013502,P013502,retry,1,2026-04-17 17:57:00,success,1155.92
A00013503,P013503,stop,1,2026-06-10 21:19:00,failed,0.0
A00013504,P013504,stop,1,2026-06-08 22:42:00,failed,0.0
A00013505,P013505,escalate,1,2026-06-27 21:54:00,success,1090.06
A00013506,P013506,escalate,1,2026-02-25 18:37:00,success,6384.12
A00013507,P013507,escalate,1,2026-03-28 09:04:00,failed,0.0
A00013508,P013508,retry,1,2026-04-24 11:25:00,failed,0.0
A00013509,P013509,message,1,2026-05-04 22:37:00,failed,0.0
A00013510,P013510,retry,1,2026-03-19 18:55:00,failed,0.0
A00013511,P013511,message,1,2026-06-07 01:34:00,failed,0.0
A00013512,P013512,stop,1,2026-01-02 16:42:00,failed,0.0
A00013513,P013513,payment_link,1,2026-06-05 16:36:00,success,5681.98
A00013514,P013514,stop,1,2026-02-11 21:58:00,failed,0.0
A00013515,P013515,escalate,1,2026-02-10 13:24:00,success,7682.97
A00013516,P013516,message,1,2026-01-06 03:10:00,success,4126.76
A00013517,P013517,payment_link,1,2026-02-16 05:02:00,failed,0.0
A00013518,P013518,stop,1,2026-02-04 09:59:00,failed,0.0
A00013519,P013519,escalate,1,2026-06-14 09:42:00,failed,0.0
A00013520,P013520,escalate,1,2026-03-09 12:18:00,success,6135.47
A00013521,P013521,message,1,2026-05-05 18:53:00,failed,0.0
A00013522,P013522,retry,1,2026-01-31 22:54:00,failed,0.0
A00013523,P013523,retry,1,2026-06-26 16:10:00,failed,0.0
A00013524,P013524,retry,1,2026-05-03 06:12:00,success,4116.7
A00013525,P013525,payment_link,1,2026-05-03 10:32:00,failed,0.0
A00013526,P013526,retry,1,2026-02-14 05:48:00,success,6881.54
A00013527,P013527,escalate,1,2026-02-18 06:51:00,failed,0.0
A00013528,P013528,message,1,2026-05-19 04:06:00,success,2083.77
A00013529,P013529,message,1,2026-03-16 12:25:00,success,12430.53
A00013530,P013530,stop,1,2026-01-30 05:29:00,failed,0.0
A00013531,P013531,message,1,2026-03-29 01:06:00,success,2477.51
A00013532,P013532,retry,1,2026-01-02 08:32:00,success,9209.24
A00013533,P013533,payment_link,1,2026-05-18 21:49:00,failed,0.0
A00013534,P013534,retry,1,2026-01-18 11:45:00,success,5760.1
A00013535,P013535,message,1,2026-04-28 12:55:00,success,411.95
A00013536,P013536,message,1,2026-02-19 07:43:00,failed,0.0
A00013537,P013537,payment_link,1,2026-02-06 11:05:00,failed,0.0
A00013538,P013538,message,1,2026-03-05 08:16:00,failed,0.0
A00013539,P013539,escalate,1,2026-03-26 19:03:00,success,12813.29
A00013540,P013540,payment_link,1,2026-02-21 11:55:00,failed,0.0
A00013541,P013541,payment_link,1,2026-01-15 23:17:00,success,456.47
A00013542,P013542,retry,1,2026-02-09 08:02:00,failed,0.0
A00013543,P013543,message,1,2026-02-20 02:26:00,success,8710.92
A00013544,P013544,retry,1,2026-04-29 22:41:00,success,2358.8
A00013545,P013545,retry,1,2026-06-13 08:24:00,failed,0.0
A00013546,P013546,stop,1,2026-05-30 20:56:00,failed,0.0
A00013547,P013547,retry,1,2026-05-26 01:10:00,failed,0.0
A00013548,P013548,stop,1,2026-04-22 01:44:00,failed,0.0
A00013549,P013549,escalate,1,2026-05-09 03:03:00,failed,0.0
A00013550,P013550,stop,1,2026-01-13 14:49:00,success,903.99
A00013551,P013551,stop,1,2026-04-23 01:15:00,failed,0.0
A00013552,P013552,payment_link,1,2026-02-19 16:04:00,failed,0.0
A00013553,P013553,escalate,1,2026-04-27 18:04:00,failed,0.0
A00013554,P013554,escalate,1,2026-01-26 19:52:00,failed,0.0
A00013555,P013555,retry,1,2026-03-23 04:11:00,success,13512.42
A00013556,P013556,stop,1,2026-03-08 07:00:00,failed,0.0
A00013557,P013557,stop,1,2026-02-13 12:16:00,failed,0.0
A00013558,P013558,escalate,1,2026-02-26 17:34:00,failed,0.0
A00013559,P013559,message,1,2026-04-24 13:31:00,failed,0.0
A00013560,P013560,message,1,2026-06-06 22:52:00,success,3398.36
A00013561,P013561,stop,1,2026-06-26 21:46:00,failed,0.0
A00013562,P013562,retry,1,2026-06-11 05:46:00,failed,0.0
A00013563,P013563,message,1,2026-01-14 08:09:00,failed,0.0
A00013564,P013564,stop,1,2026-04-07 00:55:00,failed,0.0
A00013565,P013565,message,1,2026-05-20 09:07:00,success,1383.78
A00013566,P013566,message,1,2026-04-09 13:28:00,failed,0.0
A00013567,P013567,message,1,2026-05-17 07:41:00,success,5807.95
A00013568,P013568,escalate,1,2026-04-05 20:06:00,failed,0.0
A00013569,P013569,message,1,2026-05-08 17:35:00,failed,0.0
A00013570,P013570,stop,1,2026-06-08 08:33:00,success,1622.33
A00013571,P013571,message,1,2026-05-03 16:42:00,failed,0.0
A00013572,P013572,message,1,2026-04-10 23:12:00,success,785.58
A00013573,P013573,message,1,2026-05-10 23:23:00,failed,0.0
A00013574,P013574,retry,1,2026-01-11 07:46:00,success,1289.06
A00013575,P013575,escalate,1,2026-04-08 00:18:00,success,1592.87
A00013576,P013576,payment_link,1,2026-03-14 23:02:00,success,5403.9
A00013577,P013577,message,1,2026-05-29 16:47:00,failed,0.0
A00013578,P013578,message,1,2026-05-20 19:30:00,success,1627.55
A00013579,P013579,message,1,2026-04-13 20:07:00,failed,0.0
A00013580,P013580,payment_link,1,2026-03-31 21:22:00,failed,0.0
A00013581,P013581,stop,1,2026-02-09 01:43:00,success,3488.36
A00013582,P013582,retry,1,2026-05-30 06:11:00,failed,0.0
A00013583,P013583,payment_link,1,2026-06-12 20:30:00,failed,0.0
A00013584,P013584,retry,1,2026-02-06 13:34:00,failed,0.0
A00013585,P013585,payment_link,1,2026-01-01 09:43:00,success,2814.02
A00013586,P013586,retry,1,2026-01-15 02:59:00,failed,0.0
A00013587,P013587,stop,1,2026-03-17 08:06:00,failed,0.0
A00013588,P013588,escalate,1,2026-02-26 21:58:00,failed,0.0
A00013589,P013589,escalate,1,2026-06-11 23:30:00,failed,0.0
A00013590,P013590,stop,1,2026-01-29 09:16:00,failed,0.0
A00013591,P013591,message,1,2026-02-12 19:48:00,failed,0.0
A00013592,P013592,payment_link,1,2026-01-09 04:40:00,success,2453.91
A00013593,P013593,message,1,2026-05-01 00:35:00,failed,0.0
A00013594,P013594,escalate,1,2026-01-02 10:06:00,success,1087.18
A00013595,P013595,payment_link,1,2026-06-04 00:01:00,failed,0.0
A00013596,P013596,payment_link,1,2026-03-23 12:32:00,success,1019.68
A00013597,P013597,payment_link,1,2026-02-24 12:34:00,success,5027.59
A00013598,P013598,stop,1,2026-01-29 17:47:00,failed,0.0
A00013599,P013599,message,1,2026-04-03 01:04:00,success,6907.6
A00013600,P013600,retry,1,2026-02-11 06:40:00,failed,0.0
A00013601,P013601,payment_link,1,2026-01-29 05:37:00,failed,0.0
A00013602,P013602,message,1,2026-04-13 17:25:00,success,3124.49
A00013603,P013603,stop,1,2026-02-12 06:34:00,failed,0.0
A00013604,P013604,message,1,2026-01-30 12:44:00,failed,0.0
A00013605,P013605,payment_link,1,2026-03-13 17:15:00,success,6021.67
A00013606,P013606,retry,1,2026-03-24 15:16:00,failed,0.0
A00013607,P013607,stop,1,2026-05-19 21:59:00,failed,0.0
A00013608,P013608,payment_link,1,2026-05-07 04:48:00,failed,0.0
A00013609,P013609,payment_link,1,2026-06-01 01:21:00,success,3344.37
A00013610,P013610,message,1,2026-05-18 16:08:00,failed,0.0
A00013611,P013611,retry,1,2026-05-14 12:14:00,failed,0.0
A00013612,P013612,message,1,2026-01-15 07:16:00,success,3287.87
A00013613,P013613,stop,1,2026-03-05 07:26:00,failed,0.0
A00013614,P013614,retry,1,2026-06-17 22:24:00,failed,0.0
A00013615,P013615,message,1,2026-03-20 08:08:00,failed,0.0
A00013616,P013616,stop,1,2026-03-04 01:48:00,failed,0.0
A00013617,P013617,escalate,1,2026-01-08 10:44:00,failed,0.0
A00013618,P013618,payment_link,1,2026-02-09 08:12:00,failed,0.0
A00013619,P013619,stop,1,2026-06-22 07:04:00,failed,0.0
A00013620,P013620,retry,1,2026-02-21 20:10:00,failed,0.0
A00013621,P013621,stop,1,2026-06-03 19:47:00,failed,0.0
A00013622,P013622,stop,1,2026-02-19 21:59:00,failed,0.0
A00013623,P013623,message,1,2026-02-22 01:44:00,failed,0.0
A00013624,P013624,message,1,2026-04-16 01:30:00,failed,0.0
A00013625,P013625,message,1,2026-06-19 11:10:00,success,4032.17
A00013626,P013626,escalate,1,2026-02-11 21:52:00,failed,0.0
A00013627,P013627,escalate,1,2026-05-25 19:19:00,failed,0.0
A00013628,P013628,retry,1,2026-01-08 05:23:00,failed,0.0
A00013629,P013629,stop,1,2026-05-09 22:13:00,failed,0.0
A00013630,P013630,retry,1,2026-04-20 11:58:00,failed,0.0
A00013631,P013631,stop,1,2026-05-10 23:05:00,failed,0.0
A00013632,P013632,payment_link,1,2026-03-03 05:12:00,success,4727.87
A00013633,P013633,escalate,1,2026-04-10 08:34:00,failed,0.0
A00013634,P013634,payment_link,1,2026-04-10 05:25:00,failed,0.0
A00013635,P013635,stop,1,2026-04-07 20:26:00,failed,0.0
A00013636,P013636,message,1,2026-03-27 18:56:00,failed,0.0
A00013637,P013637,stop,1,2026-02-26 07:19:00,failed,0.0
A00013638,P013638,payment_link,1,2026-03-11 10:05:00,success,3677.69
A00013639,P013639,retry,1,2026-03-08 21:37:00,success,1697.29
A00013640,P013640,payment_link,1,2026-01-26 06:05:00,success,5667.98
A00013641,P013641,stop,1,2026-01-12 20:28:00,failed,0.0
A00013642,P013642,stop,1,2026-05-08 14:23:00,failed,0.0
A00013643,P013643,payment_link,1,2026-05-06 09:53:00,success,778.39
A00013644,P013644,stop,1,2026-01-01 10:09:00,failed,0.0
A00013645,P013645,stop,1,2026-05-13 07:04:00,failed,0.0
A00013646,P013646,retry,1,2026-03-10 00:20:00,failed,0.0
A00013647,P013647,stop,1,2026-02-01 03:05:00,failed,0.0
A00013648,P013648,escalate,1,2026-01-11 10:47:00,success,2768.29
A00013649,P013649,escalate,1,2026-05-08 16:17:00,success,1810.38
A00013650,P013650,retry,1,2026-06-25 00:22:00,failed,0.0
A00013651,P013651,escalate,1,2026-03-07 09:37:00,failed,0.0
A00013652,P013652,retry,1,2026-06-15 02:52:00,failed,0.0
A00013653,P013653,escalate,1,2026-04-02 05:41:00,failed,0.0
A00013654,P013654,escalate,1,2026-03-20 19:38:00,failed,0.0
A00013655,P013655,payment_link,1,2026-01-27 02:42:00,failed,0.0
A00013656,P013656,stop,1,2026-05-15 23:51:00,failed,0.0
A00013657,P013657,payment_link,1,2026-01-26 04:38:00,failed,0.0
A00013658,P013658,stop,1,2026-03-20 10:16:00,failed,0.0
A00013659,P013659,escalate,1,2026-02-17 08:08:00,success,3735.45
A00013660,P013660,escalate,1,2026-03-21 09:24:00,failed,0.0
A00013661,P013661,stop,1,2026-02-22 13:04:00,failed,0.0
A00013662,P013662,payment_link,1,2026-04-10 11:11:00,failed,0.0
A00013663,P013663,payment_link,1,2026-02-01 21:45:00,failed,0.0
A00013664,P013664,message,1,2026-05-28 17:55:00,failed,0.0
A00013665,P013665,escalate,1,2026-04-18 05:26:00,failed,0.0
A00013666,P013666,stop,1,2026-01-31 22:59:00,failed,0.0
A00013667,P013667,escalate,1,2026-05-27 20:31:00,success,26476.42
A00013668,P013668,retry,1,2026-02-20 01:53:00,failed,0.0
A00013669,P013669,retry,1,2026-04-22 09:45:00,success,1489.7
A00013670,P013670,payment_link,1,2026-05-02 02:53:00,success,1199.39
A00013671,P013671,retry,1,2026-03-24 16:51:00,failed,0.0
A00013672,P013672,retry,1,2026-05-03 23:19:00,failed,0.0
A00013673,P013673,escalate,1,2026-04-05 19:42:00,failed,0.0
A00013674,P013674,retry,1,2026-05-18 08:05:00,success,1278.81
A00013675,P013675,message,1,2026-05-10 05:46:00,failed,0.0
A00013676,P013676,retry,1,2026-01-06 07:21:00,success,3251.48
A00013677,P013677,retry,1,2026-03-28 18:00:00,success,3281.51
A00013678,P013678,stop,1,2026-03-15 12:38:00,failed,0.0
A00013679,P013679,payment_link,1,2026-06-23 10:00:00,failed,0.0
A00013680,P013680,escalate,1,2026-06-04 16:18:00,failed,0.0
A00013681,P013681,stop,1,2026-03-15 08:07:00,failed,0.0
A00013682,P013682,escalate,1,2026-05-17 19:21:00,success,3547.26
A00013683,P013683,retry,1,2026-06-06 11:10:00,failed,0.0
A00013684,P013684,payment_link,1,2026-06-26 12:53:00,success,3398.64
A00013685,P013685,message,1,2026-02-21 16:47:00,failed,0.0
A00013686,P013686,message,1,2026-03-22 14:26:00,failed,0.0
A00013687,P013687,stop,1,2026-04-14 20:03:00,failed,0.0
A00013688,P013688,payment_link,1,2026-06-26 05:22:00,failed,0.0
A00013689,P013689,stop,1,2026-05-22 19:27:00,failed,0.0
A00013690,P013690,stop,1,2026-06-06 10:46:00,failed,0.0
A00013691,P013691,stop,1,2026-04-24 19:46:00,failed,0.0
A00013692,P013692,message,1,2026-02-22 23:38:00,success,3007.51
A00013693,P013693,payment_link,1,2026-06-10 06:08:00,success,2128.15
A00013694,P013694,stop,1,2026-06-11 08:56:00,failed,0.0
A00013695,P013695,escalate,1,2026-02-09 12:15:00,failed,0.0
A00013696,P013696,retry,1,2026-04-05 21:13:00,success,3390.13
A00013697,P013697,payment_link,1,2026-04-02 01:00:00,success,4571.34
A00013698,P013698,stop,1,2026-06-11 11:48:00,success,8380.06
A00013699,P013699,message,1,2026-02-03 23:09:00,success,10704.31
A00013700,P013700,escalate,1,2026-04-13 00:52:00,failed,0.0
A00013701,P013701,payment_link,1,2026-04-05 23:33:00,failed,0.0
A00013702,P013702,escalate,1,2026-06-02 13:43:00,failed,0.0
A00013703,P013703,retry,1,2026-02-25 11:13:00,success,4149.46
A00013704,P013704,message,1,2026-04-25 21:19:00,failed,0.0
A00013705,P013705,message,1,2026-05-11 19:35:00,failed,0.0
A00013706,P013706,message,1,2026-03-15 02:21:00,success,4589.1
A00013707,P013707,payment_link,1,2026-03-13 18:32:00,failed,0.0
A00013708,P013708,payment_link,1,2026-06-20 03:40:00,success,1862.17
A00013709,P013709,retry,1,2026-06-28 19:26:00,failed,0.0
A00013710,P013710,stop,1,2026-03-18 03:20:00,failed,0.0
A00013711,P013711,stop,1,2026-04-27 05:43:00,failed,0.0
A00013712,P013712,stop,1,2026-06-21 23:07:00,success,1900.66
A00013713,P013713,retry,1,2026-04-22 14:25:00,failed,0.0
A00013714,P013714,escalate,1,2026-01-28 14:27:00,failed,0.0
A00013715,P013715,retry,1,2026-06-13 05:31:00,failed,0.0
A00013716,P013716,payment_link,1,2026-01-08 06:47:00,success,806.83
A00013717,P013717,payment_link,1,2026-04-04 18:35:00,failed,0.0
A00013718,P013718,retry,1,2026-03-21 03:54:00,failed,0.0
A00013719,P013719,message,1,2026-05-10 21:06:00,success,5327.63
A00013720,P013720,escalate,1,2026-05-29 19:17:00,failed,0.0
A00013721,P013721,retry,1,2026-01-19 20:54:00,failed,0.0
A00013722,P013722,message,1,2026-03-17 18:12:00,failed,0.0
A00013723,P013723,payment_link,1,2026-04-04 19:46:00,failed,0.0
A00013724,P013724,message,1,2026-06-25 06:35:00,failed,0.0
A00013725,P013725,stop,1,2026-06-19 21:41:00,failed,0.0
A00013726,P013726,stop,1,2026-02-27 05:16:00,success,1105.64
A00013727,P013727,stop,1,2026-01-30 00:19:00,failed,0.0
A00013728,P013728,payment_link,1,2026-05-14 01:50:00,failed,0.0
A00013729,P013729,stop,1,2026-05-15 02:17:00,failed,0.0
A00013730,P013730,retry,1,2026-01-05 18:56:00,failed,0.0
A00013731,P013731,payment_link,1,2026-04-06 06:37:00,failed,0.0
A00013732,P013732,escalate,1,2026-04-17 00:50:00,failed,0.0
A00013733,P013733,stop,1,2026-04-01 22:34:00,failed,0.0
A00013734,P013734,message,1,2026-04-08 07:44:00,success,2173.42
A00013735,P013735,payment_link,1,2026-06-27 10:10:00,failed,0.0
A00013736,P013736,retry,1,2026-05-23 07:35:00,failed,0.0
A00013737,P013737,stop,1,2026-04-20 12:13:00,failed,0.0
A00013738,P013738,retry,1,2026-04-07 02:36:00,failed,0.0
A00013739,P013739,stop,1,2026-03-06 01:19:00,failed,0.0
A00013740,P013740,payment_link,1,2026-06-28 09:41:00,success,1055.47
A00013741,P013741,payment_link,1,2026-01-01 01:23:00,success,3234.98
A00013742,P013742,payment_link,1,2026-03-14 21:36:00,failed,0.0
A00013743,P013743,stop,1,2026-01-10 07:02:00,failed,0.0
A00013744,P013744,message,1,2026-02-12 12:14:00,failed,0.0
A00013745,P013745,message,1,2026-06-27 00:41:00,failed,0.0
A00013746,P013746,escalate,1,2026-06-19 05:24:00,failed,0.0
A00013747,P013747,escalate,1,2026-02-05 21:50:00,success,2400.54
A00013748,P013748,payment_link,1,2026-01-19 10:09:00,success,2309.32
A00013749,P013749,escalate,1,2026-04-17 04:18:00,failed,0.0
A00013750,P013750,payment_link,1,2026-01-17 04:03:00,success,4054.97
A00013751,P013751,message,1,2026-01-01 20:03:00,success,23804.72
A00013752,P013752,payment_link,1,2026-01-29 04:31:00,failed,0.0
A00013753,P013753,message,1,2026-01-24 17:11:00,success,1928.84
A00013754,P013754,escalate,1,2026-01-14 19:52:00,failed,0.0
A00013755,P013755,stop,1,2026-05-25 08:39:00,failed,0.0
A00013756,P013756,payment_link,1,2026-05-23 06:56:00,success,682.57
A00013757,P013757,retry,1,2026-01-12 02:29:00,failed,0.0
A00013758,P013758,retry,1,2026-05-24 13:14:00,failed,0.0
A00013759,P013759,escalate,1,2026-03-09 06:06:00,failed,0.0
A00013760,P013760,stop,1,2026-01-07 19:29:00,failed,0.0
A00013761,P013761,escalate,1,2026-04-21 21:12:00,success,1089.74
A00013762,P013762,payment_link,1,2026-04-23 16:55:00,failed,0.0
A00013763,P013763,escalate,1,2026-02-26 23:34:00,failed,0.0
A00013764,P013764,stop,1,2026-01-28 12:42:00,failed,0.0
A00013765,P013765,payment_link,1,2026-04-30 09:20:00,failed,0.0
A00013766,P013766,retry,1,2026-01-14 04:07:00,failed,0.0
A00013767,P013767,escalate,1,2026-02-26 07:02:00,failed,0.0
A00013768,P013768,message,1,2026-04-19 02:07:00,success,4387.14
A00013769,P013769,stop,1,2026-04-02 13:44:00,failed,0.0
A00013770,P013770,retry,1,2026-01-08 08:00:00,failed,0.0
A00013771,P013771,message,1,2026-06-18 11:47:00,success,1060.44
A00013772,P013772,message,1,2026-03-03 01:59:00,failed,0.0
A00013773,P013773,payment_link,1,2026-04-26 00:19:00,success,1479.39
A00013774,P013774,retry,1,2026-05-28 23:10:00,failed,0.0
A00013775,P013775,retry,1,2026-06-23 04:56:00,failed,0.0
A00013776,P013776,retry,1,2026-04-29 13:42:00,failed,0.0
A00013777,P013777,stop,1,2026-02-15 23:44:00,failed,0.0
A00013778,P013778,message,1,2026-05-11 16:49:00,success,2874.6
A00013779,P013779,stop,1,2026-01-30 13:20:00,success,9466.64
A00013780,P013780,stop,1,2026-01-07 16:15:00,failed,0.0
A00013781,P013781,message,1,2026-04-01 22:38:00,success,686.51
A00013782,P013782,retry,1,2026-06-24 17:23:00,failed,0.0
A00013783,P013783,message,1,2026-04-05 20:00:00,failed,0.0
A00013784,P013784,message,1,2026-01-30 06:20:00,failed,0.0
A00013785,P013785,stop,1,2026-01-28 15:55:00,failed,0.0
A00013786,P013786,message,1,2026-04-02 08:53:00,failed,0.0
A00013787,P013787,stop,1,2026-01-27 15:43:00,success,5759.81
A00013788,P013788,message,1,2026-04-12 14:32:00,success,26484.95
A00013789,P013789,escalate,1,2026-05-29 12:02:00,failed,0.0
A00013790,P013790,stop,1,2026-01-04 01:43:00,failed,0.0
A00013791,P013791,message,1,2026-01-23 00:55:00,success,5454.96
A00013792,P013792,escalate,1,2026-02-24 14:44:00,success,1266.78
A00013793,P013793,payment_link,1,2026-06-15 16:27:00,failed,0.0
A00013794,P013794,payment_link,1,2026-01-04 16:15:00,success,2392.34
A00013795,P013795,message,1,2026-01-16 12:17:00,success,2540.42
A00013796,P013796,message,1,2026-01-09 23:43:00,failed,0.0
A00013797,P013797,escalate,1,2026-03-07 13:58:00,failed,0.0
A00013798,P013798,payment_link,1,2026-05-22 11:27:00,failed,0.0
A00013799,P013799,escalate,1,2026-02-01 02:14:00,success,2216.99
A00013800,P013800,escalate,1,2026-06-28 07:39:00,failed,0.0
A00013801,P013801,payment_link,1,2026-06-10 08:42:00,success,934.5
A00013802,P013802,payment_link,1,2026-04-17 12:51:00,failed,0.0
A00013803,P013803,retry,1,2026-01-04 16:57:00,failed,0.0
A00013804,P013804,payment_link,1,2026-04-16 01:51:00,success,4846.81
A00013805,P013805,stop,1,2026-03-16 13:12:00,failed,0.0
A00013806,P013806,stop,1,2026-06-25 23:50:00,failed,0.0
A00013807,P013807,payment_link,1,2026-04-18 06:13:00,failed,0.0
A00013808,P013808,payment_link,1,2026-01-16 12:20:00,success,4263.07
A00013809,P013809,retry,1,2026-05-18 00:05:00,success,863.15
A00013810,P013810,retry,1,2026-06-23 01:25:00,failed,0.0
A00013811,P013811,escalate,1,2026-04-26 13:12:00,failed,0.0
A00013812,P013812,message,1,2026-01-16 12:03:00,success,58798.64
A00013813,P013813,message,1,2026-04-24 02:39:00,failed,0.0
A00013814,P013814,retry,1,2026-06-26 20:35:00,failed,0.0
A00013815,P013815,message,1,2026-04-23 17:23:00,failed,0.0
A00013816,P013816,stop,1,2026-02-03 16:34:00,failed,0.0
A00013817,P013817,payment_link,1,2026-05-28 07:06:00,success,1312.7
A00013818,P013818,payment_link,1,2026-03-09 23:54:00,success,3234.15
A00013819,P013819,message,1,2026-01-10 13:36:00,success,1437.16
A00013820,P013820,escalate,1,2026-06-14 05:40:00,failed,0.0
A00013821,P013821,message,1,2026-01-27 21:39:00,success,7738.26
A00013822,P013822,payment_link,1,2026-06-24 03:59:00,failed,0.0
A00013823,P013823,payment_link,1,2026-05-20 06:35:00,success,2293.65
A00013824,P013824,escalate,1,2026-06-10 08:16:00,failed,0.0
A00013825,P013825,stop,1,2026-06-06 11:34:00,failed,0.0
A00013826,P013826,retry,1,2026-02-19 02:43:00,success,2633.38
A00013827,P013827,stop,1,2026-04-30 02:20:00,failed,0.0
A00013828,P013828,stop,1,2026-04-06 04:58:00,failed,0.0
A00013829,P013829,escalate,1,2026-01-11 06:31:00,failed,0.0
A00013830,P013830,message,1,2026-01-04 05:23:00,success,2452.51
A00013831,P013831,message,1,2026-05-08 09:32:00,failed,0.0
A00013832,P013832,message,1,2026-04-10 02:45:00,success,1814.91
A00013833,P013833,payment_link,1,2026-01-18 05:09:00,failed,0.0
A00013834,P013834,payment_link,1,2026-05-17 21:44:00,success,4563.45
A00013835,P013835,message,1,2026-05-18 03:58:00,failed,0.0
A00013836,P013836,payment_link,1,2026-01-07 07:44:00,success,23210.51
A00013837,P013837,retry,1,2026-03-23 20:37:00,failed,0.0
A00013838,P013838,retry,1,2026-01-01 22:40:00,failed,0.0
A00013839,P013839,message,1,2026-03-24 17:40:00,success,2309.27
A00013840,P013840,payment_link,1,2026-01-21 15:49:00,failed,0.0
A00013841,P013841,payment_link,1,2026-02-19 04:14:00,failed,0.0
A00013842,P013842,retry,1,2026-06-17 05:17:00,success,2121.17
A00013843,P013843,escalate,1,2026-01-05 20:22:00,success,30359.52
A00013844,P013844,escalate,1,2026-04-05 08:59:00,failed,0.0
A00013845,P013845,message,1,2026-05-24 18:32:00,failed,0.0
A00013846,P013846,stop,1,2026-03-05 15:23:00,failed,0.0
A00013847,P013847,stop,1,2026-05-17 00:45:00,failed,0.0
A00013848,P013848,payment_link,1,2026-04-23 11:16:00,success,1940.28
A00013849,P013849,retry,1,2026-01-19 14:28:00,failed,0.0
A00013850,P013850,payment_link,1,2026-02-12 19:22:00,failed,0.0
A00013851,P013851,message,1,2026-01-23 00:13:00,success,1977.64
A00013852,P013852,stop,1,2026-01-30 06:23:00,failed,0.0
A00013853,P013853,escalate,1,2026-01-15 15:13:00,success,714.48
A00013854,P013854,message,1,2026-06-10 05:28:00,success,2198.3
A00013855,P013855,escalate,1,2026-05-22 04:35:00,failed,0.0
A00013856,P013856,message,1,2026-05-01 23:09:00,failed,0.0
A00013857,P013857,payment_link,1,2026-06-15 02:19:00,failed,0.0
A00013858,P013858,payment_link,1,2026-04-13 16:53:00,success,4886.32
A00013859,P013859,stop,1,2026-03-03 15:19:00,failed,0.0
A00013860,P013860,stop,1,2026-04-23 14:50:00,failed,0.0
A00013861,P013861,message,1,2026-03-23 14:13:00,failed,0.0
A00013862,P013862,payment_link,1,2026-02-21 15:01:00,success,3275.07
A00013863,P013863,payment_link,1,2026-02-01 03:56:00,success,1722.03
A00013864,P013864,message,1,2026-04-16 03:11:00,failed,0.0
A00013865,P013865,retry,1,2026-02-01 13:18:00,success,1203.56
A00013866,P013866,payment_link,1,2026-05-23 10:34:00,success,4523.31
A00013867,P013867,stop,1,2026-05-23 21:55:00,failed,0.0
A00013868,P013868,retry,1,2026-05-25 01:56:00,success,2812.52
A00013869,P013869,stop,1,2026-05-21 09:22:00,success,11759.87
A00013870,P013870,retry,1,2026-02-09 04:21:00,failed,0.0
A00013871,P013871,message,1,2026-06-22 07:21:00,success,1259.62
A00013872,P013872,escalate,1,2026-02-19 09:16:00,success,1650.07
A00013873,P013873,stop,1,2026-01-26 16:54:00,failed,0.0
A00013874,P013874,payment_link,1,2026-02-15 11:02:00,success,4378.33
A00013875,P013875,message,1,2026-03-25 17:37:00,failed,0.0
A00013876,P013876,stop,1,2026-03-06 07:52:00,failed,0.0
A00013877,P013877,stop,1,2026-02-01 04:55:00,failed,0.0
A00013878,P013878,escalate,1,2026-06-11 11:58:00,success,6341.05
A00013879,P013879,stop,1,2026-03-17 13:22:00,failed,0.0
A00013880,P013880,stop,1,2026-02-09 11:43:00,success,2577.06
A00013881,P013881,escalate,1,2026-02-26 14:27:00,success,2655.68
A00013882,P013882,retry,1,2026-02-12 22:34:00,failed,0.0
A00013883,P013883,message,1,2026-06-24 07:29:00,success,5052.48
A00013884,P013884,retry,1,2026-05-18 10:33:00,failed,0.0
A00013885,P013885,message,1,2026-01-04 09:09:00,failed,0.0
A00013886,P013886,stop,1,2026-03-25 16:17:00,failed,0.0
A00013887,P013887,stop,1,2026-03-26 19:24:00,success,1984.57
A00013888,P013888,payment_link,1,2026-02-09 21:13:00,failed,0.0
A00013889,P013889,payment_link,1,2026-02-24 22:30:00,failed,0.0
A00013890,P013890,retry,1,2026-02-12 11:52:00,failed,0.0
A00013891,P013891,message,1,2026-06-10 10:36:00,success,2753.23
A00013892,P013892,message,1,2026-02-03 17:35:00,failed,0.0
A00013893,P013893,stop,1,2026-01-06 04:52:00,failed,0.0
A00013894,P013894,retry,1,2026-01-28 23:37:00,failed,0.0
A00013895,P013895,escalate,1,2026-02-15 11:14:00,failed,0.0
A00013896,P013896,payment_link,1,2026-03-11 13:48:00,success,1872.62
A00013897,P013897,message,1,2026-05-09 06:02:00,failed,0.0
A00013898,P013898,payment_link,1,2026-01-31 13:48:00,success,3095.87
A00013899,P013899,retry,1,2026-05-27 17:46:00,success,1332.86
A00013900,P013900,payment_link,1,2026-01-01 18:57:00,failed,0.0
A00013901,P013901,stop,1,2026-05-20 08:39:00,failed,0.0
A00013902,P013902,message,1,2026-06-11 22:28:00,success,4380.18
A00013903,P013903,message,1,2026-01-17 19:24:00,success,1265.03
A00013904,P013904,escalate,1,2026-01-25 06:12:00,failed,0.0
A00013905,P013905,retry,1,2026-01-23 13:51:00,success,4455.58
A00013906,P013906,payment_link,1,2026-01-12 03:49:00,success,3991.41
A00013907,P013907,stop,1,2026-02-02 00:00:00,failed,0.0
A00013908,P013908,payment_link,1,2026-06-24 21:28:00,failed,0.0
A00013909,P013909,message,1,2026-06-02 19:21:00,success,9569.18
A00013910,P013910,retry,1,2026-04-05 17:24:00,success,2131.58
A00013911,P013911,escalate,1,2026-01-13 02:29:00,failed,0.0
A00013912,P013912,escalate,1,2026-02-18 23:13:00,success,1443.65
A00013913,P013913,message,1,2026-01-22 00:17:00,failed,0.0
A00013914,P013914,payment_link,1,2026-06-13 22:07:00,success,7579.61
A00013915,P013915,payment_link,1,2026-03-06 12:39:00,success,8417.32
A00013916,P013916,retry,1,2026-03-18 09:32:00,success,1745.45
A00013917,P013917,payment_link,1,2026-01-31 11:02:00,failed,0.0
A00013918,P013918,payment_link,1,2026-03-04 04:53:00,failed,0.0
A00013919,P013919,stop,1,2026-02-19 18:01:00,failed,0.0
A00013920,P013920,payment_link,1,2026-01-15 08:20:00,failed,0.0
A00013921,P013921,stop,1,2026-05-11 11:18:00,failed,0.0
A00013922,P013922,message,1,2026-06-20 08:58:00,failed,0.0
A00013923,P013923,retry,1,2026-03-12 08:59:00,success,7500.43
A00013924,P013924,retry,1,2026-05-15 19:38:00,success,6972.23
A00013925,P013925,stop,1,2026-02-28 09:58:00,failed,0.0
A00013926,P013926,message,1,2026-03-25 12:00:00,failed,0.0
A00013927,P013927,stop,1,2026-04-16 21:01:00,failed,0.0
A00013928,P013928,message,1,2026-05-29 11:27:00,success,1435.43
A00013929,P013929,stop,1,2026-05-11 13:44:00,failed,0.0
A00013930,P013930,stop,1,2026-06-07 01:06:00,success,7454.62
A00013931,P013931,message,1,2026-05-17 05:47:00,failed,0.0
A00013932,P013932,message,1,2026-06-16 16:51:00,failed,0.0
A00013933,P013933,payment_link,1,2026-01-19 03:07:00,success,987.92
A00013934,P013934,payment_link,1,2026-04-22 13:52:00,success,10931.7
A00013935,P013935,payment_link,1,2026-06-24 21:33:00,failed,0.0
A00013936,P013936,escalate,1,2026-03-24 03:29:00,success,3529.82
A00013937,P013937,escalate,1,2026-05-03 17:48:00,failed,0.0
A00013938,P013938,payment_link,1,2026-02-14 02:32:00,failed,0.0
A00013939,P013939,escalate,1,2026-04-18 05:58:00,failed,0.0
A00013940,P013940,payment_link,1,2026-01-10 20:32:00,success,10473.23
A00013941,P013941,escalate,1,2026-01-20 23:52:00,success,2420.85
A00013942,P013942,message,1,2026-05-07 15:36:00,failed,0.0
A00013943,P013943,retry,1,2026-02-02 06:30:00,failed,0.0
A00013944,P013944,escalate,1,2026-06-16 12:38:00,success,1235.88
A00013945,P013945,escalate,1,2026-05-27 15:04:00,success,1238.14
A00013946,P013946,message,1,2026-04-08 15:27:00,success,961.7
A00013947,P013947,stop,1,2026-01-05 08:43:00,failed,0.0
A00013948,P013948,payment_link,1,2026-02-19 18:17:00,failed,0.0
A00013949,P013949,stop,1,2026-01-26 04:56:00,failed,0.0
A00013950,P013950,payment_link,1,2026-02-26 00:23:00,failed,0.0
A00013951,P013951,stop,1,2026-04-16 10:13:00,failed,0.0
A00013952,P013952,retry,1,2026-01-26 17:11:00,success,4686.79
A00013953,P013953,stop,1,2026-04-25 11:04:00,failed,0.0
A00013954,P013954,stop,1,2026-02-10 11:44:00,failed,0.0
A00013955,P013955,payment_link,1,2026-02-21 04:37:00,success,4046.8
A00013956,P013956,escalate,1,2026-04-09 02:30:00,success,8299.79
A00013957,P013957,retry,1,2026-02-21 20:28:00,failed,0.0
A00013958,P013958,message,1,2026-02-14 23:12:00,failed,0.0
A00013959,P013959,payment_link,1,2026-02-17 11:47:00,failed,0.0
A00013960,P013960,retry,1,2026-03-27 01:56:00,success,7447.57
A00013961,P013961,message,1,2026-05-23 09:46:00,failed,0.0
A00013962,P013962,stop,1,2026-06-28 07:56:00,failed,0.0
A00013963,P013963,payment_link,1,2026-05-08 12:48:00,failed,0.0
A00013964,P013964,retry,1,2026-02-20 19:45:00,failed,0.0
A00013965,P013965,message,1,2026-05-04 02:34:00,success,1272.7
A00013966,P013966,message,1,2026-06-23 03:19:00,success,2250.08
A00013967,P013967,message,1,2026-03-02 05:55:00,failed,0.0
A00013968,P013968,payment_link,1,2026-02-04 00:29:00,failed,0.0
A00013969,P013969,payment_link,1,2026-02-14 05:16:00,success,8134.8
A00013970,P013970,payment_link,1,2026-01-29 03:48:00,success,3458.77
A00013971,P013971,payment_link,1,2026-02-23 10:57:00,failed,0.0
A00013972,P013972,payment_link,1,2026-05-28 07:01:00,failed,0.0
A00013973,P013973,payment_link,1,2026-04-04 05:16:00,success,1817.51
A00013974,P013974,escalate,1,2026-03-12 17:16:00,success,1669.23
A00013975,P013975,retry,1,2026-04-18 03:44:00,failed,0.0
A00013976,P013976,payment_link,1,2026-03-03 03:42:00,success,1973.51
A00013977,P013977,retry,1,2026-06-03 11:24:00,success,2264.43
A00013978,P013978,retry,1,2026-02-10 08:58:00,success,16260.02
A00013979,P013979,message,1,2026-06-17 15:23:00,failed,0.0
A00013980,P013980,message,1,2026-05-29 00:04:00,failed,0.0
A00013981,P013981,payment_link,1,2026-03-16 07:04:00,failed,0.0
A00013982,P013982,escalate,1,2026-04-07 20:36:00,success,24892.58
A00013983,P013983,stop,1,2026-02-28 15:37:00,failed,0.0
A00013984,P013984,payment_link,1,2026-01-20 17:30:00,failed,0.0
A00013985,P013985,retry,1,2026-03-12 16:17:00,failed,0.0
A00013986,P013986,payment_link,1,2026-02-05 10:23:00,success,2235.56
A00013987,P013987,payment_link,1,2026-04-28 09:21:00,success,1170.39
A00013988,P013988,message,1,2026-02-15 11:11:00,success,6859.54
A00013989,P013989,message,1,2026-03-25 20:15:00,failed,0.0
A00013990,P013990,stop,1,2026-01-08 06:16:00,failed,0.0
A00013991,P013991,escalate,1,2026-05-22 09:05:00,failed,0.0
A00013992,P013992,message,1,2026-03-01 21:17:00,failed,0.0
A00013993,P013993,message,1,2026-03-06 13:38:00,success,2299.96
A00013994,P013994,stop,1,2026-01-09 17:05:00,failed,0.0
A00013995,P013995,retry,1,2026-04-01 17:58:00,failed,0.0
A00013996,P013996,message,1,2026-05-02 13:01:00,success,5391.84
A00013997,P013997,retry,1,2026-04-26 04:17:00,failed,0.0
A00013998,P013998,stop,1,2026-04-24 19:35:00,failed,0.0
A00013999,P013999,retry,1,2026-04-27 08:15:00,success,4800.28
A00014000,P014000,retry,1,2026-03-15 17:37:00,failed,0.0
A00014001,P014001,message,1,2026-05-24 17:22:00,failed,0.0
A00014002,P014002,retry,1,2026-04-30 01:44:00,success,4320.98
A00014003,P014003,escalate,1,2026-04-09 14:31:00,success,3048.19
A00014004,P014004,payment_link,1,2026-05-17 21:31:00,success,669.47
A00014005,P014005,retry,1,2026-03-14 02:52:00,success,3633.97
A00014006,P014006,retry,1,2026-01-19 22:03:00,success,2499.05
A00014007,P014007,escalate,1,2026-04-19 13:31:00,failed,0.0
A00014008,P014008,message,1,2026-05-05 12:30:00,failed,0.0
A00014009,P014009,escalate,1,2026-04-17 16:10:00,failed,0.0
A00014010,P014010,stop,1,2026-06-06 11:15:00,failed,0.0
A00014011,P014011,stop,1,2026-05-14 20:14:00,failed,0.0
A00014012,P014012,stop,1,2026-02-07 21:37:00,failed,0.0
A00014013,P014013,retry,1,2026-06-14 17:08:00,failed,0.0
A00014014,P014014,stop,1,2026-01-20 16:41:00,failed,0.0
A00014015,P014015,escalate,1,2026-05-22 22:43:00,failed,0.0
A00014016,P014016,payment_link,1,2026-01-12 15:20:00,success,1991.44
A00014017,P014017,escalate,1,2026-05-12 15:05:00,failed,0.0
A00014018,P014018,payment_link,1,2026-02-02 21:45:00,failed,0.0
A00014019,P014019,escalate,1,2026-06-19 10:25:00,success,1482.35
A00014020,P014020,retry,1,2026-03-05 05:10:00,success,732.54
A00014021,P014021,retry,1,2026-01-25 09:28:00,failed,0.0
A00014022,P014022,message,1,2026-06-03 08:15:00,failed,0.0
A00014023,P014023,stop,1,2026-03-25 04:28:00,failed,0.0
A00014024,P014024,stop,1,2026-02-15 10:32:00,failed,0.0
A00014025,P014025,escalate,1,2026-03-11 16:38:00,failed,0.0
A00014026,P014026,escalate,1,2026-06-17 21:26:00,failed,0.0
A00014027,P014027,retry,1,2026-04-12 15:18:00,failed,0.0
A00014028,P014028,message,1,2026-06-24 18:36:00,success,7957.99
A00014029,P014029,payment_link,1,2026-03-12 01:31:00,failed,0.0
A00014030,P014030,stop,1,2026-02-25 21:42:00,failed,0.0
A00014031,P014031,retry,1,2026-06-15 11:26:00,success,903.36
A00014032,P014032,retry,1,2026-04-02 12:46:00,failed,0.0
A00014033,P014033,message,1,2026-05-16 01:47:00,failed,0.0
A00014034,P014034,retry,1,2026-05-20 12:41:00,failed,0.0
A00014035,P014035,retry,1,2026-03-10 03:43:00,failed,0.0
A00014036,P014036,payment_link,1,2026-03-05 21:33:00,failed,0.0
A00014037,P014037,payment_link,1,2026-03-20 02:17:00,success,2214.28
A00014038,P014038,payment_link,1,2026-04-10 07:11:00,failed,0.0
A00014039,P014039,retry,1,2026-03-14 10:11:00,failed,0.0
A00014040,P014040,retry,1,2026-03-04 22:24:00,failed,0.0
A00014041,P014041,stop,1,2026-06-28 20:58:00,failed,0.0
A00014042,P014042,escalate,1,2026-04-19 01:56:00,failed,0.0
A00014043,P014043,stop,1,2026-04-06 06:52:00,failed,0.0
A00014044,P014044,message,1,2026-03-26 09:15:00,success,3390.85
A00014045,P014045,payment_link,1,2026-03-06 16:34:00,failed,0.0
A00014046,P014046,escalate,1,2026-04-11 00:21:00,failed,0.0
A00014047,P014047,retry,1,2026-04-25 01:29:00,success,1662.53
A00014048,P014048,payment_link,1,2026-02-25 15:28:00,success,6067.0
A00014049,P014049,stop,1,2026-03-21 17:09:00,failed,0.0
A00014050,P014050,retry,1,2026-06-10 02:49:00,failed,0.0
A00014051,P014051,message,1,2026-03-23 13:49:00,success,4194.3
A00014052,P014052,escalate,1,2026-04-09 04:35:00,failed,0.0
A00014053,P014053,stop,1,2026-01-10 14:34:00,failed,0.0
A00014054,P014054,retry,1,2026-03-23 07:35:00,success,2451.06
A00014055,P014055,message,1,2026-03-26 05:29:00,failed,0.0
A00014056,P014056,payment_link,1,2026-06-19 06:26:00,failed,0.0
A00014057,P014057,escalate,1,2026-05-19 17:19:00,success,6674.56
A00014058,P014058,message,1,2026-04-12 19:41:00,failed,0.0
A00014059,P014059,payment_link,1,2026-04-07 19:51:00,success,3189.16
A00014060,P014060,stop,1,2026-06-25 14:22:00,failed,0.0
A00014061,P014061,retry,1,2026-06-29 07:20:00,failed,0.0
A00014062,P014062,retry,1,2026-03-26 21:54:00,failed,0.0
A00014063,P014063,stop,1,2026-01-06 10:29:00,failed,0.0
A00014064,P014064,payment_link,1,2026-06-18 20:49:00,success,2574.31
A00014065,P014065,payment_link,1,2026-04-30 15:35:00,success,434.47
A00014066,P014066,message,1,2026-01-15 15:28:00,success,1570.82
A00014067,P014067,payment_link,1,2026-04-03 12:46:00,success,13732.94
A00014068,P014068,retry,1,2026-03-27 23:31:00,success,555.31
A00014069,P014069,message,1,2026-06-26 23:45:00,success,2081.67
A00014070,P014070,escalate,1,2026-03-16 18:24:00,failed,0.0
A00014071,P014071,stop,1,2026-06-13 00:27:00,failed,0.0
A00014072,P014072,message,1,2026-06-02 21:41:00,failed,0.0
A00014073,P014073,stop,1,2026-04-06 18:05:00,failed,0.0
A00014074,P014074,retry,1,2026-05-28 07:16:00,failed,0.0
A00014075,P014075,escalate,1,2026-04-24 04:31:00,failed,0.0
A00014076,P014076,stop,1,2026-02-16 07:16:00,failed,0.0
A00014077,P014077,stop,1,2026-05-04 17:40:00,failed,0.0
A00014078,P014078,retry,1,2026-03-15 16:29:00,failed,0.0
A00014079,P014079,escalate,1,2026-01-11 18:37:00,failed,0.0
A00014080,P014080,payment_link,1,2026-01-15 15:52:00,success,3573.05
A00014081,P014081,message,1,2026-03-27 11:13:00,failed,0.0
A00014082,P014082,payment_link,1,2026-05-26 06:48:00,success,2505.49
A00014083,P014083,payment_link,1,2026-02-26 05:09:00,failed,0.0
A00014084,P014084,message,1,2026-02-15 11:07:00,failed,0.0
A00014085,P014085,payment_link,1,2026-02-01 22:03:00,success,1033.33
A00014086,P014086,stop,1,2026-05-08 15:53:00,failed,0.0
A00014087,P014087,retry,1,2026-04-23 14:28:00,failed,0.0
A00014088,P014088,message,1,2026-06-18 18:49:00,failed,0.0
A00014089,P014089,stop,1,2026-01-28 17:59:00,failed,0.0
A00014090,P014090,message,1,2026-06-05 05:01:00,success,2468.82
A00014091,P014091,message,1,2026-04-26 04:16:00,success,4048.78
A00014092,P014092,escalate,1,2026-04-25 06:08:00,failed,0.0
A00014093,P014093,stop,1,2026-03-15 11:49:00,failed,0.0
A00014094,P014094,stop,1,2026-06-04 05:39:00,failed,0.0
A00014095,P014095,payment_link,1,2026-04-05 13:16:00,failed,0.0
A00014096,P014096,stop,1,2026-01-27 07:40:00,failed,0.0
A00014097,P014097,escalate,1,2026-01-25 23:39:00,success,2896.41
A00014098,P014098,message,1,2026-03-08 14:52:00,success,9449.09
A00014099,P014099,message,1,2026-02-27 04:26:00,failed,0.0
A00014100,P014100,escalate,1,2026-02-04 17:47:00,failed,0.0
A00014101,P014101,payment_link,1,2026-01-20 18:36:00,failed,0.0
A00014102,P014102,escalate,1,2026-02-05 10:20:00,failed,0.0
A00014103,P014103,payment_link,1,2026-02-04 11:56:00,success,5613.22
A00014104,P014104,message,1,2026-05-02 08:49:00,success,15385.8
A00014105,P014105,payment_link,1,2026-02-06 09:02:00,failed,0.0
A00014106,P014106,payment_link,1,2026-04-08 17:47:00,success,12812.69
A00014107,P014107,stop,1,2026-05-15 04:58:00,failed,0.0
A00014108,P014108,message,1,2026-05-20 22:40:00,success,2517.16
A00014109,P014109,stop,1,2026-05-05 01:52:00,failed,0.0
A00014110,P014110,payment_link,1,2026-04-20 18:19:00,success,5696.92
A00014111,P014111,escalate,1,2026-01-26 16:30:00,success,2799.58
A00014112,P014112,message,1,2026-01-19 20:39:00,success,2478.62
A00014113,P014113,retry,1,2026-01-03 15:26:00,success,4346.89
A00014114,P014114,payment_link,1,2026-02-03 13:44:00,failed,0.0
A00014115,P014115,message,1,2026-06-19 07:36:00,failed,0.0
A00014116,P014116,escalate,1,2026-04-08 04:54:00,failed,0.0
A00014117,P014117,payment_link,1,2026-02-23 20:46:00,failed,0.0
A00014118,P014118,retry,1,2026-01-09 03:49:00,failed,0.0
A00014119,P014119,stop,1,2026-02-16 01:08:00,failed,0.0
A00014120,P014120,escalate,1,2026-02-25 06:36:00,failed,0.0
A00014121,P014121,escalate,1,2026-06-16 07:25:00,failed,0.0
A00014122,P014122,payment_link,1,2026-01-06 04:37:00,success,1366.16
A00014123,P014123,message,1,2026-01-17 01:23:00,success,3164.33
A00014124,P014124,payment_link,1,2026-02-28 22:07:00,failed,0.0
A00014125,P014125,payment_link,1,2026-03-24 20:47:00,success,8423.46
A00014126,P014126,retry,1,2026-03-08 16:44:00,success,3363.23
A00014127,P014127,payment_link,1,2026-02-18 13:53:00,success,8798.81
A00014128,P014128,escalate,1,2026-02-13 13:20:00,success,6869.29
A00014129,P014129,escalate,1,2026-02-03 18:01:00,success,8420.08
A00014130,P014130,retry,1,2026-03-05 08:13:00,failed,0.0
A00014131,P014131,payment_link,1,2026-04-10 17:21:00,success,2349.73
A00014132,P014132,stop,1,2026-06-15 00:01:00,failed,0.0
A00014133,P014133,stop,1,2026-02-23 10:05:00,failed,0.0
A00014134,P014134,message,1,2026-02-28 07:48:00,success,3751.84
A00014135,P014135,retry,1,2026-01-09 16:14:00,failed,0.0
A00014136,P014136,retry,1,2026-05-04 19:49:00,failed,0.0
A00014137,P014137,escalate,1,2026-04-19 23:19:00,success,1432.25
A00014138,P014138,retry,1,2026-05-17 02:35:00,failed,0.0
A00014139,P014139,message,1,2026-04-19 01:04:00,failed,0.0
A00014140,P014140,message,1,2026-04-13 00:01:00,success,2867.95
A00014141,P014141,stop,1,2026-02-01 12:14:00,failed,0.0
A00014142,P014142,message,1,2026-01-23 21:50:00,failed,0.0
A00014143,P014143,stop,1,2026-05-16 05:46:00,failed,0.0
A00014144,P014144,message,1,2026-02-15 10:48:00,success,1515.74
A00014145,P014145,stop,1,2026-05-27 15:53:00,failed,0.0
A00014146,P014146,payment_link,1,2026-01-27 10:32:00,failed,0.0
A00014147,P014147,retry,1,2026-01-11 12:10:00,failed,0.0
A00014148,P014148,stop,1,2026-02-17 12:23:00,failed,0.0
A00014149,P014149,retry,1,2026-05-12 08:29:00,failed,0.0
A00014150,P014150,payment_link,1,2026-05-07 03:33:00,success,1432.39
A00014151,P014151,retry,1,2026-05-03 03:01:00,failed,0.0
A00014152,P014152,retry,1,2026-01-02 13:16:00,failed,0.0
A00014153,P014153,retry,1,2026-05-26 05:57:00,success,2798.75
A00014154,P014154,stop,1,2026-03-05 20:42:00,failed,0.0
A00014155,P014155,payment_link,1,2026-03-01 02:46:00,success,7697.09
A00014156,P014156,escalate,1,2026-05-19 18:09:00,failed,0.0
A00014157,P014157,payment_link,1,2026-05-23 17:48:00,success,3182.3
A00014158,P014158,message,1,2026-05-04 14:03:00,failed,0.0
A00014159,P014159,stop,1,2026-05-31 20:15:00,failed,0.0
A00014160,P014160,stop,1,2026-04-29 02:35:00,failed,0.0
A00014161,P014161,stop,1,2026-03-23 17:10:00,failed,0.0
A00014162,P014162,escalate,1,2026-04-18 16:15:00,failed,0.0
A00014163,P014163,message,1,2026-06-21 08:02:00,failed,0.0
A00014164,P014164,message,1,2026-03-10 04:16:00,failed,0.0
A00014165,P014165,escalate,1,2026-02-10 20:08:00,success,11202.68
A00014166,P014166,escalate,1,2026-05-28 11:56:00,failed,0.0
A00014167,P014167,escalate,1,2026-05-08 12:01:00,failed,0.0
A00014168,P014168,message,1,2026-02-09 22:41:00,failed,0.0
A00014169,P014169,retry,1,2026-01-16 12:46:00,failed,0.0
A00014170,P014170,stop,1,2026-05-13 09:19:00,failed,0.0
A00014171,P014171,escalate,1,2026-01-27 04:10:00,failed,0.0
A00014172,P014172,retry,1,2026-05-20 03:04:00,failed,0.0
A00014173,P014173,message,1,2026-02-13 10:57:00,failed,0.0
A00014174,P014174,retry,1,2026-02-22 00:48:00,failed,0.0
A00014175,P014175,payment_link,1,2026-04-13 13:47:00,failed,0.0
A00014176,P014176,payment_link,1,2026-06-28 08:57:00,failed,0.0
A00014177,P014177,message,1,2026-05-01 16:27:00,failed,0.0
A00014178,P014178,message,1,2026-01-23 12:56:00,failed,0.0
A00014179,P014179,retry,1,2026-03-07 20:06:00,failed,0.0
A00014180,P014180,stop,1,2026-05-09 10:06:00,failed,0.0
A00014181,P014181,payment_link,1,2026-01-28 07:40:00,success,3846.6
A00014182,P014182,escalate,1,2026-02-25 20:46:00,success,37822.03
A00014183,P014183,stop,1,2026-04-11 10:32:00,failed,0.0
A00014184,P014184,payment_link,1,2026-05-30 10:56:00,success,1900.34
A00014185,P014185,message,1,2026-05-11 07:45:00,failed,0.0
A00014186,P014186,retry,1,2026-01-01 12:50:00,failed,0.0
A00014187,P014187,escalate,1,2026-05-07 04:09:00,success,4966.76
A00014188,P014188,payment_link,1,2026-01-21 00:08:00,failed,0.0
A00014189,P014189,payment_link,1,2026-03-08 04:05:00,failed,0.0
A00014190,P014190,payment_link,1,2026-06-09 23:16:00,failed,0.0
A00014191,P014191,retry,1,2026-06-23 21:17:00,success,4023.02
A00014192,P014192,message,1,2026-01-18 20:56:00,failed,0.0
A00014193,P014193,retry,1,2026-03-03 16:17:00,success,5608.44
A00014194,P014194,escalate,1,2026-05-15 04:30:00,success,4381.63
A00014195,P014195,escalate,1,2026-03-13 03:12:00,success,8262.15
A00014196,P014196,payment_link,1,2026-06-15 15:19:00,failed,0.0
A00014197,P014197,message,1,2026-06-17 15:29:00,failed,0.0
A00014198,P014198,escalate,1,2026-02-13 10:24:00,failed,0.0
A00014199,P014199,message,1,2026-01-11 15:15:00,success,3363.79
A00014200,P014200,stop,1,2026-03-30 13:08:00,failed,0.0
A00014201,P014201,escalate,1,2026-01-21 05:14:00,failed,0.0
A00014202,P014202,payment_link,1,2026-02-02 17:04:00,success,4238.11
A00014203,P014203,retry,1,2026-05-12 12:36:00,failed,0.0
A00014204,P014204,message,1,2026-03-31 10:56:00,success,4180.16
A00014205,P014205,stop,1,2026-05-27 03:58:00,failed,0.0
A00014206,P014206,retry,1,2026-03-03 01:56:00,failed,0.0
A00014207,P014207,payment_link,1,2026-02-11 05:48:00,success,2837.98
A00014208,P014208,message,1,2026-02-19 10:49:00,success,6547.2
A00014209,P014209,retry,1,2026-03-25 12:30:00,success,4123.3
A00014210,P014210,stop,1,2026-03-12 00:56:00,failed,0.0
A00014211,P014211,stop,1,2026-03-18 17:30:00,failed,0.0
A00014212,P014212,payment_link,1,2026-06-27 11:41:00,failed,0.0
A00014213,P014213,retry,1,2026-05-28 16:30:00,failed,0.0
A00014214,P014214,message,1,2026-03-20 12:34:00,success,1391.48
A00014215,P014215,stop,1,2026-03-11 18:38:00,failed,0.0
A00014216,P014216,escalate,1,2026-02-17 18:03:00,success,7389.9
A00014217,P014217,stop,1,2026-04-20 18:33:00,failed,0.0
A00014218,P014218,escalate,1,2026-05-04 19:19:00,failed,0.0
A00014219,P014219,message,1,2026-02-18 03:27:00,success,5083.38
A00014220,P014220,escalate,1,2026-05-16 09:19:00,failed,0.0
A00014221,P014221,payment_link,1,2026-05-28 05:10:00,success,4175.41
A00014222,P014222,payment_link,1,2026-03-01 01:56:00,success,2219.52
A00014223,P014223,escalate,1,2026-02-04 05:54:00,success,1346.06
A00014224,P014224,stop,1,2026-01-03 16:30:00,failed,0.0
A00014225,P014225,payment_link,1,2026-02-02 00:24:00,failed,0.0
A00014226,P014226,escalate,1,2026-06-28 21:56:00,failed,0.0
A00014227,P014227,message,1,2026-02-14 14:45:00,failed,0.0
A00014228,P014228,retry,1,2026-05-05 14:50:00,failed,0.0
A00014229,P014229,retry,1,2026-02-16 03:22:00,success,1462.94
A00014230,P014230,stop,1,2026-03-16 19:54:00,failed,0.0
A00014231,P014231,escalate,1,2026-06-20 19:04:00,failed,0.0
A00014232,P014232,escalate,1,2026-02-22 23:30:00,success,24173.66
A00014233,P014233,payment_link,1,2026-02-24 07:32:00,success,4356.99
A00014234,P014234,message,1,2026-06-26 08:40:00,failed,0.0
A00014235,P014235,payment_link,1,2026-04-12 13:16:00,success,2162.0
A00014236,P014236,payment_link,1,2026-03-30 03:37:00,failed,0.0
A00014237,P014237,escalate,1,2026-04-17 18:08:00,failed,0.0
A00014238,P014238,escalate,1,2026-03-01 21:13:00,failed,0.0
A00014239,P014239,payment_link,1,2026-06-14 03:12:00,success,19840.34
A00014240,P014240,payment_link,1,2026-05-18 16:37:00,failed,0.0
A00014241,P014241,escalate,1,2026-03-14 00:19:00,failed,0.0
A00014242,P014242,retry,1,2026-03-25 07:53:00,failed,0.0
A00014243,P014243,escalate,1,2026-01-21 05:39:00,failed,0.0
A00014244,P014244,escalate,1,2026-02-15 11:06:00,success,2465.52
A00014245,P014245,message,1,2026-05-02 22:56:00,failed,0.0
A00014246,P014246,message,1,2026-04-12 05:21:00,failed,0.0
A00014247,P014247,payment_link,1,2026-05-16 08:21:00,success,6533.16
A00014248,P014248,escalate,1,2026-06-29 03:51:00,success,5519.24
A00014249,P014249,payment_link,1,2026-01-16 14:18:00,failed,0.0
A00014250,P014250,escalate,1,2026-03-18 21:58:00,failed,0.0
A00014251,P014251,retry,1,2026-04-02 21:17:00,success,972.43
A00014252,P014252,stop,1,2026-06-11 20:43:00,failed,0.0
A00014253,P014253,escalate,1,2026-04-10 13:34:00,success,1716.89
A00014254,P014254,escalate,1,2026-01-05 09:20:00,failed,0.0
A00014255,P014255,stop,1,2026-05-11 20:17:00,failed,0.0
A00014256,P014256,escalate,1,2026-06-26 10:29:00,failed,0.0
A00014257,P014257,escalate,1,2026-03-09 07:41:00,failed,0.0
A00014258,P014258,payment_link,1,2026-05-24 06:32:00,failed,0.0
A00014259,P014259,message,1,2026-05-22 14:36:00,failed,0.0
A00014260,P014260,retry,1,2026-02-02 17:29:00,failed,0.0
A00014261,P014261,escalate,1,2026-06-25 08:51:00,failed,0.0
A00014262,P014262,payment_link,1,2026-04-23 12:33:00,failed,0.0
A00014263,P014263,escalate,1,2026-02-06 22:31:00,failed,0.0
A00014264,P014264,escalate,1,2026-03-22 20:24:00,failed,0.0
A00014265,P014265,escalate,1,2026-01-04 08:04:00,success,3266.36
A00014266,P014266,message,1,2026-05-10 20:26:00,failed,0.0
A00014267,P014267,payment_link,1,2026-06-04 13:24:00,success,1231.27
A00014268,P014268,retry,1,2026-01-09 17:34:00,failed,0.0
A00014269,P014269,message,1,2026-06-27 01:40:00,failed,0.0
A00014270,P014270,stop,1,2026-03-27 00:36:00,failed,0.0
A00014271,P014271,stop,1,2026-02-14 07:08:00,failed,0.0
A00014272,P014272,escalate,1,2026-01-26 08:57:00,failed,0.0
A00014273,P014273,retry,1,2026-05-18 06:41:00,success,19185.09
A00014274,P014274,stop,1,2026-04-13 08:48:00,success,30500.7
A00014275,P014275,payment_link,1,2026-02-27 15:00:00,failed,0.0
A00014276,P014276,payment_link,1,2026-05-20 17:49:00,failed,0.0
A00014277,P014277,retry,1,2026-04-23 19:40:00,failed,0.0
A00014278,P014278,payment_link,1,2026-06-11 21:22:00,success,19030.59
A00014279,P014279,stop,1,2026-02-16 17:09:00,failed,0.0
A00014280,P014280,stop,1,2026-02-17 00:45:00,failed,0.0
A00014281,P014281,payment_link,1,2026-06-02 13:02:00,failed,0.0
A00014282,P014282,payment_link,1,2026-05-24 01:29:00,success,9452.09
A00014283,P014283,stop,1,2026-03-10 21:13:00,failed,0.0
A00014284,P014284,retry,1,2026-01-06 12:14:00,success,776.3
A00014285,P014285,escalate,1,2026-04-28 20:31:00,success,4542.68
A00014286,P014286,stop,1,2026-06-04 23:50:00,failed,0.0
A00014287,P014287,payment_link,1,2026-01-16 12:20:00,failed,0.0
A00014288,P014288,escalate,1,2026-05-28 14:46:00,failed,0.0
A00014289,P014289,message,1,2026-04-28 19:55:00,failed,0.0
A00014290,P014290,payment_link,1,2026-05-10 04:59:00,success,2058.81
A00014291,P014291,retry,1,2026-06-27 14:04:00,success,989.86
A00014292,P014292,retry,1,2026-01-26 19:39:00,failed,0.0
A00014293,P014293,payment_link,1,2026-06-04 02:21:00,success,3659.13
A00014294,P014294,payment_link,1,2026-04-26 12:29:00,failed,0.0
A00014295,P014295,message,1,2026-01-10 21:49:00,failed,0.0
A00014296,P014296,message,1,2026-06-11 22:48:00,failed,0.0
A00014297,P014297,escalate,1,2026-03-07 23:12:00,failed,0.0
A00014298,P014298,message,1,2026-01-07 08:22:00,success,5745.6
A00014299,P014299,message,1,2026-03-27 14:41:00,success,4796.14
A00014300,P014300,retry,1,2026-05-15 21:45:00,failed,0.0
A00014301,P014301,payment_link,1,2026-04-01 02:30:00,failed,0.0
A00014302,P014302,retry,1,2026-06-22 12:14:00,success,2961.49
A00014303,P014303,escalate,1,2026-06-15 07:36:00,success,2839.27
A00014304,P014304,retry,1,2026-06-01 07:13:00,success,483.13
A00014305,P014305,retry,1,2026-02-04 00:58:00,success,19710.89
A00014306,P014306,message,1,2026-02-14 16:26:00,failed,0.0
A00014307,P014307,retry,1,2026-02-19 18:19:00,failed,0.0
A00014308,P014308,stop,1,2026-03-24 00:46:00,failed,0.0
A00014309,P014309,stop,1,2026-02-13 18:39:00,failed,0.0
A00014310,P014310,stop,1,2026-05-14 20:47:00,failed,0.0
A00014311,P014311,message,1,2026-05-02 07:22:00,success,1003.11
A00014312,P014312,retry,1,2026-04-10 07:03:00,failed,0.0
A00014313,P014313,stop,1,2026-03-16 18:43:00,failed,0.0
A00014314,P014314,message,1,2026-02-02 06:55:00,failed,0.0
A00014315,P014315,stop,1,2026-04-14 04:16:00,failed,0.0
A00014316,P014316,stop,1,2026-03-08 13:31:00,failed,0.0
A00014317,P014317,retry,1,2026-06-23 06:51:00,failed,0.0
A00014318,P014318,message,1,2026-06-23 00:09:00,failed,0.0
A00014319,P014319,escalate,1,2026-01-19 05:29:00,failed,0.0
A00014320,P014320,escalate,1,2026-05-06 19:06:00,success,1430.3
A00014321,P014321,escalate,1,2026-03-12 09:50:00,success,1609.99
A00014322,P014322,message,1,2026-03-11 11:11:00,failed,0.0
A00014323,P014323,payment_link,1,2026-02-03 01:01:00,failed,0.0
A00014324,P014324,stop,1,2026-04-24 20:02:00,failed,0.0
A00014325,P014325,payment_link,1,2026-06-20 10:17:00,success,7770.14
A00014326,P014326,escalate,1,2026-01-21 18:53:00,success,940.32
A00014327,P014327,message,1,2026-02-16 08:09:00,success,1007.63
A00014328,P014328,retry,1,2026-04-29 12:53:00,failed,0.0
A00014329,P014329,payment_link,1,2026-04-04 09:33:00,failed,0.0
A00014330,P014330,stop,1,2026-02-14 10:16:00,failed,0.0
A00014331,P014331,escalate,1,2026-05-14 09:43:00,success,868.02
A00014332,P014332,escalate,1,2026-05-07 21:41:00,failed,0.0
A00014333,P014333,payment_link,1,2026-04-11 01:13:00,success,5174.44
A00014334,P014334,retry,1,2026-04-19 02:44:00,failed,0.0
A00014335,P014335,payment_link,1,2026-03-25 12:53:00,failed,0.0
A00014336,P014336,message,1,2026-06-13 07:40:00,failed,0.0
A00014337,P014337,message,1,2026-06-25 10:59:00,failed,0.0
A00014338,P014338,message,1,2026-06-13 10:25:00,success,4038.53
A00014339,P014339,stop,1,2026-05-17 23:23:00,failed,0.0
A00014340,P014340,retry,1,2026-01-01 12:37:00,success,2080.31
A00014341,P014341,stop,1,2026-06-25 14:46:00,failed,0.0
A00014342,P014342,retry,1,2026-01-25 05:49:00,success,10632.96
A00014343,P014343,retry,1,2026-04-22 22:40:00,success,3412.25
A00014344,P014344,stop,1,2026-04-16 19:37:00,failed,0.0
A00014345,P014345,retry,1,2026-02-11 16:41:00,success,1999.84
A00014346,P014346,payment_link,1,2026-04-29 10:11:00,failed,0.0
A00014347,P014347,message,1,2026-03-29 18:55:00,success,4626.82
A00014348,P014348,stop,1,2026-05-11 13:32:00,failed,0.0
A00014349,P014349,stop,1,2026-03-22 10:31:00,success,1789.5
A00014350,P014350,stop,1,2026-03-27 07:01:00,failed,0.0
A00014351,P014351,escalate,1,2026-03-19 23:58:00,failed,0.0
A00014352,P014352,payment_link,1,2026-02-14 21:07:00,failed,0.0
A00014353,P014353,payment_link,1,2026-03-03 19:05:00,failed,0.0
A00014354,P014354,retry,1,2026-01-29 05:36:00,failed,0.0
A00014355,P014355,escalate,1,2026-03-15 08:40:00,success,3298.79
A00014356,P014356,payment_link,1,2026-03-21 19:29:00,failed,0.0
A00014357,P014357,retry,1,2026-03-11 06:01:00,success,1745.26
A00014358,P014358,payment_link,1,2026-04-30 12:42:00,failed,0.0
A00014359,P014359,payment_link,1,2026-01-24 14:20:00,success,31876.21
A00014360,P014360,stop,1,2026-03-04 20:25:00,failed,0.0
A00014361,P014361,retry,1,2026-05-23 03:45:00,failed,0.0
A00014362,P014362,message,1,2026-05-18 13:41:00,failed,0.0
A00014363,P014363,message,1,2026-02-08 18:14:00,success,1181.85
A00014364,P014364,retry,1,2026-05-01 18:58:00,failed,0.0
A00014365,P014365,escalate,1,2026-06-19 22:41:00,success,2813.81
A00014366,P014366,escalate,1,2026-03-16 11:26:00,failed,0.0
A00014367,P014367,escalate,1,2026-02-14 11:55:00,success,9781.09
A00014368,P014368,stop,1,2026-01-11 10:58:00,failed,0.0
A00014369,P014369,payment_link,1,2026-03-15 06:40:00,success,3741.64
A00014370,P014370,retry,1,2026-05-26 03:35:00,success,597.78
A00014371,P014371,message,1,2026-05-27 15:45:00,failed,0.0
A00014372,P014372,escalate,1,2026-02-07 06:40:00,failed,0.0
A00014373,P014373,message,1,2026-02-25 09:15:00,failed,0.0
A00014374,P014374,stop,1,2026-04-18 00:39:00,failed,0.0
A00014375,P014375,retry,1,2026-01-22 21:29:00,failed,0.0
A00014376,P014376,stop,1,2026-03-29 17:23:00,success,7280.86
A00014377,P014377,stop,1,2026-05-10 13:20:00,success,32754.81
A00014378,P014378,payment_link,1,2026-05-22 07:14:00,success,2468.16
A00014379,P014379,stop,1,2026-05-04 09:34:00,failed,0.0
A00014380,P014380,escalate,1,2026-02-25 00:36:00,failed,0.0
A00014381,P014381,payment_link,1,2026-05-23 06:21:00,failed,0.0
A00014382,P014382,message,1,2026-03-27 13:44:00,failed,0.0
A00014383,P014383,stop,1,2026-04-19 15:40:00,failed,0.0
A00014384,P014384,retry,1,2026-05-02 14:33:00,failed,0.0
A00014385,P014385,payment_link,1,2026-02-01 01:18:00,success,3597.46
A00014386,P014386,message,1,2026-03-20 08:15:00,success,7690.01
A00014387,P014387,stop,1,2026-06-07 08:03:00,failed,0.0
A00014388,P014388,message,1,2026-02-25 06:39:00,failed,0.0
A00014389,P014389,stop,1,2026-03-26 09:28:00,failed,0.0
A00014390,P014390,stop,1,2026-03-15 08:55:00,failed,0.0
A00014391,P014391,stop,1,2026-05-01 04:22:00,failed,0.0
A00014392,P014392,message,1,2026-03-22 19:38:00,failed,0.0
A00014393,P014393,retry,1,2026-02-01 08:22:00,failed,0.0
A00014394,P014394,retry,1,2026-05-13 14:27:00,success,1720.0
A00014395,P014395,payment_link,1,2026-04-28 19:30:00,failed,0.0
A00014396,P014396,payment_link,1,2026-01-18 03:37:00,failed,0.0
A00014397,P014397,payment_link,1,2026-05-12 04:31:00,success,1730.08
A00014398,P014398,message,1,2026-02-07 09:21:00,success,7139.76
A00014399,P014399,retry,1,2026-04-20 18:03:00,failed,0.0
A00014400,P014400,payment_link,1,2026-06-08 01:03:00,success,2085.69
A00014401,P014401,stop,1,2026-01-22 06:22:00,failed,0.0
A00014402,P014402,retry,1,2026-06-23 18:26:00,success,4122.32
A00014403,P014403,escalate,1,2026-04-22 07:28:00,failed,0.0
A00014404,P014404,retry,1,2026-06-22 06:52:00,success,4142.69
A00014405,P014405,stop,1,2026-06-14 17:23:00,failed,0.0
A00014406,P014406,stop,1,2026-01-19 03:32:00,failed,0.0
A00014407,P014407,payment_link,1,2026-04-19 04:23:00,success,5456.0
A00014408,P014408,payment_link,1,2026-04-02 13:04:00,success,2432.42
A00014409,P014409,message,1,2026-06-02 04:52:00,failed,0.0
A00014410,P014410,stop,1,2026-05-21 23:56:00,failed,0.0
A00014411,P014411,message,1,2026-02-28 11:30:00,failed,0.0
A00014412,P014412,retry,1,2026-01-01 07:58:00,failed,0.0
A00014413,P014413,escalate,1,2026-02-08 12:42:00,success,3513.21
A00014414,P014414,payment_link,1,2026-05-05 09:05:00,success,1396.54
A00014415,P014415,escalate,1,2026-01-15 04:34:00,failed,0.0
A00014416,P014416,message,1,2026-05-09 12:57:00,success,1487.85
A00014417,P014417,retry,1,2026-06-10 12:22:00,success,12657.14
A00014418,P014418,retry,1,2026-04-02 10:53:00,failed,0.0
A00014419,P014419,escalate,1,2026-03-01 01:35:00,failed,0.0
A00014420,P014420,stop,1,2026-03-02 17:08:00,failed,0.0
A00014421,P014421,escalate,1,2026-06-24 18:50:00,failed,0.0
A00014422,P014422,stop,1,2026-06-17 13:27:00,failed,0.0
A00014423,P014423,stop,1,2026-04-18 16:35:00,success,7392.96
A00014424,P014424,payment_link,1,2026-06-08 09:05:00,failed,0.0
A00014425,P014425,payment_link,1,2026-01-27 16:44:00,success,1838.28
A00014426,P014426,message,1,2026-04-21 01:42:00,success,2021.87
A00014427,P014427,escalate,1,2026-04-24 23:29:00,success,1848.59
A00014428,P014428,escalate,1,2026-05-02 21:53:00,success,3217.28
A00014429,P014429,stop,1,2026-06-05 00:26:00,failed,0.0
A00014430,P014430,stop,1,2026-06-10 14:53:00,failed,0.0
A00014431,P014431,retry,1,2026-04-09 16:16:00,failed,0.0
A00014432,P014432,stop,1,2026-03-23 05:54:00,failed,0.0
A00014433,P014433,escalate,1,2026-01-19 12:33:00,failed,0.0
A00014434,P014434,stop,1,2026-05-14 19:36:00,failed,0.0
A00014435,P014435,message,1,2026-04-06 21:15:00,failed,0.0
A00014436,P014436,escalate,1,2026-01-23 21:42:00,success,3487.82
A00014437,P014437,retry,1,2026-04-15 16:11:00,failed,0.0
A00014438,P014438,message,1,2026-04-23 07:01:00,success,6865.1
A00014439,P014439,escalate,1,2026-04-09 10:22:00,success,1541.54
A00014440,P014440,retry,1,2026-04-20 04:08:00,failed,0.0
A00014441,P014441,payment_link,1,2026-02-28 05:12:00,success,2862.52
A00014442,P014442,retry,1,2026-05-12 14:30:00,failed,0.0
A00014443,P014443,stop,1,2026-06-28 18:37:00,failed,0.0
A00014444,P014444,retry,1,2026-05-21 20:03:00,success,6369.41
A00014445,P014445,stop,1,2026-02-28 05:56:00,failed,0.0
A00014446,P014446,stop,1,2026-05-21 00:12:00,failed,0.0
A00014447,P014447,message,1,2026-01-30 19:55:00,failed,0.0
A00014448,P014448,escalate,1,2026-01-11 02:59:00,success,4711.19
A00014449,P014449,escalate,1,2026-05-09 04:17:00,failed,0.0
A00014450,P014450,stop,1,2026-05-31 02:14:00,failed,0.0
A00014451,P014451,stop,1,2026-06-06 10:58:00,failed,0.0
A00014452,P014452,retry,1,2026-06-17 13:39:00,success,3590.99
A00014453,P014453,message,1,2026-01-18 13:47:00,failed,0.0
A00014454,P014454,escalate,1,2026-06-17 05:24:00,success,5627.28
A00014455,P014455,stop,1,2026-04-28 09:05:00,failed,0.0
A00014456,P014456,stop,1,2026-04-06 00:58:00,failed,0.0
A00014457,P014457,escalate,1,2026-02-08 04:51:00,failed,0.0
A00014458,P014458,stop,1,2026-03-20 12:22:00,failed,0.0
A00014459,P014459,escalate,1,2026-04-30 12:45:00,failed,0.0
A00014460,P014460,message,1,2026-05-27 20:21:00,failed,0.0
A00014461,P014461,payment_link,1,2026-02-23 11:26:00,success,7213.01
A00014462,P014462,escalate,1,2026-03-01 09:02:00,failed,0.0
A00014463,P014463,escalate,1,2026-05-17 18:32:00,success,3136.34
A00014464,P014464,payment_link,1,2026-05-12 05:35:00,success,1554.12
A00014465,P014465,stop,1,2026-05-18 00:22:00,failed,0.0
A00014466,P014466,message,1,2026-04-03 17:44:00,failed,0.0
A00014467,P014467,message,1,2026-03-13 20:45:00,success,2880.77
A00014468,P014468,stop,1,2026-02-08 14:30:00,failed,0.0
A00014469,P014469,payment_link,1,2026-03-09 08:56:00,failed,0.0
A00014470,P014470,payment_link,1,2026-03-29 08:31:00,success,6181.76
A00014471,P014471,escalate,1,2026-06-01 00:40:00,failed,0.0
A00014472,P014472,stop,1,2026-01-12 18:05:00,failed,0.0
A00014473,P014473,escalate,1,2026-05-13 21:21:00,success,6542.99
A00014474,P014474,stop,1,2026-04-03 13:09:00,failed,0.0
A00014475,P014475,retry,1,2026-04-20 11:40:00,success,1137.69
A00014476,P014476,message,1,2026-02-22 17:37:00,failed,0.0
A00014477,P014477,payment_link,1,2026-04-27 20:56:00,success,935.08
A00014478,P014478,stop,1,2026-01-17 00:45:00,failed,0.0
A00014479,P014479,payment_link,1,2026-06-29 10:35:00,success,12545.69
A00014480,P014480,escalate,1,2026-01-25 15:26:00,failed,0.0
A00014481,P014481,retry,1,2026-01-06 17:58:00,failed,0.0
A00014482,P014482,payment_link,1,2026-05-27 05:30:00,failed,0.0
A00014483,P014483,message,1,2026-05-07 07:03:00,failed,0.0
A00014484,P014484,payment_link,1,2026-06-08 11:56:00,success,12123.71
A00014485,P014485,payment_link,1,2026-01-31 01:10:00,failed,0.0
A00014486,P014486,stop,1,2026-06-25 18:58:00,failed,0.0
A00014487,P014487,retry,1,2026-04-29 15:36:00,success,1459.77
A00014488,P014488,message,1,2026-03-23 20:39:00,success,4250.8
A00014489,P014489,payment_link,1,2026-02-18 20:21:00,failed,0.0
A00014490,P014490,message,1,2026-05-21 01:18:00,failed,0.0
A00014491,P014491,retry,1,2026-04-02 08:37:00,success,1661.09
A00014492,P014492,escalate,1,2026-01-30 01:36:00,failed,0.0
A00014493,P014493,stop,1,2026-05-23 01:38:00,failed,0.0
A00014494,P014494,retry,1,2026-05-29 08:28:00,failed,0.0
A00014495,P014495,stop,1,2026-01-11 06:28:00,failed,0.0
A00014496,P014496,escalate,1,2026-02-01 10:51:00,failed,0.0
A00014497,P014497,payment_link,1,2026-06-13 15:53:00,success,5555.9
A00014498,P014498,stop,1,2026-03-28 18:46:00,failed,0.0
A00014499,P014499,escalate,1,2026-05-11 20:15:00,failed,0.0
A00014500,P014500,payment_link,1,2026-06-06 07:31:00,success,548.13
A00014501,P014501,retry,1,2026-05-20 09:18:00,failed,0.0
A00014502,P014502,payment_link,1,2026-06-13 20:24:00,success,4644.45
A00014503,P014503,message,1,2026-04-16 23:08:00,success,3399.04
A00014504,P014504,message,1,2026-02-19 23:50:00,success,4514.65
A00014505,P014505,retry,1,2026-03-22 12:43:00,success,5874.36
A00014506,P014506,retry,1,2026-05-16 19:00:00,success,1381.82
A00014507,P014507,escalate,1,2026-03-02 02:54:00,failed,0.0
A00014508,P014508,stop,1,2026-06-21 22:10:00,failed,0.0
A00014509,P014509,retry,1,2026-02-20 03:07:00,failed,0.0
A00014510,P014510,escalate,1,2026-01-21 10:34:00,failed,0.0
A00014511,P014511,retry,1,2026-03-03 08:53:00,success,3782.38
A00014512,P014512,stop,1,2026-01-28 04:09:00,failed,0.0
A00014513,P014513,retry,1,2026-03-28 21:51:00,failed,0.0
A00014514,P014514,stop,1,2026-02-16 09:56:00,failed,0.0
A00014515,P014515,retry,1,2026-01-11 22:15:00,success,3392.76
A00014516,P014516,message,1,2026-03-17 09:15:00,success,25542.02
A00014517,P014517,retry,1,2026-06-04 01:03:00,success,3839.39
A00014518,P014518,payment_link,1,2026-06-06 09:24:00,success,3165.03
A00014519,P014519,message,1,2026-03-28 00:38:00,failed,0.0
A00014520,P014520,message,1,2026-03-08 10:23:00,failed,0.0
A00014521,P014521,stop,1,2026-05-06 13:49:00,failed,0.0
A00014522,P014522,message,1,2026-05-17 12:20:00,failed,0.0
A00014523,P014523,stop,1,2026-03-13 22:04:00,failed,0.0
A00014524,P014524,stop,1,2026-05-31 02:48:00,failed,0.0
A00014525,P014525,stop,1,2026-04-13 11:24:00,failed,0.0
A00014526,P014526,escalate,1,2026-06-20 15:52:00,failed,0.0
A00014527,P014527,message,1,2026-02-11 09:40:00,failed,0.0
A00014528,P014528,stop,1,2026-01-27 06:03:00,failed,0.0
A00014529,P014529,stop,1,2026-05-27 23:59:00,failed,0.0
A00014530,P014530,stop,1,2026-01-24 19:37:00,failed,0.0
A00014531,P014531,retry,1,2026-04-17 04:12:00,success,9970.74
A00014532,P014532,payment_link,1,2026-01-19 03:09:00,failed,0.0
A00014533,P014533,stop,1,2026-05-01 08:47:00,failed,0.0
A00014534,P014534,payment_link,1,2026-03-25 20:42:00,failed,0.0
A00014535,P014535,retry,1,2026-06-29 07:33:00,failed,0.0
A00014536,P014536,payment_link,1,2026-02-14 07:30:00,failed,0.0
A00014537,P014537,escalate,1,2026-06-29 10:21:00,success,2307.5
A00014538,P014538,payment_link,1,2026-02-01 05:31:00,failed,0.0
A00014539,P014539,payment_link,1,2026-05-06 07:11:00,success,7194.23
A00014540,P014540,stop,1,2026-01-26 11:31:00,failed,0.0
A00014541,P014541,escalate,1,2026-04-30 21:25:00,failed,0.0
A00014542,P014542,escalate,1,2026-02-24 20:32:00,failed,0.0
A00014543,P014543,message,1,2026-05-01 05:17:00,success,6580.13
A00014544,P014544,retry,1,2026-05-13 02:52:00,success,1793.57
A00014545,P014545,stop,1,2026-05-25 04:22:00,failed,0.0
A00014546,P014546,escalate,1,2026-05-16 08:16:00,failed,0.0
A00014547,P014547,message,1,2026-03-25 12:04:00,failed,0.0
A00014548,P014548,payment_link,1,2026-03-25 10:00:00,success,1461.04
A00014549,P014549,payment_link,1,2026-03-03 05:33:00,success,1400.84
A00014550,P014550,escalate,1,2026-02-05 08:54:00,failed,0.0
A00014551,P014551,retry,1,2026-04-01 16:47:00,success,2737.15
A00014552,P014552,retry,1,2026-05-30 16:56:00,failed,0.0
A00014553,P014553,stop,1,2026-02-18 00:43:00,failed,0.0
A00014554,P014554,message,1,2026-06-12 01:04:00,failed,0.0
A00014555,P014555,message,1,2026-02-22 05:33:00,failed,0.0
A00014556,P014556,message,1,2026-01-26 07:20:00,success,1205.63
A00014557,P014557,stop,1,2026-02-08 15:14:00,failed,0.0
A00014558,P014558,stop,1,2026-04-01 03:19:00,failed,0.0
A00014559,P014559,escalate,1,2026-03-06 20:07:00,failed,0.0
A00014560,P014560,escalate,1,2026-06-10 06:04:00,success,1591.17
A00014561,P014561,payment_link,1,2026-03-13 13:03:00,failed,0.0
A00014562,P014562,message,1,2026-03-02 07:12:00,failed,0.0
A00014563,P014563,message,1,2026-02-18 07:23:00,success,9713.6
A00014564,P014564,escalate,1,2026-04-02 10:11:00,success,4953.45
A00014565,P014565,escalate,1,2026-04-03 15:37:00,failed,0.0
A00014566,P014566,retry,1,2026-05-30 06:42:00,failed,0.0
A00014567,P014567,payment_link,1,2026-04-06 19:38:00,success,8630.63
A00014568,P014568,retry,1,2026-02-08 12:33:00,failed,0.0
A00014569,P014569,stop,1,2026-02-10 03:52:00,failed,0.0
A00014570,P014570,message,1,2026-03-09 11:58:00,failed,0.0
A00014571,P014571,escalate,1,2026-03-03 10:35:00,failed,0.0
A00014572,P014572,message,1,2026-04-17 17:21:00,success,2341.33
A00014573,P014573,message,1,2026-06-26 18:39:00,failed,0.0
A00014574,P014574,message,1,2026-03-01 02:39:00,success,3169.23
A00014575,P014575,escalate,1,2026-03-11 14:39:00,failed,0.0
A00014576,P014576,escalate,1,2026-01-03 00:50:00,success,1159.53
A00014577,P014577,message,1,2026-06-28 23:01:00,success,1430.23
A00014578,P014578,payment_link,1,2026-04-20 07:08:00,failed,0.0
A00014579,P014579,payment_link,1,2026-04-12 23:40:00,success,928.35
A00014580,P014580,escalate,1,2026-03-31 23:20:00,success,4906.23
A00014581,P014581,stop,1,2026-04-02 07:13:00,failed,0.0
A00014582,P014582,message,1,2026-04-08 23:01:00,success,839.48
A00014583,P014583,escalate,1,2026-05-21 08:15:00,success,1720.15
A00014584,P014584,stop,1,2026-01-18 03:10:00,failed,0.0
A00014585,P014585,message,1,2026-01-07 20:01:00,failed,0.0
A00014586,P014586,message,1,2026-03-16 04:26:00,failed,0.0
A00014587,P014587,message,1,2026-02-13 21:58:00,success,6832.9
A00014588,P014588,payment_link,1,2026-02-25 03:03:00,failed,0.0
A00014589,P014589,stop,1,2026-03-15 17:30:00,failed,0.0
A00014590,P014590,payment_link,1,2026-01-14 10:02:00,success,1959.21
A00014591,P014591,message,1,2026-05-02 09:35:00,success,2264.84
A00014592,P014592,message,1,2026-06-18 02:11:00,failed,0.0
A00014593,P014593,message,1,2026-06-08 07:50:00,failed,0.0
A00014594,P014594,message,1,2026-03-21 08:37:00,failed,0.0
A00014595,P014595,message,1,2026-06-27 22:15:00,failed,0.0
A00014596,P014596,stop,1,2026-01-06 08:29:00,failed,0.0
A00014597,P014597,retry,1,2026-06-01 14:44:00,success,1259.43
A00014598,P014598,message,1,2026-01-06 01:32:00,success,600.96
A00014599,P014599,payment_link,1,2026-03-18 07:16:00,failed,0.0
A00014600,P014600,escalate,1,2026-06-08 19:36:00,failed,0.0
A00014601,P014601,payment_link,1,2026-04-20 17:05:00,success,2093.57
A00014602,P014602,payment_link,1,2026-02-20 11:15:00,success,3077.38
A00014603,P014603,stop,1,2026-05-28 17:30:00,success,1579.51
A00014604,P014604,payment_link,1,2026-01-03 05:15:00,failed,0.0
A00014605,P014605,escalate,1,2026-02-16 05:11:00,failed,0.0
A00014606,P014606,message,1,2026-03-17 11:47:00,success,17407.07
A00014607,P014607,message,1,2026-04-15 09:10:00,failed,0.0
A00014608,P014608,escalate,1,2026-06-24 02:20:00,failed,0.0
A00014609,P014609,payment_link,1,2026-04-14 06:15:00,failed,0.0
A00014610,P014610,payment_link,1,2026-02-24 11:13:00,success,4669.03
A00014611,P014611,message,1,2026-05-04 07:44:00,success,4226.02
A00014612,P014612,retry,1,2026-06-23 07:48:00,failed,0.0
A00014613,P014613,escalate,1,2026-02-21 05:16:00,failed,0.0
A00014614,P014614,stop,1,2026-03-16 20:13:00,failed,0.0
A00014615,P014615,payment_link,1,2026-03-11 05:50:00,failed,0.0
A00014616,P014616,message,1,2026-03-22 08:41:00,failed,0.0
A00014617,P014617,payment_link,1,2026-03-02 10:30:00,success,1608.61
A00014618,P014618,retry,1,2026-05-29 01:23:00,success,1661.54
A00014619,P014619,message,1,2026-05-05 22:51:00,failed,0.0
A00014620,P014620,payment_link,1,2026-04-29 06:45:00,failed,0.0
A00014621,P014621,retry,1,2026-06-26 21:40:00,failed,0.0
A00014622,P014622,retry,1,2026-04-25 05:39:00,failed,0.0
A00014623,P014623,escalate,1,2026-06-09 03:30:00,failed,0.0
A00014624,P014624,payment_link,1,2026-06-09 01:57:00,failed,0.0
A00014625,P014625,escalate,1,2026-03-31 10:28:00,success,1344.44
A00014626,P014626,escalate,1,2026-02-18 14:18:00,success,3864.73
A00014627,P014627,escalate,1,2026-01-18 03:47:00,success,4924.01
A00014628,P014628,payment_link,1,2026-03-08 18:22:00,success,24922.73
A00014629,P014629,retry,1,2026-06-28 05:45:00,failed,0.0
A00014630,P014630,payment_link,1,2026-03-11 23:10:00,success,6927.15
A00014631,P014631,retry,1,2026-06-12 05:06:00,failed,0.0
A00014632,P014632,payment_link,1,2026-05-22 18:44:00,failed,0.0
A00014633,P014633,escalate,1,2026-01-15 17:05:00,success,12874.79
A00014634,P014634,retry,1,2026-01-05 00:07:00,failed,0.0
A00014635,P014635,payment_link,1,2026-02-26 14:37:00,failed,0.0
A00014636,P014636,stop,1,2026-06-21 08:39:00,failed,0.0
A00014637,P014637,escalate,1,2026-05-30 16:43:00,success,838.33
A00014638,P014638,message,1,2026-02-04 04:41:00,success,4235.86
A00014639,P014639,retry,1,2026-03-01 19:23:00,failed,0.0
A00014640,P014640,payment_link,1,2026-06-03 06:08:00,success,1743.5
A00014641,P014641,stop,1,2026-06-09 03:16:00,success,7336.79
A00014642,P014642,message,1,2026-02-01 14:14:00,failed,0.0
A00014643,P014643,escalate,1,2026-06-12 18:53:00,success,2902.23
A00014644,P014644,payment_link,1,2026-01-18 15:56:00,failed,0.0
A00014645,P014645,retry,1,2026-06-03 10:09:00,success,9814.14
A00014646,P014646,payment_link,1,2026-01-04 00:48:00,failed,0.0
A00014647,P014647,payment_link,1,2026-06-19 04:48:00,success,3085.14
A00014648,P014648,payment_link,1,2026-01-01 05:54:00,failed,0.0
A00014649,P014649,payment_link,1,2026-03-15 15:56:00,failed,0.0
A00014650,P014650,payment_link,1,2026-06-10 22:35:00,failed,0.0
A00014651,P014651,escalate,1,2026-02-28 13:53:00,failed,0.0
A00014652,P014652,escalate,1,2026-06-02 11:54:00,failed,0.0
A00014653,P014653,message,1,2026-02-01 15:52:00,failed,0.0
A00014654,P014654,payment_link,1,2026-06-12 08:28:00,failed,0.0
A00014655,P014655,message,1,2026-05-22 18:51:00,success,1892.26
A00014656,P014656,stop,1,2026-03-27 21:12:00,failed,0.0
A00014657,P014657,escalate,1,2026-04-22 20:55:00,success,6245.51
A00014658,P014658,payment_link,1,2026-01-16 08:24:00,failed,0.0
A00014659,P014659,payment_link,1,2026-03-25 07:56:00,failed,0.0
A00014660,P014660,payment_link,1,2026-01-22 19:15:00,success,3212.13
A00014661,P014661,payment_link,1,2026-01-31 16:54:00,failed,0.0
A00014662,P014662,payment_link,1,2026-01-30 05:14:00,failed,0.0
A00014663,P014663,stop,1,2026-03-17 06:04:00,failed,0.0
A00014664,P014664,stop,1,2026-01-24 09:20:00,failed,0.0
A00014665,P014665,payment_link,1,2026-01-28 09:24:00,success,2939.02
A00014666,P014666,stop,1,2026-02-22 20:41:00,failed,0.0
A00014667,P014667,escalate,1,2026-01-16 10:51:00,success,5548.0
A00014668,P014668,retry,1,2026-05-05 19:07:00,failed,0.0
A00014669,P014669,stop,1,2026-03-25 09:39:00,failed,0.0
A00014670,P014670,escalate,1,2026-01-11 10:41:00,failed,0.0
A00014671,P014671,payment_link,1,2026-03-28 21:28:00,success,891.83
A00014672,P014672,escalate,1,2026-02-15 02:25:00,failed,0.0
A00014673,P014673,stop,1,2026-02-24 19:47:00,failed,0.0
A00014674,P014674,stop,1,2026-05-08 18:10:00,failed,0.0
A00014675,P014675,payment_link,1,2026-03-13 08:35:00,failed,0.0
A00014676,P014676,retry,1,2026-02-26 07:23:00,failed,0.0
A00014677,P014677,payment_link,1,2026-05-02 18:48:00,failed,0.0
A00014678,P014678,stop,1,2026-06-06 18:08:00,failed,0.0
A00014679,P014679,escalate,1,2026-03-28 16:27:00,success,2728.21
A00014680,P014680,stop,1,2026-05-09 04:59:00,failed,0.0
A00014681,P014681,retry,1,2026-06-13 03:53:00,success,1494.53
A00014682,P014682,stop,1,2026-03-15 10:11:00,failed,0.0
A00014683,P014683,message,1,2026-04-26 00:36:00,success,5084.12
A00014684,P014684,message,1,2026-04-26 15:16:00,success,7124.72
A00014685,P014685,retry,1,2026-02-16 03:37:00,failed,0.0
A00014686,P014686,message,1,2026-01-14 05:26:00,failed,0.0
A00014687,P014687,message,1,2026-04-02 21:03:00,failed,0.0
A00014688,P014688,retry,1,2026-05-08 20:42:00,success,3503.56
A00014689,P014689,stop,1,2026-06-28 10:19:00,failed,0.0
A00014690,P014690,stop,1,2026-01-23 16:22:00,failed,0.0
A00014691,P014691,retry,1,2026-03-14 12:34:00,failed,0.0
A00014692,P014692,message,1,2026-04-07 19:50:00,failed,0.0
A00014693,P014693,payment_link,1,2026-02-11 01:37:00,failed,0.0
A00014694,P014694,retry,1,2026-04-11 07:13:00,failed,0.0
A00014695,P014695,escalate,1,2026-02-13 04:56:00,failed,0.0
A00014696,P014696,message,1,2026-02-25 02:42:00,success,2570.55
A00014697,P014697,stop,1,2026-02-20 14:13:00,failed,0.0
A00014698,P014698,escalate,1,2026-06-27 17:22:00,success,722.81
A00014699,P014699,stop,1,2026-02-16 13:57:00,failed,0.0
A00014700,P014700,stop,1,2026-02-10 15:50:00,failed,0.0
A00014701,P014701,message,1,2026-05-21 22:34:00,success,2140.25
A00014702,P014702,retry,1,2026-02-04 22:58:00,success,41683.21
A00014703,P014703,stop,1,2026-05-02 16:37:00,failed,0.0
A00014704,P014704,payment_link,1,2026-03-07 16:33:00,success,5288.8
A00014705,P014705,retry,1,2026-02-08 13:30:00,success,1564.37
A00014706,P014706,escalate,1,2026-02-27 11:56:00,success,930.02
A00014707,P014707,payment_link,1,2026-03-16 04:44:00,success,3691.59
A00014708,P014708,payment_link,1,2026-06-23 07:21:00,failed,0.0
A00014709,P014709,retry,1,2026-04-18 15:24:00,failed,0.0
A00014710,P014710,escalate,1,2026-01-17 04:06:00,failed,0.0
A00014711,P014711,escalate,1,2026-02-10 17:48:00,failed,0.0
A00014712,P014712,payment_link,1,2026-05-01 18:17:00,failed,0.0
A00014713,P014713,stop,1,2026-01-09 05:42:00,failed,0.0
A00014714,P014714,payment_link,1,2026-03-07 03:00:00,success,2065.43
A00014715,P014715,stop,1,2026-03-25 17:44:00,failed,0.0
A00014716,P014716,stop,1,2026-06-09 22:56:00,success,2414.01
A00014717,P014717,retry,1,2026-03-24 03:46:00,failed,0.0
A00014718,P014718,payment_link,1,2026-01-23 13:55:00,failed,0.0
A00014719,P014719,escalate,1,2026-04-11 22:40:00,failed,0.0
A00014720,P014720,escalate,1,2026-04-16 13:45:00,failed,0.0
A00014721,P014721,stop,1,2026-05-11 03:42:00,failed,0.0
A00014722,P014722,stop,1,2026-05-12 05:08:00,failed,0.0
A00014723,P014723,payment_link,1,2026-04-12 13:42:00,failed,0.0
A00014724,P014724,stop,1,2026-01-31 13:17:00,failed,0.0
A00014725,P014725,stop,1,2026-02-19 14:29:00,failed,0.0
A00014726,P014726,escalate,1,2026-03-02 11:32:00,success,5435.96
A00014727,P014727,stop,1,2026-04-20 03:39:00,failed,0.0
A00014728,P014728,retry,1,2026-03-14 22:11:00,success,1406.32
A00014729,P014729,stop,1,2026-04-30 21:20:00,failed,0.0
A00014730,P014730,payment_link,1,2026-03-03 00:16:00,success,7819.43
A00014731,P014731,escalate,1,2026-01-08 17:30:00,failed,0.0
A00014732,P014732,stop,1,2026-02-20 23:08:00,failed,0.0
A00014733,P014733,payment_link,1,2026-03-22 16:43:00,success,6595.64
A00014734,P014734,retry,1,2026-04-20 19:16:00,failed,0.0
A00014735,P014735,retry,1,2026-04-15 10:07:00,failed,0.0
A00014736,P014736,stop,1,2026-04-26 04:45:00,failed,0.0
A00014737,P014737,payment_link,1,2026-03-19 10:09:00,failed,0.0
A00014738,P014738,stop,1,2026-04-05 22:20:00,failed,0.0
A00014739,P014739,escalate,1,2026-06-19 01:05:00,failed,0.0
A00014740,P014740,message,1,2026-06-04 17:16:00,failed,0.0
A00014741,P014741,escalate,1,2026-02-05 04:04:00,failed,0.0
A00014742,P014742,retry,1,2026-04-21 18:37:00,success,6786.84
A00014743,P014743,escalate,1,2026-03-12 13:34:00,failed,0.0
A00014744,P014744,escalate,1,2026-06-24 08:07:00,failed,0.0
A00014745,P014745,payment_link,1,2026-05-30 16:17:00,failed,0.0
A00014746,P014746,payment_link,1,2026-02-13 17:34:00,success,2057.94
A00014747,P014747,escalate,1,2026-05-17 17:00:00,success,1722.75
A00014748,P014748,payment_link,1,2026-02-16 14:13:00,success,9629.35
A00014749,P014749,payment_link,1,2026-03-15 09:30:00,failed,0.0
A00014750,P014750,retry,1,2026-05-30 06:27:00,failed,0.0
A00014751,P014751,stop,1,2026-05-05 14:13:00,failed,0.0
A00014752,P014752,stop,1,2026-01-24 12:24:00,failed,0.0
A00014753,P014753,escalate,1,2026-01-09 16:19:00,success,2306.03
A00014754,P014754,payment_link,1,2026-02-19 05:01:00,failed,0.0
A00014755,P014755,retry,1,2026-06-07 17:09:00,success,3427.14
A00014756,P014756,payment_link,1,2026-05-22 21:37:00,success,6233.34
A00014757,P014757,escalate,1,2026-03-14 13:02:00,failed,0.0
A00014758,P014758,retry,1,2026-02-14 16:22:00,failed,0.0
A00014759,P014759,payment_link,1,2026-01-24 23:05:00,failed,0.0
A00014760,P014760,escalate,1,2026-03-29 03:35:00,failed,0.0
A00014761,P014761,escalate,1,2026-03-09 13:40:00,failed,0.0
A00014762,P014762,escalate,1,2026-02-24 08:54:00,failed,0.0
A00014763,P014763,escalate,1,2026-06-11 08:42:00,success,3619.66
A00014764,P014764,escalate,1,2026-02-16 20:12:00,success,1599.2
A00014765,P014765,stop,1,2026-06-01 02:43:00,failed,0.0
A00014766,P014766,stop,1,2026-04-26 01:57:00,failed,0.0
A00014767,P014767,stop,1,2026-04-07 08:50:00,success,1089.95
A00014768,P014768,stop,1,2026-02-13 06:38:00,failed,0.0
A00014769,P014769,stop,1,2026-01-12 01:59:00,failed,0.0
A00014770,P014770,escalate,1,2026-02-19 13:39:00,success,3217.98
A00014771,P014771,escalate,1,2026-01-14 23:30:00,failed,0.0
A00014772,P014772,retry,1,2026-03-12 10:33:00,failed,0.0
A00014773,P014773,stop,1,2026-03-25 09:41:00,failed,0.0
A00014774,P014774,payment_link,1,2026-05-07 07:01:00,failed,0.0
A00014775,P014775,retry,1,2026-03-19 11:26:00,failed,0.0
A00014776,P014776,retry,1,2026-01-05 17:15:00,failed,0.0
A00014777,P014777,stop,1,2026-05-15 14:05:00,failed,0.0
A00014778,P014778,escalate,1,2026-06-21 13:20:00,failed,0.0
A00014779,P014779,message,1,2026-02-27 12:38:00,failed,0.0
A00014780,P014780,payment_link,1,2026-04-17 10:54:00,success,7927.25
A00014781,P014781,payment_link,1,2026-06-07 08:59:00,failed,0.0
A00014782,P014782,stop,1,2026-05-11 19:43:00,failed,0.0
A00014783,P014783,message,1,2026-02-07 01:40:00,failed,0.0
A00014784,P014784,message,1,2026-06-08 16:15:00,success,9595.32
A00014785,P014785,message,1,2026-04-16 23:30:00,failed,0.0
A00014786,P014786,message,1,2026-06-24 05:08:00,success,5418.49
A00014787,P014787,escalate,1,2026-02-01 02:53:00,success,1708.16
A00014788,P014788,stop,1,2026-05-11 03:35:00,failed,0.0
A00014789,P014789,stop,1,2026-05-04 04:24:00,failed,0.0
A00014790,P014790,retry,1,2026-06-06 15:20:00,success,17584.39
A00014791,P014791,escalate,1,2026-04-21 01:14:00,success,9151.77
A00014792,P014792,escalate,1,2026-03-14 13:20:00,failed,0.0
A00014793,P014793,message,1,2026-02-13 23:13:00,failed,0.0
A00014794,P014794,retry,1,2026-03-28 11:19:00,success,1150.86
A00014795,P014795,escalate,1,2026-06-09 06:38:00,success,1955.9
A00014796,P014796,payment_link,1,2026-05-04 05:40:00,success,1695.67
A00014797,P014797,escalate,1,2026-03-05 11:04:00,failed,0.0
A00014798,P014798,escalate,1,2026-03-29 09:18:00,success,5181.37
A00014799,P014799,stop,1,2026-05-20 11:29:00,success,4942.48
A00014800,P014800,stop,1,2026-02-05 09:58:00,failed,0.0
A00014801,P014801,escalate,1,2026-04-04 04:36:00,failed,0.0
A00014802,P014802,retry,1,2026-01-14 01:16:00,success,1530.52
A00014803,P014803,stop,1,2026-06-14 09:58:00,failed,0.0
A00014804,P014804,retry,1,2026-01-16 13:45:00,success,3008.55
A00014805,P014805,escalate,1,2026-04-29 14:20:00,success,21597.97
A00014806,P014806,stop,1,2026-04-02 21:53:00,failed,0.0
A00014807,P014807,escalate,1,2026-03-29 10:28:00,success,934.36
A00014808,P014808,payment_link,1,2026-03-10 15:55:00,success,2552.69
A00014809,P014809,payment_link,1,2026-06-05 07:53:00,failed,0.0
A00014810,P014810,payment_link,1,2026-04-16 03:02:00,success,7181.4
A00014811,P014811,retry,1,2026-04-15 02:59:00,failed,0.0
A00014812,P014812,retry,1,2026-01-21 10:04:00,success,15393.93
A00014813,P014813,retry,1,2026-04-14 04:57:00,success,17304.06
A00014814,P014814,stop,1,2026-02-17 17:36:00,success,4288.14
A00014815,P014815,retry,1,2026-05-03 02:58:00,failed,0.0
A00014816,P014816,payment_link,1,2026-03-19 06:40:00,failed,0.0
A00014817,P014817,escalate,1,2026-06-14 02:13:00,success,8231.1
A00014818,P014818,stop,1,2026-04-05 10:07:00,failed,0.0
A00014819,P014819,message,1,2026-04-09 23:04:00,failed,0.0
A00014820,P014820,message,1,2026-06-06 04:02:00,failed,0.0
A00014821,P014821,retry,1,2026-04-25 08:47:00,failed,0.0
A00014822,P014822,escalate,1,2026-05-24 00:08:00,failed,0.0
A00014823,P014823,escalate,1,2026-05-15 20:49:00,failed,0.0
A00014824,P014824,retry,1,2026-04-09 19:33:00,failed,0.0
A00014825,P014825,retry,1,2026-05-23 06:00:00,failed,0.0
A00014826,P014826,escalate,1,2026-05-29 14:26:00,success,14532.87
A00014827,P014827,escalate,1,2026-01-21 00:16:00,failed,0.0
A00014828,P014828,payment_link,1,2026-01-06 15:12:00,failed,0.0
A00014829,P014829,payment_link,1,2026-04-11 05:14:00,failed,0.0
A00014830,P014830,stop,1,2026-03-01 10:55:00,failed,0.0
A00014831,P014831,payment_link,1,2026-03-31 19:18:00,success,27516.3
A00014832,P014832,payment_link,1,2026-06-20 01:46:00,success,4726.74
A00014833,P014833,stop,1,2026-03-12 17:20:00,failed,0.0
A00014834,P014834,escalate,1,2026-02-17 22:26:00,success,7785.42
A00014835,P014835,message,1,2026-04-17 14:24:00,success,3704.42
A00014836,P014836,payment_link,1,2026-02-25 01:55:00,failed,0.0
A00014837,P014837,retry,1,2026-02-28 16:30:00,success,1428.42
A00014838,P014838,stop,1,2026-04-20 12:18:00,failed,0.0
A00014839,P014839,stop,1,2026-02-21 20:10:00,failed,0.0
A00014840,P014840,payment_link,1,2026-02-27 12:46:00,success,6315.48
A00014841,P014841,retry,1,2026-02-24 18:37:00,failed,0.0
A00014842,P014842,stop,1,2026-05-17 16:25:00,failed,0.0
A00014843,P014843,payment_link,1,2026-01-24 12:42:00,success,1820.97
A00014844,P014844,payment_link,1,2026-05-15 00:45:00,success,4928.14
A00014845,P014845,stop,1,2026-02-12 02:28:00,failed,0.0
A00014846,P014846,payment_link,1,2026-01-09 19:17:00,success,2276.55
A00014847,P014847,stop,1,2026-03-21 09:19:00,failed,0.0
A00014848,P014848,message,1,2026-02-02 19:20:00,failed,0.0
A00014849,P014849,message,1,2026-03-19 08:04:00,failed,0.0
A00014850,P014850,stop,1,2026-01-21 07:05:00,failed,0.0
A00014851,P014851,message,1,2026-02-12 00:27:00,failed,0.0
A00014852,P014852,stop,1,2026-05-29 21:37:00,failed,0.0
A00014853,P014853,retry,1,2026-04-06 10:13:00,success,6941.81
A00014854,P014854,stop,1,2026-01-21 01:20:00,success,2342.07
A00014855,P014855,retry,1,2026-06-06 08:46:00,failed,0.0
A00014856,P014856,escalate,1,2026-05-01 19:00:00,success,401.21
A00014857,P014857,stop,1,2026-03-19 15:31:00,failed,0.0
A00014858,P014858,stop,1,2026-04-09 07:29:00,failed,0.0
A00014859,P014859,payment_link,1,2026-01-23 23:37:00,success,1402.28
A00014860,P014860,payment_link,1,2026-02-07 15:59:00,failed,0.0
A00014861,P014861,payment_link,1,2026-06-07 00:00:00,success,1625.45
A00014862,P014862,retry,1,2026-04-04 11:13:00,success,4852.78
A00014863,P014863,escalate,1,2026-06-13 15:47:00,failed,0.0
A00014864,P014864,stop,1,2026-02-26 18:14:00,failed,0.0
A00014865,P014865,payment_link,1,2026-02-06 14:25:00,success,1832.7
A00014866,P014866,escalate,1,2026-04-26 00:25:00,success,900.47
A00014867,P014867,escalate,1,2026-04-11 19:34:00,failed,0.0
A00014868,P014868,stop,1,2026-06-04 04:20:00,failed,0.0
A00014869,P014869,payment_link,1,2026-02-09 10:07:00,success,34146.33
A00014870,P014870,retry,1,2026-03-30 18:26:00,success,758.57
A00014871,P014871,message,1,2026-06-19 12:08:00,success,929.56
A00014872,P014872,stop,1,2026-01-18 04:43:00,failed,0.0
A00014873,P014873,message,1,2026-06-28 05:44:00,success,5788.92
A00014874,P014874,payment_link,1,2026-04-25 00:41:00,failed,0.0
A00014875,P014875,stop,1,2026-04-09 06:40:00,failed,0.0
A00014876,P014876,retry,1,2026-06-29 00:06:00,success,1329.81
A00014877,P014877,escalate,1,2026-05-07 20:49:00,success,3086.3
A00014878,P014878,stop,1,2026-03-20 05:39:00,failed,0.0
A00014879,P014879,message,1,2026-05-20 04:22:00,failed,0.0
A00014880,P014880,retry,1,2026-05-26 14:05:00,failed,0.0
A00014881,P014881,payment_link,1,2026-05-01 20:55:00,failed,0.0
A00014882,P014882,message,1,2026-06-15 03:59:00,success,6501.19
A00014883,P014883,retry,1,2026-01-26 02:55:00,failed,0.0
A00014884,P014884,escalate,1,2026-05-07 18:43:00,success,9440.62
A00014885,P014885,payment_link,1,2026-01-26 10:25:00,success,938.89
A00014886,P014886,stop,1,2026-04-28 12:56:00,failed,0.0
A00014887,P014887,escalate,1,2026-02-11 21:20:00,failed,0.0
A00014888,P014888,message,1,2026-01-04 12:14:00,success,15654.53
A00014889,P014889,payment_link,1,2026-05-05 01:18:00,success,3117.64
A00014890,P014890,escalate,1,2026-01-24 23:08:00,failed,0.0
A00014891,P014891,message,1,2026-06-07 06:18:00,failed,0.0
A00014892,P014892,escalate,1,2026-05-03 05:40:00,success,1263.08
A00014893,P014893,escalate,1,2026-03-31 20:40:00,success,3983.8
A00014894,P014894,escalate,1,2026-02-25 20:11:00,success,473.88
A00014895,P014895,payment_link,1,2026-03-07 07:06:00,success,1666.3
A00014896,P014896,escalate,1,2026-03-11 08:16:00,success,2567.24
A00014897,P014897,payment_link,1,2026-02-05 21:43:00,failed,0.0
A00014898,P014898,escalate,1,2026-05-06 06:12:00,failed,0.0
A00014899,P014899,escalate,1,2026-06-14 17:23:00,success,2436.74
A00014900,P014900,stop,1,2026-02-27 22:33:00,failed,0.0
A00014901,P014901,payment_link,1,2026-05-12 17:05:00,success,2831.0
A00014902,P014902,retry,1,2026-03-06 20:01:00,failed,0.0
A00014903,P014903,escalate,1,2026-02-10 23:45:00,failed,0.0
A00014904,P014904,stop,1,2026-01-02 17:06:00,success,1436.06
A00014905,P014905,retry,1,2026-06-07 14:20:00,success,2383.52
A00014906,P014906,stop,1,2026-01-18 21:11:00,failed,0.0
A00014907,P014907,payment_link,1,2026-02-22 03:27:00,failed,0.0
A00014908,P014908,payment_link,1,2026-04-18 08:17:00,failed,0.0
A00014909,P014909,retry,1,2026-04-17 02:22:00,success,2560.38
A00014910,P014910,stop,1,2026-04-18 22:49:00,failed,0.0
A00014911,P014911,escalate,1,2026-05-23 08:24:00,failed,0.0
A00014912,P014912,payment_link,1,2026-03-20 21:25:00,failed,0.0
A00014913,P014913,stop,1,2026-02-01 08:50:00,success,3490.28
A00014914,P014914,stop,1,2026-02-27 00:59:00,failed,0.0
A00014915,P014915,escalate,1,2026-06-23 23:53:00,failed,0.0
A00014916,P014916,escalate,1,2026-01-03 11:57:00,failed,0.0
A00014917,P014917,retry,1,2026-02-23 18:33:00,success,1398.75
A00014918,P014918,message,1,2026-01-31 06:44:00,failed,0.0
A00014919,P014919,escalate,1,2026-06-08 04:43:00,success,2521.95
A00014920,P014920,retry,1,2026-05-07 23:35:00,failed,0.0
A00014921,P014921,retry,1,2026-01-17 16:25:00,success,1178.98
A00014922,P014922,payment_link,1,2026-01-07 10:53:00,success,1570.04
A00014923,P014923,message,1,2026-06-01 23:09:00,success,4418.67
A00014924,P014924,message,1,2026-05-18 20:33:00,success,6717.49
A00014925,P014925,payment_link,1,2026-04-01 23:08:00,failed,0.0
A00014926,P014926,escalate,1,2026-02-23 23:37:00,failed,0.0
A00014927,P014927,retry,1,2026-01-07 18:51:00,failed,0.0
A00014928,P014928,message,1,2026-04-19 03:48:00,success,6596.01
A00014929,P014929,stop,1,2026-05-22 06:15:00,failed,0.0
A00014930,P014930,message,1,2026-03-15 14:58:00,failed,0.0
A00014931,P014931,stop,1,2026-05-25 22:48:00,failed,0.0
A00014932,P014932,escalate,1,2026-06-07 12:36:00,success,3469.15
A00014933,P014933,escalate,1,2026-01-15 21:20:00,failed,0.0
A00014934,P014934,payment_link,1,2026-06-03 12:08:00,success,8026.97
A00014935,P014935,stop,1,2026-01-28 03:20:00,failed,0.0
A00014936,P014936,escalate,1,2026-03-13 14:31:00,failed,0.0
A00014937,P014937,payment_link,1,2026-03-09 19:02:00,failed,0.0
A00014938,P014938,payment_link,1,2026-05-10 09:37:00,success,4067.85
A00014939,P014939,escalate,1,2026-02-04 04:12:00,success,3423.08
A00014940,P014940,retry,1,2026-04-28 13:34:00,failed,0.0
A00014941,P014941,message,1,2026-03-26 17:03:00,failed,0.0
A00014942,P014942,escalate,1,2026-04-22 18:06:00,success,2489.23
A00014943,P014943,escalate,1,2026-02-14 22:18:00,failed,0.0
A00014944,P014944,stop,1,2026-01-05 23:34:00,failed,0.0
A00014945,P014945,escalate,1,2026-04-12 15:16:00,success,3126.83
A00014946,P014946,escalate,1,2026-01-27 04:13:00,failed,0.0
A00014947,P014947,stop,1,2026-05-12 02:21:00,failed,0.0
A00014948,P014948,message,1,2026-06-21 18:35:00,success,1793.23
A00014949,P014949,message,1,2026-02-23 08:21:00,success,2649.51
A00014950,P014950,stop,1,2026-03-04 10:20:00,failed,0.0
A00014951,P014951,retry,1,2026-06-07 18:41:00,success,1370.93
A00014952,P014952,escalate,1,2026-02-02 13:07:00,failed,0.0
A00014953,P014953,escalate,1,2026-03-11 00:47:00,success,1077.79
A00014954,P014954,escalate,1,2026-06-24 16:01:00,failed,0.0
A00014955,P014955,escalate,1,2026-03-15 06:52:00,success,3368.69
A00014956,P014956,retry,1,2026-03-27 22:57:00,failed,0.0
A00014957,P014957,payment_link,1,2026-05-26 15:35:00,failed,0.0
A00014958,P014958,payment_link,1,2026-06-15 16:40:00,success,923.82
A00014959,P014959,payment_link,1,2026-05-29 16:09:00,failed,0.0
A00014960,P014960,payment_link,1,2026-06-16 13:22:00,failed,0.0
A00014961,P014961,payment_link,1,2026-05-13 22:38:00,failed,0.0
A00014962,P014962,stop,1,2026-01-26 02:18:00,failed,0.0
A00014963,P014963,payment_link,1,2026-01-04 03:34:00,success,1092.74
A00014964,P014964,retry,1,2026-06-25 02:39:00,failed,0.0
A00014965,P014965,stop,1,2026-04-21 00:31:00,failed,0.0
A00014966,P014966,escalate,1,2026-06-12 06:51:00,success,3450.67
A00014967,P014967,stop,1,2026-03-29 11:32:00,failed,0.0
A00014968,P014968,message,1,2026-06-05 14:56:00,failed,0.0
A00014969,P014969,message,1,2026-02-27 13:25:00,failed,0.0
A00014970,P014970,escalate,1,2026-01-26 19:02:00,failed,0.0
A00014971,P014971,payment_link,1,2026-02-27 00:41:00,failed,0.0
A00014972,P014972,payment_link,1,2026-04-02 20:57:00,success,645.55
A00014973,P014973,retry,1,2026-02-09 05:01:00,success,3780.47
A00014974,P014974,retry,1,2026-06-05 18:05:00,success,1601.29
A00014975,P014975,message,1,2026-01-09 12:23:00,failed,0.0
A00014976,P014976,escalate,1,2026-03-28 09:59:00,success,847.9
A00014977,P014977,message,1,2026-05-12 03:49:00,failed,0.0
A00014978,P014978,escalate,1,2026-05-25 15:54:00,success,1310.13
A00014979,P014979,message,1,2026-06-01 11:20:00,success,2213.14
A00014980,P014980,message,1,2026-01-13 09:18:00,failed,0.0
A00014981,P014981,message,1,2026-06-04 23:02:00,success,4869.07
A00014982,P014982,payment_link,1,2026-02-06 09:57:00,failed,0.0
A00014983,P014983,stop,1,2026-01-15 00:40:00,failed,0.0
A00014984,P014984,escalate,1,2026-01-10 03:37:00,failed,0.0
A00014985,P014985,message,1,2026-01-31 20:24:00,failed,0.0
A00014986,P014986,payment_link,1,2026-05-10 22:40:00,failed,0.0
A00014987,P014987,payment_link,1,2026-03-14 22:56:00,failed,0.0
A00014988,P014988,escalate,1,2026-03-01 11:57:00,failed,0.0
A00014989,P014989,stop,1,2026-05-21 18:49:00,failed,0.0
A00014990,P014990,stop,1,2026-04-20 23:16:00,success,3739.99
A00014991,P014991,retry,1,2026-01-23 06:36:00,success,3722.13
A00014992,P014992,retry,1,2026-01-22 19:19:00,failed,0.0
A00014993,P014993,escalate,1,2026-05-22 19:34:00,success,5274.4
A00014994,P014994,payment_link,1,2026-05-29 12:12:00,success,599.49
A00014995,P014995,payment_link,1,2026-05-07 08:30:00,success,3035.53
A00014996,P014996,payment_link,1,2026-06-23 05:23:00,failed,0.0
A00014997,P014997,payment_link,1,2026-03-30 07:56:00,success,942.51
A00014998,P014998,message,1,2026-02-26 22:56:00,success,2700.93
A00014999,P014999,retry,1,2026-06-01 12:29:00,failed,0.0
A00015000,P015000,message,1,2026-06-02 21:16:00,success,8625.05
